transaction_id,account_id,merchant_id,merchant_name,merchant_category,amount,payment_method,timestamp,transaction_status,hour_of_day,minutes_since_previous
TXN000001,ACC0001,M004,HomeNest,Furniture,7813,Wallet,2026-09-03 11:37:30,SUCCESS,11,
TXN000002,ACC0001,M002,StyleHub,Fashion,1721,Card,2026-09-05 11:37:30,SUCCESS,11,2880.0
TXN000003,ACC0001,M005,FitFuel,Health,1533,UPI,2026-10-01 11:37:30,SUCCESS,11,37440.0
TXN000004,ACC0001,M005,FitFuel,Health,1766,UPI,2026-10-06 11:37:30,SUCCESS,11,7200.0
TXN000005,ACC0001,M003,FreshMart,Grocery,1226,UPI,2026-10-25 11:37:30,SUCCESS,11,27360.0
TXN000006,ACC0001,M005,FitFuel,Health,579,Card,2026-09-23 11:37:30,SUCCESS,11,-46080.0
TXN000007,ACC0001,M004,HomeNest,Furniture,6448,UPI,2026-09-27 11:37:30,SUCCESS,11,5760.0
TXN000008,ACC0002,M002,StyleHub,Fashion,1759,UPI,2026-07-21 11:37:30,SUCCESS,11,
TXN000009,ACC0002,M002,StyleHub,Fashion,2345,Wallet,2026-07-27 11:37:30,SUCCESS,11,8640.0
TXN000010,ACC0002,M001,TechKart,Electronics,1739,Card,2026-08-20 11:37:30,SUCCESS,11,34560.0
TXN000011,ACC0002,M002,StyleHub,Fashion,1398,Wallet,2026-08-17 11:37:30,SUCCESS,11,-4320.0
TXN000012,ACC0003,M001,TechKart,Electronics,3961,UPI,2026-07-17 11:37:30,SUCCESS,11,
TXN000013,ACC0003,M003,FreshMart,Grocery,200,Wallet,2026-07-30 11:37:30,SUCCESS,11,18720.0
TXN000014,ACC0003,M003,FreshMart,Grocery,1203,NetBanking,2026-08-16 11:37:30,SUCCESS,11,24480.0
TXN000015,ACC0003,M004,HomeNest,Furniture,2359,UPI,2026-08-13 11:37:30,SUCCESS,11,-4320.0
TXN000016,ACC0003,M002,StyleHub,Fashion,1712,UPI,2026-09-03 11:37:30,SUCCESS,11,30240.0
TXN000017,ACC0003,M002,StyleHub,Fashion,430,Card,2026-08-01 11:37:30,SUCCESS,11,-47520.0
TXN000018,ACC0003,M002,StyleHub,Fashion,2137,NetBanking,2026-08-16 11:37:30,SUCCESS,11,21600.0
TXN000019,ACC0003,M005,FitFuel,Health,2082,Card,2026-08-21 11:37:30,SUCCESS,11,7200.0
TXN000020,ACC0004,M001,TechKart,Electronics,4561,Card,2026-06-08 11:37:30,SUCCESS,11,
TXN000021,ACC0004,M001,TechKart,Electronics,1400,UPI,2026-06-10 11:37:30,SUCCESS,11,2880.0
TXN000022,ACC0004,M003,FreshMart,Grocery,1292,UPI,2026-07-06 11:37:30,SUCCESS,11,37440.0
TXN000023,ACC0004,M002,StyleHub,Fashion,1459,UPI,2026-07-23 11:37:30,SUCCESS,11,24480.0
TXN000024,ACC0005,M004,HomeNest,Furniture,4591,UPI,2026-06-15 11:37:30,SUCCESS,11,
TXN000025,ACC0005,M001,TechKart,Electronics,848,Card,2026-06-27 11:37:30,SUCCESS,11,17280.0
TXN000026,ACC0005,M001,TechKart,Electronics,1172,Card,2026-07-07 11:37:30,SUCCESS,11,14400.0
TXN000027,ACC0005,M003,FreshMart,Grocery,1179,UPI,2026-06-24 11:37:30,SUCCESS,11,-18720.0
TXN000028,ACC0005,M003,FreshMart,Grocery,1392,UPI,2026-08-10 11:37:30,SUCCESS,11,67680.0
TXN000029,ACC0005,M004,HomeNest,Furniture,5124,UPI,2026-08-24 11:37:30,SUCCESS,11,20160.0
TXN000030,ACC0005,M001,TechKart,Electronics,4682,UPI,2026-08-26 11:37:30,SUCCESS,11,2880.0
TXN000031,ACC0005,M002,StyleHub,Fashion,2001,Card,2026-07-20 11:37:30,SUCCESS,11,-53280.0
TXN000032,ACC0005,M005,FitFuel,Health,1508,Wallet,2026-10-13 11:37:30,SUCCESS,11,122400.0
TXN000033,ACC0005,M003,FreshMart,Grocery,1476,UPI,2026-07-21 11:37:30,SUCCESS,11,-120960.0
TXN000034,ACC0006,M005,FitFuel,Health,879,UPI,2026-06-25 11:37:30,SUCCESS,11,
TXN000035,ACC0006,M005,FitFuel,Health,1914,UPI,2026-06-27 11:37:30,SUCCESS,11,2880.0
TXN000036,ACC0006,M003,FreshMart,Grocery,580,Card,2026-07-01 11:37:30,SUCCESS,11,5760.0
TXN000037,ACC0007,M005,FitFuel,Health,883,UPI,2026-08-07 11:37:30,SUCCESS,11,
TXN000038,ACC0007,M005,FitFuel,Health,1335,UPI,2026-08-12 11:37:30,SUCCESS,11,7200.0
TXN000039,ACC0007,M005,FitFuel,Health,522,NetBanking,2026-08-15 11:37:30,SUCCESS,11,4320.0
TXN000040,ACC0007,M004,HomeNest,Furniture,7281,UPI,2026-09-06 11:37:30,SUCCESS,11,31680.0
TXN000041,ACC0007,M001,TechKart,Electronics,2853,UPI,2026-08-31 11:37:30,SUCCESS,11,-8640.0
TXN000042,ACC0007,M005,FitFuel,Health,2295,Wallet,2026-10-11 11:37:30,SUCCESS,11,59040.0
TXN000043,ACC0007,M002,StyleHub,Fashion,1360,UPI,2026-09-18 11:37:30,SUCCESS,11,-33120.0
TXN000044,ACC0007,M001,TechKart,Electronics,2385,UPI,2026-10-23 11:37:30,SUCCESS,11,50400.0
TXN000045,ACC0008,M003,FreshMart,Grocery,1346,UPI,2026-07-23 11:37:30,SUCCESS,11,
TXN000046,ACC0008,M003,FreshMart,Grocery,797,Wallet,2026-08-03 11:37:30,SUCCESS,11,15840.0
TXN000047,ACC0008,M001,TechKart,Electronics,3365,UPI,2026-07-31 11:37:30,SUCCESS,11,-4320.0
TXN000048,ACC0008,M004,HomeNest,Furniture,4266,NetBanking,2026-08-07 11:37:30,SUCCESS,11,10080.0
TXN000049,ACC0008,M003,FreshMart,Grocery,1132,UPI,2026-08-08 11:37:30,SUCCESS,11,1440.0
TXN000050,ACC0008,M003,FreshMart,Grocery,1147,Card,2026-08-27 11:37:30,SUCCESS,11,27360.0
TXN000051,ACC0008,M005,FitFuel,Health,635,NetBanking,2026-08-16 11:37:30,SUCCESS,11,-15840.0
TXN000052,ACC0008,M002,StyleHub,Fashion,1204,UPI,2026-11-05 11:37:30,SUCCESS,11,116640.0
TXN000053,ACC0008,M001,TechKart,Electronics,1417,NetBanking,2026-10-27 11:37:30,SUCCESS,11,-12960.0
TXN000054,ACC0008,M005,FitFuel,Health,427,NetBanking,2026-12-05 11:37:30,SUCCESS,11,56160.0
TXN000055,ACC0009,M001,TechKart,Electronics,2934,UPI,2026-06-20 11:37:30,SUCCESS,11,
TXN000056,ACC0009,M004,HomeNest,Furniture,7356,Card,2026-06-30 11:37:30,SUCCESS,11,14400.0
TXN000057,ACC0009,M004,HomeNest,Furniture,3829,NetBanking,2026-07-04 11:37:30,SUCCESS,11,5760.0
TXN000058,ACC0009,M003,FreshMart,Grocery,424,UPI,2026-07-23 11:37:30,SUCCESS,11,27360.0
TXN000059,ACC0009,M001,TechKart,Electronics,4050,UPI,2026-07-30 11:37:30,SUCCESS,11,10080.0
TXN000060,ACC0009,M002,StyleHub,Fashion,1079,Card,2026-06-30 11:37:30,SUCCESS,11,-43200.0
TXN000061,ACC0009,M004,HomeNest,Furniture,3304,UPI,2026-07-14 11:37:30,SUCCESS,11,20160.0
TXN000062,ACC0009,M002,StyleHub,Fashion,2380,Wallet,2026-09-05 11:37:30,SUCCESS,11,76320.0
TXN000063,ACC0009,M002,StyleHub,Fashion,2397,UPI,2026-07-06 11:37:30,SUCCESS,11,-87840.0
TXN000064,ACC0010,M001,TechKart,Electronics,2493,UPI,2026-07-18 11:37:30,SUCCESS,11,
TXN000065,ACC0010,M003,FreshMart,Grocery,944,UPI,2026-08-01 11:37:30,SUCCESS,11,20160.0
TXN000066,ACC0010,M001,TechKart,Electronics,1126,Wallet,2026-08-05 11:37:30,SUCCESS,11,5760.0
TXN000067,ACC0010,M001,TechKart,Electronics,3040,NetBanking,2026-08-08 11:37:30,SUCCESS,11,4320.0
TXN000068,ACC0010,M005,FitFuel,Health,1012,UPI,2026-08-11 11:37:30,SUCCESS,11,4320.0
TXN000069,ACC0010,M003,FreshMart,Grocery,1353,Card,2026-08-27 11:37:30,SUCCESS,11,23040.0
TXN000070,ACC0010,M001,TechKart,Electronics,2860,UPI,2026-10-16 11:37:30,SUCCESS,11,72000.0
TXN000071,ACC0011,M003,FreshMart,Grocery,856,UPI,2026-06-29 11:37:30,SUCCESS,11,
TXN000072,ACC0011,M005,FitFuel,Health,327,UPI,2026-07-08 11:37:30,SUCCESS,11,12960.0
TXN000073,ACC0011,M004,HomeNest,Furniture,3356,UPI,2026-07-07 11:37:30,SUCCESS,11,-1440.0
TXN000074,ACC0011,M003,FreshMart,Grocery,583,UPI,2026-07-29 11:37:30,SUCCESS,11,31680.0
TXN000075,ACC0011,M003,FreshMart,Grocery,1382,Card,2026-07-15 11:37:30,SUCCESS,11,-20160.0
TXN000076,ACC0011,M002,StyleHub,Fashion,2098,NetBanking,2026-07-14 11:37:30,SUCCESS,11,-1440.0
TXN000077,ACC0012,M004,HomeNest,Furniture,5924,UPI,2026-07-04 11:37:30,SUCCESS,11,
TXN000078,ACC0012,M004,HomeNest,Furniture,2183,UPI,2026-07-08 11:37:30,SUCCESS,11,5760.0
TXN000079,ACC0012,M005,FitFuel,Health,959,UPI,2026-07-12 11:37:30,SUCCESS,11,5760.0
TXN000080,ACC0012,M001,TechKart,Electronics,2003,UPI,2026-08-03 11:37:30,SUCCESS,11,31680.0
TXN000081,ACC0013,M004,HomeNest,Furniture,6909,Wallet,2026-08-11 11:37:30,SUCCESS,11,
TXN000082,ACC0013,M001,TechKart,Electronics,3122,Wallet,2026-08-23 11:37:30,SUCCESS,11,17280.0
TXN000083,ACC0013,M004,HomeNest,Furniture,6968,Wallet,2026-08-21 11:37:30,SUCCESS,11,-2880.0
TXN000084,ACC0013,M004,HomeNest,Furniture,3397,UPI,2026-09-25 11:37:30,SUCCESS,11,50400.0
TXN000085,ACC0013,M005,FitFuel,Health,884,Card,2026-09-12 11:37:30,SUCCESS,11,-18720.0
TXN000086,ACC0013,M002,StyleHub,Fashion,2492,UPI,2026-10-25 11:37:30,SUCCESS,11,61920.0
TXN000087,ACC0013,M003,FreshMart,Grocery,1078,Card,2026-10-28 11:37:30,SUCCESS,11,4320.0
TXN000088,ACC0014,M004,HomeNest,Furniture,3083,UPI,2026-08-05 11:37:30,SUCCESS,11,
TXN000089,ACC0014,M005,FitFuel,Health,2365,Card,2026-08-10 11:37:30,SUCCESS,11,7200.0
TXN000090,ACC0014,M002,StyleHub,Fashion,794,UPI,2026-09-04 11:37:30,SUCCESS,11,36000.0
TXN000091,ACC0014,M005,FitFuel,Health,459,NetBanking,2026-09-07 11:37:30,SUCCESS,11,4320.0
TXN000092,ACC0015,M002,StyleHub,Fashion,404,NetBanking,2026-08-23 11:37:30,SUCCESS,11,
TXN000093,ACC0015,M004,HomeNest,Furniture,6276,UPI,2026-09-06 11:37:30,SUCCESS,11,20160.0
TXN000094,ACC0015,M001,TechKart,Electronics,4314,UPI,2026-09-22 11:37:30,SUCCESS,11,23040.0
TXN000095,ACC0015,M004,HomeNest,Furniture,8468,Card,2026-10-04 11:37:30,SUCCESS,11,17280.0
TXN000096,ACC0016,M005,FitFuel,Health,700,UPI,2026-06-20 11:37:30,SUCCESS,11,
TXN000097,ACC0016,M004,HomeNest,Furniture,8273,UPI,2026-06-26 11:37:30,SUCCESS,11,8640.0
TXN000098,ACC0016,M001,TechKart,Electronics,3120,Card,2026-07-20 11:37:30,SUCCESS,11,34560.0
TXN000099,ACC0016,M004,HomeNest,Furniture,4111,UPI,2026-07-20 11:37:30,SUCCESS,11,0.0
TXN000100,ACC0016,M001,TechKart,Electronics,1765,UPI,2026-08-11 11:37:30,SUCCESS,11,31680.0
TXN000101,ACC0016,M002,StyleHub,Fashion,1693,UPI,2026-07-30 11:37:30,SUCCESS,11,-17280.0
TXN000102,ACC0016,M002,StyleHub,Fashion,2145,Card,2026-07-08 11:37:30,SUCCESS,11,-31680.0
TXN000103,ACC0016,M003,FreshMart,Grocery,1247,UPI,2026-08-01 11:37:30,SUCCESS,11,34560.0
TXN000104,ACC0017,M004,HomeNest,Furniture,8184,UPI,2026-06-17 11:37:30,SUCCESS,11,
TXN000105,ACC0017,M005,FitFuel,Health,2276,UPI,2026-06-27 11:37:30,SUCCESS,11,14400.0
TXN000106,ACC0017,M005,FitFuel,Health,2281,UPI,2026-07-07 11:37:30,SUCCESS,11,14400.0
TXN000107,ACC0017,M005,FitFuel,Health,1710,Card,2026-07-05 11:37:30,SUCCESS,11,-2880.0
TXN000108,ACC0017,M002,StyleHub,Fashion,887,Card,2026-07-19 11:37:30,SUCCESS,11,20160.0
TXN000109,ACC0017,M002,StyleHub,Fashion,810,UPI,2026-08-01 11:37:30,SUCCESS,11,18720.0
TXN000110,ACC0017,M003,FreshMart,Grocery,1277,Card,2026-08-04 11:37:30,SUCCESS,11,4320.0
TXN000111,ACC0017,M001,TechKart,Electronics,2116,UPI,2026-09-09 11:37:30,SUCCESS,11,51840.0
TXN000112,ACC0018,M002,StyleHub,Fashion,2331,Wallet,2026-08-23 11:37:30,SUCCESS,11,
TXN000113,ACC0018,M001,TechKart,Electronics,1324,UPI,2026-08-31 11:37:30,SUCCESS,11,11520.0
TXN000114,ACC0018,M001,TechKart,Electronics,1109,Card,2026-09-06 11:37:30,SUCCESS,11,8640.0
TXN000115,ACC0019,M005,FitFuel,Health,1473,Card,2026-06-17 11:37:30,SUCCESS,11,
TXN000116,ACC0019,M001,TechKart,Electronics,2235,Card,2026-06-28 11:37:30,SUCCESS,11,15840.0
TXN000117,ACC0019,M001,TechKart,Electronics,2452,NetBanking,2026-07-05 11:37:30,SUCCESS,11,10080.0
TXN000118,ACC0019,M005,FitFuel,Health,1471,UPI,2026-07-29 11:37:30,SUCCESS,11,34560.0
TXN000119,ACC0019,M005,FitFuel,Health,2391,UPI,2026-08-12 11:37:30,SUCCESS,11,20160.0
TXN000120,ACC0019,M005,FitFuel,Health,994,Card,2026-07-12 11:37:30,SUCCESS,11,-44640.0
TXN000121,ACC0019,M002,StyleHub,Fashion,401,Wallet,2026-07-29 11:37:30,SUCCESS,11,24480.0
TXN000122,ACC0019,M003,FreshMart,Grocery,968,UPI,2026-07-08 11:37:30,SUCCESS,11,-30240.0
TXN000123,ACC0019,M004,HomeNest,Furniture,6801,UPI,2026-08-20 11:37:30,SUCCESS,11,61920.0
TXN000124,ACC0020,M005,FitFuel,Health,1465,Card,2026-08-26 11:37:30,SUCCESS,11,
TXN000125,ACC0020,M005,FitFuel,Health,1725,UPI,2026-09-05 11:37:30,SUCCESS,11,14400.0
TXN000126,ACC0020,M003,FreshMart,Grocery,613,Card,2026-09-25 11:37:30,SUCCESS,11,28800.0
TXN000127,ACC0021,M005,FitFuel,Health,319,UPI,2026-07-07 11:37:30,SUCCESS,11,
TXN000128,ACC0021,M005,FitFuel,Health,736,Card,2026-07-15 11:37:30,SUCCESS,11,11520.0
TXN000129,ACC0021,M003,FreshMart,Grocery,846,Wallet,2026-07-27 11:37:30,SUCCESS,11,17280.0
TXN000130,ACC0021,M005,FitFuel,Health,1355,NetBanking,2026-08-18 11:37:30,SUCCESS,11,31680.0
TXN000131,ACC0021,M005,FitFuel,Health,1324,Card,2026-09-05 11:37:30,SUCCESS,11,25920.0
TXN000132,ACC0021,M005,FitFuel,Health,2280,Card,2026-08-16 11:37:30,SUCCESS,11,-28800.0
TXN000133,ACC0022,M004,HomeNest,Furniture,9344,Card,2026-07-07 11:37:30,SUCCESS,11,
TXN000134,ACC0022,M004,HomeNest,Furniture,2952,UPI,2026-07-09 11:37:30,SUCCESS,11,2880.0
TXN000135,ACC0022,M002,StyleHub,Fashion,1341,NetBanking,2026-07-23 11:37:30,SUCCESS,11,20160.0
TXN000136,ACC0022,M003,FreshMart,Grocery,1207,UPI,2026-07-31 11:37:30,SUCCESS,11,11520.0
TXN000137,ACC0022,M003,FreshMart,Grocery,658,UPI,2026-08-28 11:37:30,SUCCESS,11,40320.0
TXN000138,ACC0022,M003,FreshMart,Grocery,305,Card,2026-08-16 11:37:30,SUCCESS,11,-17280.0
TXN000139,ACC0022,M004,HomeNest,Furniture,4571,UPI,2026-07-31 11:37:30,SUCCESS,11,-23040.0
TXN000140,ACC0022,M003,FreshMart,Grocery,524,Wallet,2026-09-22 11:37:30,SUCCESS,11,76320.0
TXN000141,ACC0023,M002,StyleHub,Fashion,1361,Card,2026-07-02 11:37:30,SUCCESS,11,
TXN000142,ACC0023,M003,FreshMart,Grocery,573,UPI,2026-07-17 11:37:30,SUCCESS,11,21600.0
TXN000143,ACC0023,M002,StyleHub,Fashion,1858,UPI,2026-08-01 11:37:30,SUCCESS,11,21600.0
TXN000144,ACC0023,M001,TechKart,Electronics,1442,Card,2026-07-11 11:37:30,SUCCESS,11,-30240.0
TXN000145,ACC0023,M004,HomeNest,Furniture,7028,UPI,2026-08-19 11:37:30,SUCCESS,11,56160.0
TXN000146,ACC0023,M005,FitFuel,Health,473,NetBanking,2026-09-15 11:37:30,SUCCESS,11,38880.0
TXN000147,ACC0024,M004,HomeNest,Furniture,9357,Wallet,2026-06-16 11:37:30,SUCCESS,11,
TXN000148,ACC0024,M003,FreshMart,Grocery,1155,UPI,2026-06-27 11:37:30,SUCCESS,11,15840.0
TXN000149,ACC0024,M005,FitFuel,Health,1447,UPI,2026-07-14 11:37:30,SUCCESS,11,24480.0
TXN000150,ACC0024,M005,FitFuel,Health,825,UPI,2026-07-28 11:37:30,SUCCESS,11,20160.0
TXN000151,ACC0024,M004,HomeNest,Furniture,5918,Wallet,2026-08-11 11:37:30,SUCCESS,11,20160.0
TXN000152,ACC0024,M005,FitFuel,Health,1722,UPI,2026-06-26 11:37:30,SUCCESS,11,-66240.0
TXN000153,ACC0024,M002,StyleHub,Fashion,2272,Wallet,2026-08-27 11:37:30,SUCCESS,11,89280.0
TXN000154,ACC0024,M005,FitFuel,Health,2184,UPI,2026-09-15 11:37:30,SUCCESS,11,27360.0
TXN000155,ACC0025,M002,StyleHub,Fashion,1954,Card,2026-09-02 11:37:30,SUCCESS,11,
TXN000156,ACC0025,M003,FreshMart,Grocery,1404,NetBanking,2026-09-09 11:37:30,SUCCESS,11,10080.0
TXN000157,ACC0025,M005,FitFuel,Health,1376,UPI,2026-09-10 11:37:30,SUCCESS,11,1440.0
TXN000158,ACC0026,M003,FreshMart,Grocery,526,UPI,2026-06-17 11:37:30,SUCCESS,11,
TXN000159,ACC0026,M004,HomeNest,Furniture,7740,Card,2026-06-22 11:37:30,SUCCESS,11,7200.0
TXN000160,ACC0026,M004,HomeNest,Furniture,4290,UPI,2026-07-01 11:37:30,SUCCESS,11,12960.0
TXN000161,ACC0026,M002,StyleHub,Fashion,1336,NetBanking,2026-07-20 11:37:30,SUCCESS,11,27360.0
TXN000162,ACC0026,M003,FreshMart,Grocery,632,Card,2026-08-08 11:37:30,SUCCESS,11,27360.0
TXN000163,ACC0026,M004,HomeNest,Furniture,3606,UPI,2026-08-31 11:37:30,SUCCESS,11,33120.0
TXN000164,ACC0026,M002,StyleHub,Fashion,2337,NetBanking,2026-09-03 11:37:30,SUCCESS,11,4320.0
TXN000165,ACC0026,M004,HomeNest,Furniture,6092,UPI,2026-07-15 11:37:30,SUCCESS,11,-72000.0
TXN000166,ACC0026,M005,FitFuel,Health,2487,Card,2026-10-15 11:37:30,SUCCESS,11,132480.0
TXN000167,ACC0026,M004,HomeNest,Furniture,4457,UPI,2026-10-21 11:37:30,SUCCESS,11,8640.0
TXN000168,ACC0027,M002,StyleHub,Fashion,645,UPI,2026-07-15 11:37:30,SUCCESS,11,
TXN000169,ACC0027,M004,HomeNest,Furniture,8872,Card,2026-07-21 11:37:30,SUCCESS,11,8640.0
TXN000170,ACC0027,M003,FreshMart,Grocery,682,UPI,2026-08-02 11:37:30,SUCCESS,11,17280.0
TXN000171,ACC0028,M004,HomeNest,Furniture,2993,UPI,2026-07-21 11:37:30,SUCCESS,11,
TXN000172,ACC0028,M005,FitFuel,Health,1114,Card,2026-08-02 11:37:30,SUCCESS,11,17280.0
TXN000173,ACC0028,M005,FitFuel,Health,1014,Wallet,2026-08-14 11:37:30,SUCCESS,11,17280.0
TXN000174,ACC0028,M003,FreshMart,Grocery,815,Card,2026-08-08 11:37:30,SUCCESS,11,-8640.0
TXN000175,ACC0028,M004,HomeNest,Furniture,9287,UPI,2026-08-26 11:37:30,SUCCESS,11,25920.0
TXN000176,ACC0028,M003,FreshMart,Grocery,1099,Card,2026-09-14 11:37:30,SUCCESS,11,27360.0
TXN000177,ACC0028,M002,StyleHub,Fashion,1781,UPI,2026-08-14 11:37:30,SUCCESS,11,-44640.0
TXN000178,ACC0029,M002,StyleHub,Fashion,1807,UPI,2026-08-25 11:37:30,SUCCESS,11,
TXN000179,ACC0029,M003,FreshMart,Grocery,697,Card,2026-09-01 11:37:30,SUCCESS,11,10080.0
TXN000180,ACC0029,M003,FreshMart,Grocery,1061,Card,2026-09-10 11:37:30,SUCCESS,11,12960.0
TXN000181,ACC0029,M005,FitFuel,Health,2433,Wallet,2026-09-15 11:37:30,SUCCESS,11,7200.0
TXN000182,ACC0029,M002,StyleHub,Fashion,1153,NetBanking,2026-09-26 11:37:30,SUCCESS,11,15840.0
TXN000183,ACC0029,M002,StyleHub,Fashion,1430,Wallet,2026-09-14 11:37:30,SUCCESS,11,-17280.0
TXN000184,ACC0029,M001,TechKart,Electronics,2525,UPI,2026-11-11 11:37:30,SUCCESS,11,83520.0
TXN000185,ACC0029,M001,TechKart,Electronics,1322,Wallet,2026-09-15 11:37:30,SUCCESS,11,-82080.0
TXN000186,ACC0029,M005,FitFuel,Health,520,UPI,2026-11-05 11:37:30,SUCCESS,11,73440.0
TXN000187,ACC0030,M001,TechKart,Electronics,1651,UPI,2026-06-28 11:37:30,SUCCESS,11,
TXN000188,ACC0030,M001,TechKart,Electronics,3993,UPI,2026-07-02 11:37:30,SUCCESS,11,5760.0
TXN000189,ACC0030,M003,FreshMart,Grocery,1057,Card,2026-07-08 11:37:30,SUCCESS,11,8640.0
TXN000190,ACC0030,M005,FitFuel,Health,998,UPI,2026-07-10 11:37:30,SUCCESS,11,2880.0
TXN000191,ACC0030,M003,FreshMart,Grocery,816,NetBanking,2026-08-15 11:37:30,SUCCESS,11,51840.0
TXN000192,ACC0030,M005,FitFuel,Health,1415,UPI,2026-08-12 11:37:30,SUCCESS,11,-4320.0
TXN000193,ACC0030,M005,FitFuel,Health,1025,Card,2026-07-22 11:37:30,SUCCESS,11,-30240.0
TXN000194,ACC0030,M005,FitFuel,Health,2081,UPI,2026-08-30 11:37:30,SUCCESS,11,56160.0
TXN000195,ACC0030,M005,FitFuel,Health,1568,Wallet,2026-10-02 11:37:30,SUCCESS,11,47520.0
TXN000196,ACC0031,M001,TechKart,Electronics,4419,UPI,2026-06-26 11:37:30,SUCCESS,11,
TXN000197,ACC0031,M003,FreshMart,Grocery,468,UPI,2026-07-04 11:37:30,SUCCESS,11,11520.0
TXN000198,ACC0031,M005,FitFuel,Health,858,UPI,2026-06-30 11:37:30,SUCCESS,11,-5760.0
TXN000199,ACC0031,M005,FitFuel,Health,334,Card,2026-07-23 11:37:30,SUCCESS,11,33120.0
TXN000200,ACC0031,M004,HomeNest,Furniture,4454,UPI,2026-08-01 11:37:30,SUCCESS,11,12960.0
TXN000201,ACC0031,M003,FreshMart,Grocery,1372,UPI,2026-08-05 11:37:30,SUCCESS,11,5760.0
TXN000202,ACC0031,M005,FitFuel,Health,1830,UPI,2026-07-08 11:37:30,SUCCESS,11,-40320.0
TXN000203,ACC0031,M004,HomeNest,Furniture,5233,UPI,2026-09-04 11:37:30,SUCCESS,11,83520.0
TXN000204,ACC0031,M004,HomeNest,Furniture,8786,UPI,2026-10-08 11:37:30,SUCCESS,11,48960.0
TXN000205,ACC0031,M001,TechKart,Electronics,4258,Card,2026-08-19 11:37:30,SUCCESS,11,-72000.0
TXN000206,ACC0032,M005,FitFuel,Health,1401,UPI,2026-07-29 11:37:30,SUCCESS,11,
TXN000207,ACC0032,M001,TechKart,Electronics,2294,UPI,2026-08-13 11:37:30,SUCCESS,11,21600.0
TXN000208,ACC0032,M004,HomeNest,Furniture,7060,UPI,2026-08-04 11:37:30,SUCCESS,11,-12960.0
TXN000209,ACC0032,M005,FitFuel,Health,2315,UPI,2026-09-06 11:37:30,SUCCESS,11,47520.0
TXN000210,ACC0032,M002,StyleHub,Fashion,603,Wallet,2026-08-06 11:37:30,SUCCESS,11,-44640.0
TXN000211,ACC0032,M002,StyleHub,Fashion,818,UPI,2026-08-08 11:37:30,SUCCESS,11,2880.0
TXN000212,ACC0032,M004,HomeNest,Furniture,7956,UPI,2026-08-22 11:37:30,SUCCESS,11,20160.0
TXN000213,ACC0033,M004,HomeNest,Furniture,3779,UPI,2026-08-15 11:37:30,SUCCESS,11,
TXN000214,ACC0033,M004,HomeNest,Furniture,5042,UPI,2026-08-21 11:37:30,SUCCESS,11,8640.0
TXN000215,ACC0033,M001,TechKart,Electronics,3505,UPI,2026-09-12 11:37:30,SUCCESS,11,31680.0
TXN000216,ACC0033,M002,StyleHub,Fashion,629,UPI,2026-09-26 11:37:30,SUCCESS,11,20160.0
TXN000217,ACC0034,M004,HomeNest,Furniture,3487,UPI,2026-08-25 11:37:30,SUCCESS,11,
TXN000218,ACC0034,M003,FreshMart,Grocery,931,NetBanking,2026-09-09 11:37:30,SUCCESS,11,21600.0
TXN000219,ACC0034,M002,StyleHub,Fashion,1976,Card,2026-08-31 11:37:30,SUCCESS,11,-12960.0
TXN000220,ACC0034,M002,StyleHub,Fashion,537,UPI,2026-09-21 11:37:30,SUCCESS,11,30240.0
TXN000221,ACC0034,M001,TechKart,Electronics,2507,UPI,2026-10-16 11:37:30,SUCCESS,11,36000.0
TXN000222,ACC0034,M003,FreshMart,Grocery,811,UPI,2026-10-24 11:37:30,SUCCESS,11,11520.0
TXN000223,ACC0034,M001,TechKart,Electronics,1800,UPI,2026-11-11 11:37:30,SUCCESS,11,25920.0
TXN000224,ACC0034,M003,FreshMart,Grocery,556,UPI,2026-11-17 11:37:30,SUCCESS,11,8640.0
TXN000225,ACC0034,M002,StyleHub,Fashion,862,UPI,2026-09-10 11:37:30,SUCCESS,11,-97920.0
TXN000226,ACC0035,M002,StyleHub,Fashion,1530,Card,2026-07-24 11:37:30,SUCCESS,11,
TXN000227,ACC0035,M002,StyleHub,Fashion,436,Wallet,2026-08-01 11:37:30,SUCCESS,11,11520.0
TXN000228,ACC0035,M004,HomeNest,Furniture,7639,Card,2026-08-15 11:37:30,SUCCESS,11,20160.0
TXN000229,ACC0035,M001,TechKart,Electronics,2837,UPI,2026-08-14 11:37:30,SUCCESS,11,-1440.0
TXN000230,ACC0035,M005,FitFuel,Health,1686,Wallet,2026-08-05 11:37:30,SUCCESS,11,-12960.0
TXN000231,ACC0035,M001,TechKart,Electronics,1289,UPI,2026-10-02 11:37:30,SUCCESS,11,83520.0
TXN000232,ACC0035,M005,FitFuel,Health,739,UPI,2026-08-17 11:37:30,SUCCESS,11,-66240.0
TXN000233,ACC0035,M003,FreshMart,Grocery,1293,Card,2026-08-28 11:37:30,SUCCESS,11,15840.0
TXN000234,ACC0035,M003,FreshMart,Grocery,1048,Card,2026-11-13 11:37:30,SUCCESS,11,110880.0
TXN000235,ACC0036,M003,FreshMart,Grocery,425,UPI,2026-06-07 11:37:30,SUCCESS,11,
TXN000236,ACC0036,M004,HomeNest,Furniture,7788,UPI,2026-06-09 11:37:30,SUCCESS,11,2880.0
TXN000237,ACC0036,M005,FitFuel,Health,2307,UPI,2026-06-19 11:37:30,SUCCESS,11,14400.0
TXN000238,ACC0037,M003,FreshMart,Grocery,1109,UPI,2026-06-26 11:37:30,SUCCESS,11,
TXN000239,ACC0037,M005,FitFuel,Health,956,UPI,2026-07-11 11:37:30,SUCCESS,11,21600.0
TXN000240,ACC0037,M004,HomeNest,Furniture,4422,NetBanking,2026-07-04 11:37:30,SUCCESS,11,-10080.0
TXN000241,ACC0037,M003,FreshMart,Grocery,1079,UPI,2026-07-26 11:37:30,SUCCESS,11,31680.0
TXN000242,ACC0037,M005,FitFuel,Health,1852,Card,2026-08-13 11:37:30,SUCCESS,11,25920.0
TXN000243,ACC0038,M003,FreshMart,Grocery,1420,UPI,2026-06-16 11:37:30,SUCCESS,11,
TXN000244,ACC0038,M001,TechKart,Electronics,3974,UPI,2026-06-29 11:37:30,SUCCESS,11,18720.0
TXN000245,ACC0038,M004,HomeNest,Furniture,8272,Card,2026-07-10 11:37:30,SUCCESS,11,15840.0
TXN000246,ACC0039,M003,FreshMart,Grocery,376,UPI,2026-07-24 11:37:30,SUCCESS,11,
TXN000247,ACC0039,M001,TechKart,Electronics,1158,NetBanking,2026-08-05 11:37:30,SUCCESS,11,17280.0
TXN000248,ACC0039,M002,StyleHub,Fashion,528,UPI,2026-08-01 11:37:30,SUCCESS,11,-5760.0
TXN000249,ACC0039,M002,StyleHub,Fashion,804,UPI,2026-08-20 11:37:30,SUCCESS,11,27360.0
TXN000250,ACC0039,M004,HomeNest,Furniture,7389,UPI,2026-09-10 11:37:30,SUCCESS,11,30240.0
TXN000251,ACC0039,M005,FitFuel,Health,1348,UPI,2026-09-17 11:37:30,SUCCESS,11,10080.0
TXN000252,ACC0039,M005,FitFuel,Health,590,UPI,2026-08-23 11:37:30,SUCCESS,11,-36000.0
TXN000253,ACC0040,M001,TechKart,Electronics,4634,NetBanking,2026-06-12 11:37:30,SUCCESS,11,
TXN000254,ACC0040,M003,FreshMart,Grocery,1292,Card,2026-06-14 11:37:30,SUCCESS,11,2880.0
TXN000255,ACC0040,M003,FreshMart,Grocery,269,NetBanking,2026-06-28 11:37:30,SUCCESS,11,20160.0
TXN000256,ACC0040,M005,FitFuel,Health,466,Card,2026-06-30 11:37:30,SUCCESS,11,2880.0
TXN000257,ACC0040,M003,FreshMart,Grocery,309,Wallet,2026-08-11 11:37:30,SUCCESS,11,60480.0
TXN000258,ACC0040,M001,TechKart,Electronics,1629,Card,2026-08-01 11:37:30,SUCCESS,11,-14400.0
TXN000259,ACC0041,M005,FitFuel,Health,1318,Card,2026-08-10 11:37:30,SUCCESS,11,
TXN000260,ACC0041,M005,FitFuel,Health,2000,Card,2026-08-14 11:37:30,SUCCESS,11,5760.0
TXN000261,ACC0041,M005,FitFuel,Health,1766,Card,2026-09-07 11:37:30,SUCCESS,11,34560.0
TXN000262,ACC0041,M004,HomeNest,Furniture,9232,UPI,2026-09-18 11:37:30,SUCCESS,11,15840.0
TXN000263,ACC0041,M002,StyleHub,Fashion,2044,UPI,2026-10-05 11:37:30,SUCCESS,11,24480.0
TXN000264,ACC0041,M002,StyleHub,Fashion,2214,Wallet,2026-10-09 11:37:30,SUCCESS,11,5760.0
TXN000265,ACC0041,M005,FitFuel,Health,1629,NetBanking,2026-09-21 11:37:30,SUCCESS,11,-25920.0
TXN000266,ACC0041,M004,HomeNest,Furniture,8767,Card,2026-10-05 11:37:30,SUCCESS,11,20160.0
TXN000267,ACC0041,M002,StyleHub,Fashion,1276,UPI,2026-11-06 11:37:30,SUCCESS,11,46080.0
TXN000268,ACC0042,M004,HomeNest,Furniture,9862,UPI,2026-07-19 11:37:30,SUCCESS,11,
TXN000269,ACC0042,M001,TechKart,Electronics,3130,Card,2026-08-01 11:37:30,SUCCESS,11,18720.0
TXN000270,ACC0042,M002,StyleHub,Fashion,1636,UPI,2026-08-08 11:37:30,SUCCESS,11,10080.0
TXN000271,ACC0042,M002,StyleHub,Fashion,1689,UPI,2026-08-03 11:37:30,SUCCESS,11,-7200.0
TXN000272,ACC0042,M003,FreshMart,Grocery,1283,UPI,2026-09-17 11:37:30,SUCCESS,11,64800.0
TXN000273,ACC0042,M005,FitFuel,Health,933,UPI,2026-09-12 11:37:30,SUCCESS,11,-7200.0
TXN000274,ACC0042,M003,FreshMart,Grocery,469,UPI,2026-09-11 11:37:30,SUCCESS,11,-1440.0
TXN000275,ACC0043,M002,StyleHub,Fashion,1449,NetBanking,2026-06-21 11:37:30,SUCCESS,11,
TXN000276,ACC0043,M005,FitFuel,Health,1937,Card,2026-06-24 11:37:30,SUCCESS,11,4320.0
TXN000277,ACC0043,M001,TechKart,Electronics,3459,Card,2026-07-01 11:37:30,SUCCESS,11,10080.0
TXN000278,ACC0043,M004,HomeNest,Furniture,8764,NetBanking,2026-07-03 11:37:30,SUCCESS,11,2880.0
TXN000279,ACC0043,M005,FitFuel,Health,690,Card,2026-08-12 11:37:30,SUCCESS,11,57600.0
TXN000280,ACC0043,M001,TechKart,Electronics,3925,UPI,2026-07-21 11:37:30,SUCCESS,11,-31680.0
TXN000281,ACC0043,M003,FreshMart,Grocery,862,NetBanking,2026-07-03 11:37:30,SUCCESS,11,-25920.0
TXN000282,ACC0043,M004,HomeNest,Furniture,9620,NetBanking,2026-08-16 11:37:30,SUCCESS,11,63360.0
TXN000283,ACC0044,M005,FitFuel,Health,346,Card,2026-06-12 11:37:30,SUCCESS,11,
TXN000284,ACC0044,M004,HomeNest,Furniture,2443,UPI,2026-06-24 11:37:30,SUCCESS,11,17280.0
TXN000285,ACC0044,M003,FreshMart,Grocery,1255,Card,2026-06-16 11:37:30,SUCCESS,11,-11520.0
TXN000286,ACC0044,M005,FitFuel,Health,1204,UPI,2026-07-03 11:37:30,SUCCESS,11,24480.0
TXN000287,ACC0044,M004,HomeNest,Furniture,9954,UPI,2026-07-30 11:37:30,SUCCESS,11,38880.0
TXN000288,ACC0044,M005,FitFuel,Health,2367,UPI,2026-08-06 11:37:30,SUCCESS,11,10080.0
TXN000289,ACC0045,M004,HomeNest,Furniture,3212,UPI,2026-07-28 11:37:30,SUCCESS,11,
TXN000290,ACC0045,M004,HomeNest,Furniture,6681,Card,2026-07-31 11:37:30,SUCCESS,11,4320.0
TXN000291,ACC0045,M004,HomeNest,Furniture,4150,UPI,2026-08-17 11:37:30,SUCCESS,11,24480.0
TXN000292,ACC0045,M004,HomeNest,Furniture,8339,Card,2026-08-27 11:37:30,SUCCESS,11,14400.0
TXN000293,ACC0045,M002,StyleHub,Fashion,2369,Card,2026-09-22 11:37:30,SUCCESS,11,37440.0
TXN000294,ACC0045,M004,HomeNest,Furniture,7343,Card,2026-09-11 11:37:30,SUCCESS,11,-15840.0
TXN000295,ACC0045,M005,FitFuel,Health,2447,UPI,2026-09-26 11:37:30,SUCCESS,11,21600.0
TXN000296,ACC0045,M003,FreshMart,Grocery,1030,UPI,2026-08-18 11:37:30,SUCCESS,11,-56160.0
TXN000297,ACC0045,M001,TechKart,Electronics,1721,Card,2026-10-24 11:37:30,SUCCESS,11,96480.0
TXN000298,ACC0046,M002,StyleHub,Fashion,1713,UPI,2026-07-19 11:37:30,SUCCESS,11,
TXN000299,ACC0046,M001,TechKart,Electronics,3297,UPI,2026-07-31 11:37:30,SUCCESS,11,17280.0
TXN000300,ACC0046,M005,FitFuel,Health,2111,Card,2026-08-02 11:37:30,SUCCESS,11,2880.0
TXN000301,ACC0046,M001,TechKart,Electronics,2712,UPI,2026-08-15 11:37:30,SUCCESS,11,18720.0
TXN000302,ACC0046,M002,StyleHub,Fashion,751,UPI,2026-08-16 11:37:30,SUCCESS,11,1440.0
TXN000303,ACC0046,M002,StyleHub,Fashion,1004,NetBanking,2026-07-29 11:37:30,SUCCESS,11,-25920.0
TXN000304,ACC0046,M003,FreshMart,Grocery,178,UPI,2026-10-17 11:37:30,SUCCESS,11,115200.0
TXN000305,ACC0046,M001,TechKart,Electronics,3299,UPI,2026-10-25 11:37:30,SUCCESS,11,11520.0
TXN000306,ACC0046,M003,FreshMart,Grocery,578,Card,2026-08-04 11:37:30,SUCCESS,11,-118080.0
TXN000307,ACC0047,M005,FitFuel,Health,1359,UPI,2026-08-08 11:37:30,SUCCESS,11,
TXN000308,ACC0047,M002,StyleHub,Fashion,475,UPI,2026-08-19 11:37:30,SUCCESS,11,15840.0
TXN000309,ACC0047,M005,FitFuel,Health,478,UPI,2026-09-01 11:37:30,SUCCESS,11,18720.0
TXN000310,ACC0047,M003,FreshMart,Grocery,561,Card,2026-08-14 11:37:30,SUCCESS,11,-25920.0
TXN000311,ACC0047,M003,FreshMart,Grocery,258,UPI,2026-09-21 11:37:30,SUCCESS,11,54720.0
TXN000312,ACC0047,M001,TechKart,Electronics,3983,Card,2026-08-18 11:37:30,SUCCESS,11,-48960.0
TXN000313,ACC0048,M003,FreshMart,Grocery,1479,UPI,2026-08-21 11:37:30,SUCCESS,11,
TXN000314,ACC0048,M005,FitFuel,Health,707,Wallet,2026-08-29 11:37:30,SUCCESS,11,11520.0
TXN000315,ACC0048,M005,FitFuel,Health,2477,UPI,2026-09-08 11:37:30,SUCCESS,11,14400.0
TXN000316,ACC0048,M005,FitFuel,Health,2175,Card,2026-09-05 11:37:30,SUCCESS,11,-4320.0
TXN000317,ACC0048,M001,TechKart,Electronics,1125,UPI,2026-10-12 11:37:30,SUCCESS,11,53280.0
TXN000318,ACC0048,M003,FreshMart,Grocery,833,UPI,2026-10-10 11:37:30,SUCCESS,11,-2880.0
TXN000319,ACC0048,M002,StyleHub,Fashion,475,UPI,2026-11-07 11:37:30,SUCCESS,11,40320.0
TXN000320,ACC0048,M003,FreshMart,Grocery,1430,UPI,2026-10-09 11:37:30,SUCCESS,11,-41760.0
TXN000321,ACC0049,M003,FreshMart,Grocery,942,NetBanking,2026-08-27 11:37:30,SUCCESS,11,
TXN000322,ACC0049,M001,TechKart,Electronics,3095,UPI,2026-09-11 11:37:30,SUCCESS,11,21600.0
TXN000323,ACC0049,M004,HomeNest,Furniture,7381,UPI,2026-09-10 11:37:30,SUCCESS,11,-1440.0
TXN000324,ACC0049,M004,HomeNest,Furniture,6265,Wallet,2026-10-05 11:37:30,SUCCESS,11,36000.0
TXN000325,ACC0049,M002,StyleHub,Fashion,2109,UPI,2026-10-10 11:37:30,SUCCESS,11,7200.0
TXN000326,ACC0049,M004,HomeNest,Furniture,9950,UPI,2026-09-16 11:37:30,SUCCESS,11,-34560.0
TXN000327,ACC0049,M003,FreshMart,Grocery,1069,UPI,2026-11-01 11:37:30,SUCCESS,11,66240.0
TXN000328,ACC0050,M005,FitFuel,Health,1128,NetBanking,2026-06-12 11:37:30,SUCCESS,11,
TXN000329,ACC0050,M005,FitFuel,Health,853,UPI,2026-06-18 11:37:30,SUCCESS,11,8640.0
TXN000330,ACC0050,M002,StyleHub,Fashion,1047,UPI,2026-07-10 11:37:30,SUCCESS,11,31680.0
TXN000331,ACC0050,M005,FitFuel,Health,784,UPI,2026-07-12 11:37:30,SUCCESS,11,2880.0
TXN000332,ACC0050,M002,StyleHub,Fashion,520,Card,2026-08-11 11:37:30,SUCCESS,11,43200.0
TXN000333,ACC0050,M004,HomeNest,Furniture,4485,UPI,2026-07-22 11:37:30,SUCCESS,11,-28800.0
TXN000334,ACC0051,M002,StyleHub,Fashion,837,UPI,2026-08-15 11:37:30,SUCCESS,11,
TXN000335,ACC0051,M005,FitFuel,Health,1393,Card,2026-08-17 11:37:30,SUCCESS,11,2880.0
TXN000336,ACC0051,M002,StyleHub,Fashion,1351,UPI,2026-09-06 11:37:30,SUCCESS,11,28800.0
TXN000337,ACC0051,M003,FreshMart,Grocery,312,Card,2026-08-21 11:37:30,SUCCESS,11,-23040.0
TXN000338,ACC0051,M002,StyleHub,Fashion,2457,NetBanking,2026-09-20 11:37:30,SUCCESS,11,43200.0
TXN000339,ACC0051,M003,FreshMart,Grocery,526,NetBanking,2026-09-29 11:37:30,SUCCESS,11,12960.0
TXN000340,ACC0051,M004,HomeNest,Furniture,3126,UPI,2026-10-08 11:37:30,SUCCESS,11,12960.0
TXN000341,ACC0052,M001,TechKart,Electronics,3010,Wallet,2026-08-30 11:37:30,SUCCESS,11,
TXN000342,ACC0052,M002,StyleHub,Fashion,1237,UPI,2026-09-04 11:37:30,SUCCESS,11,7200.0
TXN000343,ACC0052,M005,FitFuel,Health,2306,Card,2026-09-17 11:37:30,SUCCESS,11,18720.0
TXN000344,ACC0052,M004,HomeNest,Furniture,9271,UPI,2026-10-14 11:37:30,SUCCESS,11,38880.0
TXN000345,ACC0052,M001,TechKart,Electronics,3916,Card,2026-10-01 11:37:30,SUCCESS,11,-18720.0
TXN000346,ACC0052,M005,FitFuel,Health,2496,UPI,2026-10-09 11:37:30,SUCCESS,11,11520.0
TXN000347,ACC0053,M004,HomeNest,Furniture,5742,NetBanking,2026-06-29 11:37:30,SUCCESS,11,
TXN000348,ACC0053,M002,StyleHub,Fashion,2020,Wallet,2026-07-01 11:37:30,SUCCESS,11,2880.0
TXN000349,ACC0053,M005,FitFuel,Health,1886,UPI,2026-07-03 11:37:30,SUCCESS,11,2880.0
TXN000350,ACC0054,M004,HomeNest,Furniture,5260,NetBanking,2026-08-10 11:37:30,SUCCESS,11,
TXN000351,ACC0054,M003,FreshMart,Grocery,1094,UPI,2026-08-24 11:37:30,SUCCESS,11,20160.0
TXN000352,ACC0054,M005,FitFuel,Health,523,Card,2026-08-22 11:37:30,SUCCESS,11,-2880.0
TXN000353,ACC0055,M004,HomeNest,Furniture,2740,Card,2026-07-06 11:37:30,SUCCESS,11,
TXN000354,ACC0055,M002,StyleHub,Fashion,954,UPI,2026-07-09 11:37:30,SUCCESS,11,4320.0
TXN000355,ACC0055,M004,HomeNest,Furniture,2204,UPI,2026-07-20 11:37:30,SUCCESS,11,15840.0
TXN000356,ACC0055,M002,StyleHub,Fashion,2262,UPI,2026-08-08 11:37:30,SUCCESS,11,27360.0
TXN000357,ACC0055,M002,StyleHub,Fashion,906,UPI,2026-08-03 11:37:30,SUCCESS,11,-7200.0
TXN000358,ACC0056,M001,TechKart,Electronics,3946,Card,2026-06-14 11:37:30,SUCCESS,11,
TXN000359,ACC0056,M005,FitFuel,Health,954,UPI,2026-06-24 11:37:30,SUCCESS,11,14400.0
TXN000360,ACC0056,M001,TechKart,Electronics,2199,Wallet,2026-06-30 11:37:30,SUCCESS,11,8640.0
TXN000361,ACC0056,M002,StyleHub,Fashion,1064,NetBanking,2026-07-17 11:37:30,SUCCESS,11,24480.0
TXN000362,ACC0056,M001,TechKart,Electronics,4237,UPI,2026-06-30 11:37:30,SUCCESS,11,-24480.0
TXN000363,ACC0056,M004,HomeNest,Furniture,4365,Card,2026-08-18 11:37:30,SUCCESS,11,70560.0
TXN000364,ACC0056,M002,StyleHub,Fashion,1230,UPI,2026-07-02 11:37:30,SUCCESS,11,-67680.0
TXN000365,ACC0056,M003,FreshMart,Grocery,175,UPI,2026-09-20 11:37:30,SUCCESS,11,115200.0
TXN000366,ACC0056,M004,HomeNest,Furniture,6452,NetBanking,2026-10-12 11:37:30,SUCCESS,11,31680.0
TXN000367,ACC0056,M004,HomeNest,Furniture,3948,UPI,2026-09-21 11:37:30,SUCCESS,11,-30240.0
TXN000368,ACC0057,M004,HomeNest,Furniture,2650,Card,2026-07-07 11:37:30,SUCCESS,11,
TXN000369,ACC0057,M002,StyleHub,Fashion,1539,Card,2026-07-09 11:37:30,SUCCESS,11,2880.0
TXN000370,ACC0057,M002,StyleHub,Fashion,600,UPI,2026-07-27 11:37:30,SUCCESS,11,25920.0
TXN000371,ACC0057,M003,FreshMart,Grocery,225,UPI,2026-07-13 11:37:30,SUCCESS,11,-20160.0
TXN000372,ACC0057,M005,FitFuel,Health,1522,UPI,2026-07-15 11:37:30,SUCCESS,11,2880.0
TXN000373,ACC0057,M001,TechKart,Electronics,1692,UPI,2026-07-22 11:37:30,SUCCESS,11,10080.0
TXN000374,ACC0057,M002,StyleHub,Fashion,1564,Card,2026-07-31 11:37:30,SUCCESS,11,12960.0
TXN000375,ACC0057,M005,FitFuel,Health,1026,Wallet,2026-10-06 11:37:30,SUCCESS,11,96480.0
TXN000376,ACC0057,M005,FitFuel,Health,1775,Wallet,2026-10-19 11:37:30,SUCCESS,11,18720.0
TXN000377,ACC0057,M003,FreshMart,Grocery,811,UPI,2026-08-03 11:37:30,SUCCESS,11,-110880.0
TXN000378,ACC0058,M004,HomeNest,Furniture,8908,Card,2026-08-26 11:37:30,SUCCESS,11,
TXN000379,ACC0058,M004,HomeNest,Furniture,3102,UPI,2026-09-01 11:37:30,SUCCESS,11,8640.0
TXN000380,ACC0058,M003,FreshMart,Grocery,824,UPI,2026-09-25 11:37:30,SUCCESS,11,34560.0
TXN000381,ACC0058,M002,StyleHub,Fashion,1256,Card,2026-09-25 11:37:30,SUCCESS,11,0.0
TXN000382,ACC0058,M005,FitFuel,Health,2466,Wallet,2026-09-07 11:37:30,SUCCESS,11,-25920.0
TXN000383,ACC0058,M005,FitFuel,Health,1476,UPI,2026-10-10 11:37:30,SUCCESS,11,47520.0
TXN000384,ACC0058,M003,FreshMart,Grocery,681,UPI,2026-11-24 11:37:30,SUCCESS,11,64800.0
TXN000385,ACC0058,M003,FreshMart,Grocery,415,Card,2026-11-11 11:37:30,SUCCESS,11,-18720.0
TXN000386,ACC0058,M005,FitFuel,Health,2338,UPI,2026-11-06 11:37:30,SUCCESS,11,-7200.0
TXN000387,ACC0059,M003,FreshMart,Grocery,546,UPI,2026-06-17 11:37:30,SUCCESS,11,
TXN000388,ACC0059,M004,HomeNest,Furniture,7123,Card,2026-06-19 11:37:30,SUCCESS,11,2880.0
TXN000389,ACC0059,M002,StyleHub,Fashion,2098,UPI,2026-07-13 11:37:30,SUCCESS,11,34560.0
TXN000390,ACC0059,M003,FreshMart,Grocery,1297,NetBanking,2026-07-08 11:37:30,SUCCESS,11,-7200.0
TXN000391,ACC0059,M001,TechKart,Electronics,2448,Card,2026-07-07 11:37:30,SUCCESS,11,-1440.0
TXN000392,ACC0060,M003,FreshMart,Grocery,1187,UPI,2026-08-26 11:37:30,SUCCESS,11,
TXN000393,ACC0060,M001,TechKart,Electronics,1732,Card,2026-09-09 11:37:30,SUCCESS,11,20160.0
TXN000394,ACC0060,M004,HomeNest,Furniture,7934,Card,2026-09-09 11:37:30,SUCCESS,11,0.0
TXN000395,ACC0060,M002,StyleHub,Fashion,1194,UPI,2026-09-01 11:37:30,SUCCESS,11,-11520.0
TXN000396,ACC0060,M004,HomeNest,Furniture,9505,UPI,2026-09-23 11:37:30,SUCCESS,11,31680.0
TXN000397,ACC0060,M002,StyleHub,Fashion,2372,UPI,2026-09-05 11:37:30,SUCCESS,11,-25920.0
TXN000398,ACC0060,M005,FitFuel,Health,1672,UPI,2026-10-19 11:37:30,SUCCESS,11,63360.0
TXN000399,ACC0061,M005,FitFuel,Health,1526,Card,2026-08-27 11:37:30,SUCCESS,11,
TXN000400,ACC0061,M003,FreshMart,Grocery,1287,UPI,2026-09-08 11:37:30,SUCCESS,11,17280.0
TXN000401,ACC0061,M005,FitFuel,Health,1658,Card,2026-09-06 11:37:30,SUCCESS,11,-2880.0
TXN000402,ACC0061,M003,FreshMart,Grocery,285,Wallet,2026-10-08 11:37:30,SUCCESS,11,46080.0
TXN000403,ACC0061,M001,TechKart,Electronics,3578,Wallet,2026-09-20 11:37:30,SUCCESS,11,-25920.0
TXN000404,ACC0061,M005,FitFuel,Health,979,Card,2026-10-26 11:37:30,SUCCESS,11,51840.0
TXN000405,ACC0061,M002,StyleHub,Fashion,878,NetBanking,2026-10-14 11:37:30,SUCCESS,11,-17280.0
TXN000406,ACC0061,M003,FreshMart,Grocery,794,Card,2026-12-03 11:37:30,SUCCESS,11,72000.0
TXN000407,ACC0061,M004,HomeNest,Furniture,2711,UPI,2026-10-14 11:37:30,SUCCESS,11,-72000.0
TXN000408,ACC0062,M003,FreshMart,Grocery,592,UPI,2026-07-18 11:37:30,SUCCESS,11,
TXN000409,ACC0062,M001,TechKart,Electronics,3865,Card,2026-07-22 11:37:30,SUCCESS,11,5760.0
TXN000410,ACC0062,M002,StyleHub,Fashion,779,UPI,2026-08-15 11:37:30,SUCCESS,11,34560.0
TXN000411,ACC0062,M004,HomeNest,Furniture,9413,UPI,2026-07-24 11:37:30,SUCCESS,11,-31680.0
TXN000412,ACC0062,M003,FreshMart,Grocery,1140,Card,2026-08-07 11:37:30,SUCCESS,11,20160.0
TXN000413,ACC0062,M003,FreshMart,Grocery,820,UPI,2026-09-06 11:37:30,SUCCESS,11,43200.0
TXN000414,ACC0063,M002,StyleHub,Fashion,1240,Card,2026-06-29 11:37:30,SUCCESS,11,
TXN000415,ACC0063,M004,HomeNest,Furniture,7846,NetBanking,2026-07-08 11:37:30,SUCCESS,11,12960.0
TXN000416,ACC0063,M001,TechKart,Electronics,3347,Wallet,2026-07-05 11:37:30,SUCCESS,11,-4320.0
TXN000417,ACC0063,M005,FitFuel,Health,656,UPI,2026-08-04 11:37:30,SUCCESS,11,43200.0
TXN000418,ACC0064,M002,StyleHub,Fashion,1964,UPI,2026-08-27 19:46:30,SUCCESS,19,
TXN000419,ACC0064,M002,StyleHub,Fashion,1963,UPI,2026-08-27 19:43:30,SUCCESS,19,-3.0
TXN000420,ACC0064,M002,StyleHub,Fashion,1940,UPI,2026-08-27 19:51:30,SUCCESS,19,8.0
TXN000421,ACC0065,M002,StyleHub,Fashion,2077,UPI,2026-08-27 19:37:30,SUCCESS,19,
TXN000422,ACC0065,M002,StyleHub,Fashion,2160,UPI,2026-08-27 19:48:30,SUCCESS,19,11.0
TXN000423,ACC0065,M002,StyleHub,Fashion,1959,UPI,2026-08-27 19:46:30,SUCCESS,19,-2.0
TXN000424,ACC0066,M002,StyleHub,Fashion,1814,UPI,2026-08-27 19:47:30,SUCCESS,19,
TXN000425,ACC0066,M002,StyleHub,Fashion,1844,UPI,2026-08-27 19:52:30,SUCCESS,19,5.0
TXN000426,ACC0066,M002,StyleHub,Fashion,2103,UPI,2026-08-27 19:50:30,SUCCESS,19,-2.0
TXN000427,ACC0066,M002,StyleHub,Fashion,1970,UPI,2026-08-27 19:57:30,SUCCESS,19,7.0
TXN000428,ACC0066,M002,StyleHub,Fashion,2186,Wallet,2026-08-27 19:43:30,SUCCESS,19,-14.0
TXN000429,ACC0067,M002,StyleHub,Fashion,2157,Card,2026-08-27 19:55:30,SUCCESS,19,
TXN000430,ACC0067,M002,StyleHub,Fashion,2129,UPI,2026-08-27 19:51:30,SUCCESS,19,-4.0
TXN000431,ACC0067,M002,StyleHub,Fashion,1873,Card,2026-08-27 19:51:30,SUCCESS,19,0.0
TXN000432,ACC0067,M002,StyleHub,Fashion,2158,UPI,2026-08-27 19:56:30,SUCCESS,19,5.0
TXN000433,ACC0068,M001,TechKart,Electronics,1979,UPI,2026-08-13 01:51:30,SUCCESS,1,
TXN000434,ACC0068,M001,TechKart,Electronics,2193,UPI,2026-08-13 01:52:30,SUCCESS,1,1.0
TXN000435,ACC0068,M001,TechKart,Electronics,2007,UPI,2026-08-13 01:48:30,SUCCESS,1,-4.0
TXN000436,ACC0068,M001,TechKart,Electronics,1954,UPI,2026-08-13 01:40:30,SUCCESS,1,-8.0
TXN000437,ACC0068,M001,TechKart,Electronics,1922,UPI,2026-08-13 01:54:30,SUCCESS,1,14.0
TXN000438,ACC0069,M001,TechKart,Electronics,1996,Wallet,2026-08-13 01:44:30,SUCCESS,1,
TXN000439,ACC0069,M001,TechKart,Electronics,2102,Card,2026-08-13 01:39:30,SUCCESS,1,-5.0
TXN000440,ACC0069,M001,TechKart,Electronics,2078,UPI,2026-08-13 01:50:30,SUCCESS,1,11.0
TXN000441,ACC0069,M001,TechKart,Electronics,2164,UPI,2026-08-13 01:44:30,SUCCESS,1,-6.0
TXN000442,ACC0069,M001,TechKart,Electronics,2037,UPI,2026-08-13 01:55:30,SUCCESS,1,11.0
TXN000443,ACC0070,M001,TechKart,Electronics,2007,UPI,2026-08-13 01:54:30,SUCCESS,1,
TXN000444,ACC0070,M001,TechKart,Electronics,2105,UPI,2026-08-13 01:39:30,SUCCESS,1,-15.0
TXN000445,ACC0070,M001,TechKart,Electronics,1831,UPI,2026-08-13 01:49:30,SUCCESS,1,10.0
TXN000446,ACC0070,M001,TechKart,Electronics,2186,Card,2026-08-13 01:39:30,SUCCESS,1,-10.0
TXN000447,ACC0071,M001,TechKart,Electronics,1949,UPI,2026-08-13 01:37:30,SUCCESS,1,
TXN000448,ACC0071,M001,TechKart,Electronics,2148,UPI,2026-08-13 01:49:30,SUCCESS,1,12.0
TXN000449,ACC0071,M001,TechKart,Electronics,2147,UPI,2026-08-13 01:47:30,SUCCESS,1,-2.0
TXN000450,ACC0071,M001,TechKart,Electronics,1976,Wallet,2026-08-13 01:46:30,SUCCESS,1,-1.0
TXN000451,ACC0071,M001,TechKart,Electronics,2061,UPI,2026-08-13 01:39:30,SUCCESS,1,-7.0
TXN000452,ACC0072,M001,TechKart,Electronics,1800,Card,2026-07-11 07:46:30,SUCCESS,7,
TXN000453,ACC0072,M001,TechKart,Electronics,1815,Card,2026-07-11 07:54:30,SUCCESS,7,8.0
TXN000454,ACC0072,M001,TechKart,Electronics,2120,UPI,2026-07-11 07:44:30,SUCCESS,7,-10.0
TXN000455,ACC0072,M001,TechKart,Electronics,2079,UPI,2026-07-11 07:47:30,SUCCESS,7,3.0
TXN000456,ACC0073,M001,TechKart,Electronics,1996,UPI,2026-07-11 07:42:30,SUCCESS,7,
TXN000457,ACC0073,M001,TechKart,Electronics,2143,UPI,2026-07-11 07:48:30,SUCCESS,7,6.0
TXN000458,ACC0073,M001,TechKart,Electronics,1808,UPI,2026-07-11 07:41:30,SUCCESS,7,-7.0
TXN000459,ACC0074,M001,TechKart,Electronics,1843,Wallet,2026-07-11 07:52:30,SUCCESS,7,
TXN000460,ACC0074,M001,TechKart,Electronics,2156,UPI,2026-07-11 07:41:30,SUCCESS,7,-11.0
TXN000461,ACC0074,M001,TechKart,Electronics,2060,UPI,2026-07-11 07:56:30,SUCCESS,7,15.0
TXN000462,ACC0075,M001,TechKart,Electronics,1895,UPI,2026-07-11 07:54:30,SUCCESS,7,
TXN000463,ACC0075,M001,TechKart,Electronics,2174,UPI,2026-07-11 07:50:30,SUCCESS,7,-4.0
TXN000464,ACC0075,M001,TechKart,Electronics,2079,UPI,2026-07-11 07:44:30,SUCCESS,7,-6.0
TXN000465,ACC0075,M001,TechKart,Electronics,2090,Wallet,2026-07-11 07:55:30,SUCCESS,7,11.0
TXN000466,ACC0076,M001,TechKart,Electronics,1840,Wallet,2026-07-11 07:48:30,SUCCESS,7,
TXN000467,ACC0076,M001,TechKart,Electronics,1840,UPI,2026-07-11 07:41:30,SUCCESS,7,-7.0
TXN000468,ACC0076,M001,TechKart,Electronics,2122,UPI,2026-07-11 07:53:30,SUCCESS,7,12.0
TXN000469,ACC0076,M001,TechKart,Electronics,1975,UPI,2026-07-11 07:39:30,SUCCESS,7,-14.0
TXN000470,ACC0077,M004,HomeNest,Furniture,2645,UPI,2026-08-04 01:37:30,SUCCESS,1,
TXN000471,ACC0077,M004,HomeNest,Furniture,2445,UPI,2026-08-04 03:37:30,SUCCESS,3,120.0
TXN000472,ACC0077,M004,HomeNest,Furniture,3138,UPI,2026-08-04 02:37:30,SUCCESS,2,-60.0
TXN000473,ACC0078,M004,HomeNest,Furniture,1311,Card,2026-08-04 01:37:30,SUCCESS,1,
TXN000474,ACC0078,M004,HomeNest,Furniture,1514,UPI,2026-08-03 23:37:30,SUCCESS,23,-120.0
TXN000475,ACC0078,M004,HomeNest,Furniture,2350,UPI,2026-08-04 03:37:30,SUCCESS,3,240.0
TXN000476,ACC0078,M004,HomeNest,Furniture,1915,UPI,2026-08-03 23:37:30,SUCCESS,23,-240.0
TXN000477,ACC0079,M004,HomeNest,Furniture,2270,Card,2026-08-04 02:37:30,SUCCESS,2,
TXN000478,ACC0079,M004,HomeNest,Furniture,3360,UPI,2026-08-04 03:37:30,SUCCESS,3,60.0
TXN000479,ACC0079,M004,HomeNest,Furniture,1794,Wallet,2026-08-04 03:37:30,SUCCESS,3,0.0
TXN000480,ACC0079,M004,HomeNest,Furniture,2891,UPI,2026-08-04 01:37:30,SUCCESS,1,-120.0
TXN000481,ACC0080,M004,HomeNest,Furniture,2063,UPI,2026-08-03 22:37:30,SUCCESS,22,
TXN000482,ACC0080,M004,HomeNest,Furniture,1675,UPI,2026-08-04 01:37:30,SUCCESS,1,180.0
TXN000483,ACC0080,M004,HomeNest,Furniture,2434,UPI,2026-08-03 21:37:30,SUCCESS,21,-240.0
TXN000484,ACC0080,M004,HomeNest,Furniture,2797,UPI,2026-08-04 00:37:30,SUCCESS,0,180.0
TXN000485,ACC0080,M004,HomeNest,Furniture,2980,UPI,2026-08-04 00:37:30,SUCCESS,0,0.0
TXN000486,ACC0080,M004,HomeNest,Furniture,2493,UPI,2026-08-03 21:37:30,SUCCESS,21,-180.0
TXN000487,ACC0081,M003,FreshMart,Grocery,2572,UPI,2026-08-27 23:37:30,SUCCESS,23,
TXN000488,ACC0081,M003,FreshMart,Grocery,2802,UPI,2026-08-27 20:37:30,SUCCESS,20,-180.0
TXN000489,ACC0081,M003,FreshMart,Grocery,1936,UPI,2026-08-27 21:37:30,SUCCESS,21,60.0
TXN000490,ACC0082,M003,FreshMart,Grocery,1248,Card,2026-08-27 22:37:30,SUCCESS,22,
TXN000491,ACC0082,M003,FreshMart,Grocery,2639,UPI,2026-08-27 21:37:30,SUCCESS,21,-60.0
TXN000492,ACC0082,M003,FreshMart,Grocery,1297,UPI,2026-08-27 19:37:30,SUCCESS,19,-120.0
TXN000493,ACC0082,M003,FreshMart,Grocery,2088,Card,2026-08-27 22:37:30,SUCCESS,22,180.0
TXN000494,ACC0082,M003,FreshMart,Grocery,1732,UPI,2026-08-27 22:37:30,SUCCESS,22,0.0
TXN000495,ACC0083,M003,FreshMart,Grocery,1954,Card,2026-08-27 23:37:30,SUCCESS,23,
TXN000496,ACC0083,M003,FreshMart,Grocery,1510,UPI,2026-08-27 20:37:30,SUCCESS,20,-180.0
TXN000497,ACC0083,M003,FreshMart,Grocery,2948,Wallet,2026-08-27 23:37:30,SUCCESS,23,180.0
TXN000498,ACC0083,M003,FreshMart,Grocery,1503,UPI,2026-08-27 23:37:30,SUCCESS,23,0.0
TXN000499,ACC0083,M003,FreshMart,Grocery,1446,UPI,2026-08-27 20:37:30,SUCCESS,20,-180.0
TXN000500,ACC0083,M003,FreshMart,Grocery,3214,UPI,2026-08-27 20:37:30,SUCCESS,20,0.0
TXN000501,ACC0084,M003,FreshMart,Grocery,1644,UPI,2026-08-27 22:37:30,SUCCESS,22,
TXN000502,ACC0084,M003,FreshMart,Grocery,1635,UPI,2026-08-27 19:37:30,SUCCESS,19,-180.0
TXN000503,ACC0084,M003,FreshMart,Grocery,1488,UPI,2026-08-27 21:37:30,SUCCESS,21,120.0
TXN000504,ACC0084,M003,FreshMart,Grocery,3238,UPI,2026-08-27 22:37:30,SUCCESS,22,60.0
TXN000505,ACC0085,M003,FreshMart,Grocery,2291,UPI,2026-08-27 23:37:30,SUCCESS,23,
TXN000506,ACC0085,M003,FreshMart,Grocery,3311,UPI,2026-08-27 19:37:30,SUCCESS,19,-240.0
TXN000507,ACC0085,M003,FreshMart,Grocery,1487,UPI,2026-08-27 23:37:30,SUCCESS,23,240.0
TXN000508,ACC0085,M003,FreshMart,Grocery,3174,UPI,2026-08-27 22:37:30,SUCCESS,22,-60.0
TXN000509,ACC0086,M003,FreshMart,Grocery,2440,UPI,2026-08-27 22:37:30,SUCCESS,22,
TXN000510,ACC0086,M003,FreshMart,Grocery,2592,UPI,2026-08-27 21:37:30,SUCCESS,21,-60.0
TXN000511,ACC0086,M003,FreshMart,Grocery,2031,UPI,2026-08-27 18:37:30,SUCCESS,18,-180.0
TXN000512,ACC0087,M001,TechKart,Electronics,1624,UPI,2026-08-02 20:37:30,SUCCESS,20,
TXN000513,ACC0087,M001,TechKart,Electronics,1146,UPI,2026-08-04 21:37:30,SUCCESS,21,2940.0
TXN000514,ACC0087,M001,TechKart,Electronics,973,UPI,2026-08-04 17:37:30,SUCCESS,17,-240.0
TXN000515,ACC0087,M001,TechKart,Electronics,1276,UPI,2026-07-30 21:37:30,SUCCESS,21,-6960.0
TXN000516,ACC0088,M001,TechKart,Electronics,1173,UPI,2026-08-03 20:37:30,SUCCESS,20,
TXN000517,ACC0088,M001,TechKart,Electronics,3579,UPI,2026-08-02 10:37:30,SUCCESS,10,-2040.0
TXN000518,ACC0088,M001,TechKart,Electronics,2968,UPI,2026-08-04 10:37:30,SUCCESS,10,2880.0
TXN000519,ACC0088,M001,TechKart,Electronics,2177,Card,2026-08-04 20:37:30,SUCCESS,20,600.0
TXN000520,ACC0089,M001,TechKart,Electronics,1254,Card,2026-07-31 21:37:30,SUCCESS,21,
TXN000521,ACC0089,M001,TechKart,Electronics,2402,UPI,2026-07-30 21:37:30,SUCCESS,21,-1440.0
TXN000522,ACC0089,M001,TechKart,Electronics,2788,UPI,2026-08-02 19:37:30,SUCCESS,19,4200.0
TXN000523,ACC0089,M001,TechKart,Electronics,604,Card,2026-07-31 10:37:30,SUCCESS,10,-3420.0
TXN000524,ACC0089,M001,TechKart,Electronics,999,Card,2026-07-30 17:37:30,SUCCESS,17,-1020.0
TXN000525,ACC0089,M001,TechKart,Electronics,4872,UPI,2026-07-30 11:37:30,SUCCESS,11,-360.0
TXN000526,ACC0090,M001,TechKart,Electronics,2145,UPI,2026-07-31 11:37:30,SUCCESS,11,
TXN000527,ACC0090,M001,TechKart,Electronics,4656,UPI,2026-08-04 20:37:30,SUCCESS,20,6300.0
TXN000528,ACC0090,M001,TechKart,Electronics,862,UPI,2026-08-04 19:37:30,SUCCESS,19,-60.0
TXN000529,ACC0090,M001,TechKart,Electronics,2220,UPI,2026-07-31 22:37:30,SUCCESS,22,-5580.0
TXN000530,ACC0090,M001,TechKart,Electronics,2100,UPI,2026-07-30 14:37:30,SUCCESS,14,-1920.0
TXN000531,ACC0090,M001,TechKart,Electronics,2196,UPI,2026-08-01 18:37:30,SUCCESS,18,3120.0
TXN000532,ACC0091,M001,TechKart,Electronics,1840,UPI,2026-09-01 19:37:30,SUCCESS,19,
TXN000533,ACC0091,M001,TechKart,Electronics,859,UPI,2026-09-04 08:37:30,SUCCESS,8,3660.0
TXN000534,ACC0091,M001,TechKart,Electronics,1462,UPI,2026-09-01 18:37:30,SUCCESS,18,-3720.0
TXN000535,ACC0091,M001,TechKart,Electronics,1244,UPI,2026-09-04 18:37:30,SUCCESS,18,4320.0
TXN000536,ACC0091,M001,TechKart,Electronics,5375,UPI,2026-09-03 15:37:30,SUCCESS,15,-1620.0
TXN000537,ACC0091,M001,TechKart,Electronics,2274,UPI,2026-09-02 16:37:30,SUCCESS,16,-1380.0
TXN000538,ACC0092,M001,TechKart,Electronics,862,UPI,2026-09-01 17:37:30,SUCCESS,17,
TXN000539,ACC0092,M001,TechKart,Electronics,881,Wallet,2026-09-05 10:37:30,SUCCESS,10,5340.0
TXN000540,ACC0092,M001,TechKart,Electronics,1255,UPI,2026-09-01 16:37:30,SUCCESS,16,-5400.0
TXN000541,ACC0092,M001,TechKart,Electronics,1532,UPI,2026-09-04 19:37:30,SUCCESS,19,4500.0
TXN000542,ACC0092,M001,TechKart,Electronics,2343,UPI,2026-09-01 19:37:30,SUCCESS,19,-4320.0
TXN000543,ACC0092,M001,TechKart,Electronics,1242,UPI,2026-09-02 17:37:30,SUCCESS,17,1320.0
TXN000544,ACC0093,M001,TechKart,Electronics,834,UPI,2026-09-02 13:37:30,SUCCESS,13,
TXN000545,ACC0093,M001,TechKart,Electronics,1229,Card,2026-09-04 07:37:30,SUCCESS,7,2520.0
TXN000546,ACC0093,M001,TechKart,Electronics,4773,UPI,2026-09-02 09:37:30,SUCCESS,9,-2760.0
TXN000547,ACC0093,M001,TechKart,Electronics,6855,UPI,2026-09-01 10:37:30,SUCCESS,10,-1380.0
TXN000548,ACC0093,M001,TechKart,Electronics,621,UPI,2026-09-04 10:37:30,SUCCESS,10,4320.0
TXN000549,ACC0094,M001,TechKart,Electronics,2089,Card,2026-09-02 08:37:30,SUCCESS,8,
TXN000550,ACC0094,M001,TechKart,Electronics,4658,UPI,2026-09-04 10:37:30,SUCCESS,10,3000.0
TXN000551,ACC0094,M001,TechKart,Electronics,1285,Card,2026-09-01 13:37:30,SUCCESS,13,-4140.0
TXN000552,ACC0094,M001,TechKart,Electronics,5059,UPI,2026-09-04 09:37:30,SUCCESS,9,4080.0
TXN000553,ACC0094,M001,TechKart,Electronics,702,UPI,2026-09-06 10:37:30,SUCCESS,10,2940.0
TXN000554,ACC0095,M001,TechKart,Electronics,544,UPI,2026-09-01 18:37:30,SUCCESS,18,
TXN000555,ACC0095,M001,TechKart,Electronics,5426,UPI,2026-09-01 14:37:30,SUCCESS,14,-240.0
TXN000556,ACC0095,M001,TechKart,Electronics,1386,UPI,2026-09-03 10:37:30,SUCCESS,10,2640.0
TXN000557,ACC0095,M001,TechKart,Electronics,1340,UPI,2026-09-06 16:37:30,SUCCESS,16,4680.0
TXN000558,ACC0096,M001,TechKart,Electronics,2239,Card,2026-09-04 10:37:30,SUCCESS,10,
TXN000559,ACC0096,M001,TechKart,Electronics,8030,Card,2026-09-03 07:37:30,SUCCESS,7,-1620.0
TXN000560,ACC0096,M001,TechKart,Electronics,6746,UPI,2026-09-02 12:37:30,SUCCESS,12,-1140.0
TXN000561,ACC0096,M001,TechKart,Electronics,320,UPI,2026-09-05 09:37:30,SUCCESS,9,4140.0
TXN000562,ACC0096,M001,TechKart,Electronics,8008,UPI,2026-09-01 07:37:30,SUCCESS,7,-5880.0
TXN000563,ACC0096,M001,TechKart,Electronics,1915,UPI,2026-09-01 13:37:30,SUCCESS,13,360.0
TXN000564,ACC0097,M004,HomeNest,Furniture,901,UPI,2026-08-12 20:37:30,SUCCESS,20,
TXN000565,ACC0097,M004,HomeNest,Furniture,943,UPI,2026-09-04 20:37:30,SUCCESS,20,33120.0
TXN000566,ACC0097,M004,HomeNest,Furniture,930,UPI,2026-08-12 20:37:30,SUCCESS,20,-33120.0
TXN000567,ACC0097,M004,HomeNest,Furniture,2281,Card,2026-08-14 20:37:30,SUCCESS,20,2880.0
TXN000568,ACC0098,M004,HomeNest,Furniture,8322,UPI,2026-08-19 20:37:30,SUCCESS,20,
TXN000569,ACC0098,M004,HomeNest,Furniture,3515,UPI,2026-08-27 20:37:30,SUCCESS,20,11520.0
TXN000570,ACC0098,M004,HomeNest,Furniture,7766,UPI,2026-08-16 20:37:30,SUCCESS,20,-15840.0
TXN000571,ACC0098,M004,HomeNest,Furniture,3952,Card,2026-09-01 20:37:30,SUCCESS,20,23040.0
TXN000572,ACC0099,M004,HomeNest,Furniture,3229,UPI,2026-08-21 20:37:30,SUCCESS,20,
TXN000573,ACC0099,M004,HomeNest,Furniture,1148,UPI,2026-08-13 20:37:30,SUCCESS,20,-11520.0
TXN000574,ACC0099,M004,HomeNest,Furniture,1675,UPI,2026-08-07 20:37:30,SUCCESS,20,-8640.0
TXN000575,ACC0099,M004,HomeNest,Furniture,1790,Card,2026-08-06 20:37:30,SUCCESS,20,-1440.0
TXN000576,ACC0099,M004,HomeNest,Furniture,4994,UPI,2026-08-08 20:37:30,SUCCESS,20,2880.0
TXN000577,ACC0099,M004,HomeNest,Furniture,900,UPI,2026-08-06 20:37:30,SUCCESS,20,-2880.0
TXN000578,ACC0100,M004,HomeNest,Furniture,966,Wallet,2026-08-22 20:37:30,SUCCESS,20,
TXN000579,ACC0100,M004,HomeNest,Furniture,765,UPI,2026-08-12 20:37:30,SUCCESS,20,-14400.0
TXN000580,ACC0100,M004,HomeNest,Furniture,1159,UPI,2026-08-28 20:37:30,SUCCESS,20,23040.0
TXN000581,ACC0100,M004,HomeNest,Furniture,1712,UPI,2026-08-29 20:37:30,SUCCESS,20,1440.0
TXN000582,ACC0101,M004,HomeNest,Furniture,4270,UPI,2026-07-01 11:37:30,SUCCESS,11,
TXN000583,ACC0101,M003,FreshMart,Grocery,1076,UPI,2026-07-08 11:37:30,SUCCESS,11,10080.0
TXN000584,ACC0101,M001,TechKart,Electronics,4651,Card,2026-07-21 11:37:30,SUCCESS,11,18720.0
TXN000585,ACC0101,M005,FitFuel,Health,1497,UPI,2026-08-06 11:37:30,SUCCESS,11,23040.0
TXN000586,ACC0102,M001,TechKart,Electronics,2342,NetBanking,2026-06-09 11:37:30,SUCCESS,11,
TXN000587,ACC0102,M001,TechKart,Electronics,1456,UPI,2026-06-18 11:37:30,SUCCESS,11,12960.0
TXN000588,ACC0102,M003,FreshMart,Grocery,307,UPI,2026-06-17 11:37:30,SUCCESS,11,-1440.0
TXN000589,ACC0102,M001,TechKart,Electronics,2012,UPI,2026-06-27 11:37:30,SUCCESS,11,14400.0
TXN000590,ACC0103,M001,TechKart,Electronics,3201,UPI,2026-08-08 11:37:30,SUCCESS,11,
TXN000591,ACC0103,M005,FitFuel,Health,840,UPI,2026-08-20 11:37:30,SUCCESS,11,17280.0
TXN000592,ACC0103,M004,HomeNest,Furniture,8043,Card,2026-08-24 11:37:30,SUCCESS,11,5760.0
TXN000593,ACC0103,M002,StyleHub,Fashion,657,UPI,2026-08-26 11:37:30,SUCCESS,11,2880.0
TXN000594,ACC0103,M002,StyleHub,Fashion,1775,UPI,2026-10-03 11:37:30,SUCCESS,11,54720.0
TXN000595,ACC0103,M003,FreshMart,Grocery,1145,Card,2026-09-12 11:37:30,SUCCESS,11,-30240.0
TXN000596,ACC0103,M005,FitFuel,Health,2123,UPI,2026-10-25 11:37:30,SUCCESS,11,61920.0
TXN000597,ACC0103,M002,StyleHub,Fashion,1655,UPI,2026-10-24 11:37:30,SUCCESS,11,-1440.0
TXN000598,ACC0104,M003,FreshMart,Grocery,740,Card,2026-08-05 11:37:30,SUCCESS,11,
TXN000599,ACC0104,M002,StyleHub,Fashion,1846,UPI,2026-08-07 11:37:30,SUCCESS,11,2880.0
TXN000600,ACC0104,M005,FitFuel,Health,958,Card,2026-08-13 11:37:30,SUCCESS,11,8640.0
TXN000601,ACC0104,M002,StyleHub,Fashion,1118,NetBanking,2026-08-23 11:37:30,SUCCESS,11,14400.0
TXN000602,ACC0105,M002,StyleHub,Fashion,1060,UPI,2026-06-10 11:37:30,SUCCESS,11,
TXN000603,ACC0105,M003,FreshMart,Grocery,1326,UPI,2026-06-12 11:37:30,SUCCESS,11,2880.0
TXN000604,ACC0105,M003,FreshMart,Grocery,527,UPI,2026-06-22 11:37:30,SUCCESS,11,14400.0
TXN000605,ACC0105,M001,TechKart,Electronics,3396,Wallet,2026-07-19 11:37:30,SUCCESS,11,38880.0
TXN000606,ACC0105,M003,FreshMart,Grocery,1068,UPI,2026-06-26 11:37:30,SUCCESS,11,-33120.0
TXN000607,ACC0105,M005,FitFuel,Health,1535,UPI,2026-06-30 11:37:30,SUCCESS,11,5760.0
TXN000608,ACC0105,M004,HomeNest,Furniture,9627,UPI,2026-06-22 11:37:30,SUCCESS,11,-11520.0
TXN000609,ACC0106,M002,StyleHub,Fashion,417,Wallet,2026-07-07 11:37:30,SUCCESS,11,
TXN000610,ACC0106,M005,FitFuel,Health,1656,Card,2026-07-17 11:37:30,SUCCESS,11,14400.0
TXN000611,ACC0106,M004,HomeNest,Furniture,9339,UPI,2026-07-19 11:37:30,SUCCESS,11,2880.0
TXN000612,ACC0107,M002,StyleHub,Fashion,2210,UPI,2026-06-22 11:37:30,SUCCESS,11,
TXN000613,ACC0107,M004,HomeNest,Furniture,9374,UPI,2026-06-25 11:37:30,SUCCESS,11,4320.0
TXN000614,ACC0107,M005,FitFuel,Health,778,UPI,2026-07-16 11:37:30,SUCCESS,11,30240.0
TXN000615,ACC0107,M005,FitFuel,Health,1202,UPI,2026-07-16 11:37:30,SUCCESS,11,0.0
TXN000616,ACC0107,M003,FreshMart,Grocery,262,Card,2026-07-04 11:37:30,SUCCESS,11,-17280.0
TXN000617,ACC0107,M005,FitFuel,Health,2456,UPI,2026-07-17 11:37:30,SUCCESS,11,18720.0
TXN000618,ACC0107,M003,FreshMart,Grocery,550,UPI,2026-09-14 11:37:30,SUCCESS,11,84960.0
TXN000619,ACC0107,M004,HomeNest,Furniture,7546,Card,2026-08-31 11:37:30,SUCCESS,11,-20160.0
TXN000620,ACC0108,M002,StyleHub,Fashion,2408,UPI,2026-06-30 11:37:30,SUCCESS,11,
TXN000621,ACC0108,M005,FitFuel,Health,529,Wallet,2026-07-11 11:37:30,SUCCESS,11,15840.0
TXN000622,ACC0109,M004,HomeNest,Furniture,5028,UPI,2026-07-15 11:37:30,SUCCESS,11,
TXN000623,ACC0109,M003,FreshMart,Grocery,856,UPI,2026-07-17 11:37:30,SUCCESS,11,2880.0
TXN000624,ACC0109,M005,FitFuel,Health,658,UPI,2026-08-02 11:37:30,SUCCESS,11,23040.0
TXN000625,ACC0109,M004,HomeNest,Furniture,8583,UPI,2026-08-11 11:37:30,SUCCESS,11,12960.0
TXN000626,ACC0110,M004,HomeNest,Furniture,3143,NetBanking,2026-07-11 11:37:30,SUCCESS,11,
TXN000627,ACC0110,M001,TechKart,Electronics,1976,UPI,2026-07-22 11:37:30,SUCCESS,11,15840.0
TXN000628,ACC0110,M005,FitFuel,Health,1673,UPI,2026-07-29 11:37:30,SUCCESS,11,10080.0
TXN000629,ACC0111,M001,TechKart,Electronics,4154,Card,2026-07-17 11:37:30,SUCCESS,11,
TXN000630,ACC0111,M004,HomeNest,Furniture,3432,Card,2026-07-23 11:37:30,SUCCESS,11,8640.0
TXN000631,ACC0111,M005,FitFuel,Health,860,UPI,2026-08-12 11:37:30,SUCCESS,11,28800.0
TXN000632,ACC0111,M004,HomeNest,Furniture,4371,Card,2026-08-31 11:37:30,SUCCESS,11,27360.0
TXN000633,ACC0111,M003,FreshMart,Grocery,1348,UPI,2026-07-25 11:37:30,SUCCESS,11,-53280.0
TXN000634,ACC0111,M004,HomeNest,Furniture,3839,UPI,2026-09-05 11:37:30,SUCCESS,11,60480.0
TXN000635,ACC0112,M003,FreshMart,Grocery,1461,NetBanking,2026-08-15 11:37:30,SUCCESS,11,
TXN000636,ACC0112,M001,TechKart,Electronics,3156,UPI,2026-08-24 11:37:30,SUCCESS,11,12960.0
TXN000637,ACC0113,M002,StyleHub,Fashion,516,UPI,2026-06-07 11:37:30,SUCCESS,11,
TXN000638,ACC0113,M004,HomeNest,Furniture,9951,UPI,2026-06-13 11:37:30,SUCCESS,11,8640.0
TXN000639,ACC0113,M003,FreshMart,Grocery,1340,UPI,2026-07-03 11:37:30,SUCCESS,11,28800.0
TXN000640,ACC0113,M003,FreshMart,Grocery,1436,Card,2026-07-01 11:37:30,SUCCESS,11,-2880.0
TXN000641,ACC0113,M001,TechKart,Electronics,3857,UPI,2026-07-29 11:37:30,SUCCESS,11,40320.0
TXN000642,ACC0114,M003,FreshMart,Grocery,483,Card,2026-09-01 11:37:30,SUCCESS,11,
TXN000643,ACC0114,M003,FreshMart,Grocery,1094,NetBanking,2026-09-05 11:37:30,SUCCESS,11,5760.0
TXN000644,ACC0114,M003,FreshMart,Grocery,484,UPI,2026-09-09 11:37:30,SUCCESS,11,5760.0
TXN000645,ACC0114,M004,HomeNest,Furniture,7212,Wallet,2026-09-22 11:37:30,SUCCESS,11,18720.0
TXN000646,ACC0114,M001,TechKart,Electronics,3174,UPI,2026-09-29 11:37:30,SUCCESS,11,10080.0
TXN000647,ACC0114,M001,TechKart,Electronics,2387,Card,2026-10-31 11:37:30,SUCCESS,11,46080.0
TXN000648,ACC0115,M002,StyleHub,Fashion,1721,NetBanking,2026-08-22 11:37:30,SUCCESS,11,
TXN000649,ACC0115,M003,FreshMart,Grocery,705,Card,2026-09-06 11:37:30,SUCCESS,11,21600.0
TXN000650,ACC0115,M003,FreshMart,Grocery,346,UPI,2026-09-17 11:37:30,SUCCESS,11,15840.0
TXN000651,ACC0116,M002,StyleHub,Fashion,1552,UPI,2026-08-16 11:37:30,SUCCESS,11,
TXN000652,ACC0116,M004,HomeNest,Furniture,4787,Wallet,2026-08-25 11:37:30,SUCCESS,11,12960.0
TXN000653,ACC0116,M001,TechKart,Electronics,2584,UPI,2026-08-24 11:37:30,SUCCESS,11,-1440.0
TXN000654,ACC0116,M002,StyleHub,Fashion,866,UPI,2026-08-31 11:37:30,SUCCESS,11,10080.0
TXN000655,ACC0117,M002,StyleHub,Fashion,471,UPI,2026-08-20 11:37:30,SUCCESS,11,
TXN000656,ACC0117,M003,FreshMart,Grocery,434,NetBanking,2026-08-26 11:37:30,SUCCESS,11,8640.0
TXN000657,ACC0118,M003,FreshMart,Grocery,502,Card,2026-06-29 11:37:30,SUCCESS,11,
TXN000658,ACC0118,M001,TechKart,Electronics,2621,UPI,2026-07-01 11:37:30,SUCCESS,11,2880.0
TXN000659,ACC0118,M002,StyleHub,Fashion,1328,UPI,2026-07-25 11:37:30,SUCCESS,11,34560.0
TXN000660,ACC0118,M002,StyleHub,Fashion,721,UPI,2026-07-14 11:37:30,SUCCESS,11,-15840.0
TXN000661,ACC0118,M001,TechKart,Electronics,1436,UPI,2026-08-24 11:37:30,SUCCESS,11,59040.0
TXN000662,ACC0118,M004,HomeNest,Furniture,2348,UPI,2026-08-13 11:37:30,SUCCESS,11,-15840.0
TXN000663,ACC0119,M005,FitFuel,Health,542,UPI,2026-06-11 11:37:30,SUCCESS,11,
TXN000664,ACC0119,M001,TechKart,Electronics,1342,UPI,2026-06-17 11:37:30,SUCCESS,11,8640.0
TXN000665,ACC0120,M001,TechKart,Electronics,2482,Card,2026-08-22 11:37:30,SUCCESS,11,
TXN000666,ACC0120,M002,StyleHub,Fashion,1839,UPI,2026-08-27 11:37:30,SUCCESS,11,7200.0
TXN000667,ACC0121,M003,FreshMart,Grocery,871,UPI,2026-07-30 11:37:30,SUCCESS,11,
TXN000668,ACC0121,M005,FitFuel,Health,1290,UPI,2026-08-09 11:37:30,SUCCESS,11,14400.0
TXN000669,ACC0121,M001,TechKart,Electronics,914,UPI,2026-08-05 11:37:30,SUCCESS,11,-5760.0
TXN000670,ACC0122,M002,StyleHub,Fashion,417,Wallet,2026-08-10 11:37:30,SUCCESS,11,
TXN000671,ACC0122,M002,StyleHub,Fashion,2465,NetBanking,2026-08-13 11:37:30,SUCCESS,11,4320.0
TXN000672,ACC0122,M003,FreshMart,Grocery,1357,UPI,2026-08-28 11:37:30,SUCCESS,11,21600.0
TXN000673,ACC0122,M001,TechKart,Electronics,2281,NetBanking,2026-09-15 11:37:30,SUCCESS,11,25920.0
TXN000674,ACC0122,M004,HomeNest,Furniture,3755,UPI,2026-09-11 11:37:30,SUCCESS,11,-5760.0
TXN000675,ACC0122,M001,TechKart,Electronics,3374,UPI,2026-09-19 11:37:30,SUCCESS,11,11520.0
TXN000676,ACC0122,M005,FitFuel,Health,856,UPI,2026-08-28 11:37:30,SUCCESS,11,-31680.0
TXN000677,ACC0123,M001,TechKart,Electronics,1473,UPI,2026-07-29 11:37:30,SUCCESS,11,
TXN000678,ACC0123,M004,HomeNest,Furniture,4323,UPI,2026-08-01 11:37:30,SUCCESS,11,4320.0
TXN000679,ACC0123,M003,FreshMart,Grocery,1059,UPI,2026-08-24 11:37:30,SUCCESS,11,33120.0
TXN000680,ACC0123,M003,FreshMart,Grocery,1026,UPI,2026-08-22 11:37:30,SUCCESS,11,-2880.0
TXN000681,ACC0124,M003,FreshMart,Grocery,517,UPI,2026-07-05 11:37:30,SUCCESS,11,
TXN000682,ACC0124,M004,HomeNest,Furniture,7505,UPI,2026-07-17 11:37:30,SUCCESS,11,17280.0
TXN000683,ACC0125,M001,TechKart,Electronics,1776,UPI,2026-06-29 11:37:30,SUCCESS,11,
TXN000684,ACC0125,M005,FitFuel,Health,716,Card,2026-07-07 11:37:30,SUCCESS,11,11520.0
TXN000685,ACC0125,M001,TechKart,Electronics,3779,Wallet,2026-07-07 11:37:30,SUCCESS,11,0.0
TXN000686,ACC0125,M002,StyleHub,Fashion,2055,UPI,2026-07-20 11:37:30,SUCCESS,11,18720.0
TXN000687,ACC0125,M004,HomeNest,Furniture,7940,UPI,2026-08-28 11:37:30,SUCCESS,11,56160.0
TXN000688,ACC0126,M003,FreshMart,Grocery,1468,Wallet,2026-06-21 11:37:30,SUCCESS,11,
TXN000689,ACC0126,M004,HomeNest,Furniture,7461,Card,2026-06-28 11:37:30,SUCCESS,11,10080.0
TXN000690,ACC0126,M004,HomeNest,Furniture,6189,UPI,2026-07-07 11:37:30,SUCCESS,11,12960.0
TXN000691,ACC0126,M004,HomeNest,Furniture,2885,UPI,2026-08-02 11:37:30,SUCCESS,11,37440.0
TXN000692,ACC0126,M004,HomeNest,Furniture,3890,Card,2026-07-27 11:37:30,SUCCESS,11,-8640.0
TXN000693,ACC0126,M001,TechKart,Electronics,1615,Card,2026-07-11 11:37:30,SUCCESS,11,-23040.0
TXN000694,ACC0126,M001,TechKart,Electronics,4880,Card,2026-09-19 11:37:30,SUCCESS,11,100800.0
TXN000695,ACC0126,M004,HomeNest,Furniture,6952,Card,2026-07-19 11:37:30,SUCCESS,11,-89280.0
TXN000696,ACC0127,M005,FitFuel,Health,694,Card,2026-07-27 11:37:30,SUCCESS,11,
TXN000697,ACC0127,M005,FitFuel,Health,2316,Card,2026-08-08 11:37:30,SUCCESS,11,17280.0
TXN000698,ACC0127,M003,FreshMart,Grocery,1169,UPI,2026-08-06 11:37:30,SUCCESS,11,-2880.0
TXN000699,ACC0128,M005,FitFuel,Health,372,Wallet,2026-06-26 11:37:30,SUCCESS,11,
TXN000700,ACC0128,M004,HomeNest,Furniture,9209,Wallet,2026-06-28 11:37:30,SUCCESS,11,2880.0
TXN000701,ACC0128,M004,HomeNest,Furniture,4576,NetBanking,2026-07-12 11:37:30,SUCCESS,11,20160.0
TXN000702,ACC0128,M004,HomeNest,Furniture,2294,UPI,2026-07-23 11:37:30,SUCCESS,11,15840.0
TXN000703,ACC0129,M003,FreshMart,Grocery,486,UPI,2026-06-11 11:37:30,SUCCESS,11,
TXN000704,ACC0129,M003,FreshMart,Grocery,946,UPI,2026-06-15 11:37:30,SUCCESS,11,5760.0
TXN000705,ACC0129,M005,FitFuel,Health,2309,Card,2026-06-17 11:37:30,SUCCESS,11,2880.0
TXN000706,ACC0129,M005,FitFuel,Health,2224,UPI,2026-07-17 11:37:30,SUCCESS,11,43200.0
TXN000707,ACC0129,M002,StyleHub,Fashion,2475,UPI,2026-08-10 11:37:30,SUCCESS,11,34560.0
TXN000708,ACC0129,M004,HomeNest,Furniture,6841,Wallet,2026-07-11 11:37:30,SUCCESS,11,-43200.0
TXN000709,ACC0130,M003,FreshMart,Grocery,806,UPI,2026-06-09 11:37:30,SUCCESS,11,
TXN000710,ACC0130,M001,TechKart,Electronics,1850,NetBanking,2026-06-20 11:37:30,SUCCESS,11,15840.0
TXN000711,ACC0130,M005,FitFuel,Health,410,Card,2026-06-23 11:37:30,SUCCESS,11,4320.0
TXN000712,ACC0130,M003,FreshMart,Grocery,929,UPI,2026-07-15 11:37:30,SUCCESS,11,31680.0
TXN000713,ACC0130,M003,FreshMart,Grocery,993,UPI,2026-07-07 11:37:30,SUCCESS,11,-11520.0
TXN000714,ACC0130,M002,StyleHub,Fashion,1414,UPI,2026-08-08 11:37:30,SUCCESS,11,46080.0
TXN000715,ACC0131,M001,TechKart,Electronics,3297,UPI,2026-06-20 11:37:30,SUCCESS,11,
TXN000716,ACC0131,M001,TechKart,Electronics,3471,UPI,2026-06-24 11:37:30,SUCCESS,11,5760.0
TXN000717,ACC0131,M004,HomeNest,Furniture,6653,UPI,2026-07-14 11:37:30,SUCCESS,11,28800.0
TXN000718,ACC0131,M003,FreshMart,Grocery,191,Card,2026-07-14 11:37:30,SUCCESS,11,0.0
TXN000719,ACC0132,M004,HomeNest,Furniture,6672,UPI,2026-09-01 11:37:30,SUCCESS,11,
TXN000720,ACC0132,M001,TechKart,Electronics,4800,UPI,2026-09-12 11:37:30,SUCCESS,11,15840.0
TXN000721,ACC0132,M002,StyleHub,Fashion,1776,UPI,2026-09-25 11:37:30,SUCCESS,11,18720.0
TXN000722,ACC0132,M003,FreshMart,Grocery,491,Card,2026-10-13 11:37:30,SUCCESS,11,25920.0
TXN000723,ACC0132,M004,HomeNest,Furniture,3652,UPI,2026-09-29 11:37:30,SUCCESS,11,-20160.0
TXN000724,ACC0132,M001,TechKart,Electronics,2553,UPI,2026-11-15 11:37:30,SUCCESS,11,67680.0
TXN000725,ACC0133,M004,HomeNest,Furniture,8591,UPI,2026-07-27 11:37:30,SUCCESS,11,
TXN000726,ACC0133,M001,TechKart,Electronics,1576,Card,2026-08-09 11:37:30,SUCCESS,11,18720.0
TXN000727,ACC0134,M005,FitFuel,Health,2246,UPI,2026-08-26 11:37:30,SUCCESS,11,
TXN000728,ACC0134,M001,TechKart,Electronics,3272,UPI,2026-09-02 11:37:30,SUCCESS,11,10080.0
TXN000729,ACC0134,M004,HomeNest,Furniture,7435,UPI,2026-09-07 11:37:30,SUCCESS,11,7200.0
TXN000730,ACC0134,M004,HomeNest,Furniture,5295,UPI,2026-09-10 11:37:30,SUCCESS,11,4320.0
TXN000731,ACC0135,M005,FitFuel,Health,1039,NetBanking,2026-07-07 11:37:30,SUCCESS,11,
TXN000732,ACC0135,M005,FitFuel,Health,1064,Card,2026-07-19 11:37:30,SUCCESS,11,17280.0
TXN000733,ACC0135,M004,HomeNest,Furniture,4194,Wallet,2026-07-17 11:37:30,SUCCESS,11,-2880.0
TXN000734,ACC0135,M005,FitFuel,Health,2076,Wallet,2026-08-06 11:37:30,SUCCESS,11,28800.0
TXN000735,ACC0135,M001,TechKart,Electronics,2443,UPI,2026-08-28 11:37:30,SUCCESS,11,31680.0
TXN000736,ACC0135,M002,StyleHub,Fashion,1016,Card,2026-07-27 11:37:30,SUCCESS,11,-46080.0
TXN000737,ACC0136,M004,HomeNest,Furniture,5360,UPI,2026-07-27 11:37:30,SUCCESS,11,
TXN000738,ACC0136,M001,TechKart,Electronics,2467,NetBanking,2026-08-11 11:37:30,SUCCESS,11,21600.0
TXN000739,ACC0136,M003,FreshMart,Grocery,1473,UPI,2026-08-08 11:37:30,SUCCESS,11,-4320.0
TXN000740,ACC0136,M005,FitFuel,Health,1267,UPI,2026-09-01 11:37:30,SUCCESS,11,34560.0
TXN000741,ACC0136,M002,StyleHub,Fashion,1186,UPI,2026-08-08 11:37:30,SUCCESS,11,-34560.0
TXN000742,ACC0136,M003,FreshMart,Grocery,1100,UPI,2026-10-05 11:37:30,SUCCESS,11,83520.0
TXN000743,ACC0136,M004,HomeNest,Furniture,7299,Wallet,2026-09-13 11:37:30,SUCCESS,11,-31680.0
TXN000744,ACC0136,M002,StyleHub,Fashion,1517,UPI,2026-08-31 11:37:30,SUCCESS,11,-18720.0
TXN000745,ACC0137,M005,FitFuel,Health,1020,Card,2026-07-30 11:37:30,SUCCESS,11,
TXN000746,ACC0137,M004,HomeNest,Furniture,8408,UPI,2026-08-01 11:37:30,SUCCESS,11,2880.0
TXN000747,ACC0137,M001,TechKart,Electronics,3371,Card,2026-08-29 11:37:30,SUCCESS,11,40320.0
TXN000748,ACC0137,M001,TechKart,Electronics,4134,NetBanking,2026-09-13 11:37:30,SUCCESS,11,21600.0
TXN000749,ACC0138,M004,HomeNest,Furniture,9726,NetBanking,2026-06-11 11:37:30,SUCCESS,11,
TXN000750,ACC0138,M002,StyleHub,Fashion,1366,UPI,2026-06-26 11:37:30,SUCCESS,11,21600.0
TXN000751,ACC0138,M005,FitFuel,Health,794,UPI,2026-07-07 11:37:30,SUCCESS,11,15840.0
TXN000752,ACC0138,M005,FitFuel,Health,2451,UPI,2026-07-26 11:37:30,SUCCESS,11,27360.0
TXN000753,ACC0138,M002,StyleHub,Fashion,900,Card,2026-06-23 11:37:30,SUCCESS,11,-47520.0
TXN000754,ACC0138,M003,FreshMart,Grocery,1346,Card,2026-07-16 11:37:30,SUCCESS,11,33120.0
TXN000755,ACC0138,M002,StyleHub,Fashion,2132,UPI,2026-09-03 11:37:30,SUCCESS,11,70560.0
TXN000756,ACC0139,M003,FreshMart,Grocery,1050,UPI,2026-08-12 11:37:30,SUCCESS,11,
TXN000757,ACC0139,M005,FitFuel,Health,529,UPI,2026-08-27 11:37:30,SUCCESS,11,21600.0
TXN000758,ACC0140,M003,FreshMart,Grocery,1267,UPI,2026-06-06 11:37:30,SUCCESS,11,
TXN000759,ACC0140,M002,StyleHub,Fashion,1537,NetBanking,2026-06-18 11:37:30,SUCCESS,11,17280.0
TXN000760,ACC0140,M003,FreshMart,Grocery,1123,Card,2026-06-14 11:37:30,SUCCESS,11,-5760.0
TXN000761,ACC0140,M003,FreshMart,Grocery,193,Card,2026-07-21 11:37:30,SUCCESS,11,53280.0
TXN000762,ACC0141,M001,TechKart,Electronics,2763,UPI,2026-08-30 11:37:30,SUCCESS,11,
TXN000763,ACC0141,M003,FreshMart,Grocery,1458,Wallet,2026-09-07 11:37:30,SUCCESS,11,11520.0
TXN000764,ACC0141,M001,TechKart,Electronics,2736,NetBanking,2026-09-13 11:37:30,SUCCESS,11,8640.0
TXN000765,ACC0141,M001,TechKart,Electronics,4019,Wallet,2026-09-23 11:37:30,SUCCESS,11,14400.0
TXN000766,ACC0141,M003,FreshMart,Grocery,334,Wallet,2026-09-23 11:37:30,SUCCESS,11,0.0
TXN000767,ACC0141,M002,StyleHub,Fashion,1618,UPI,2026-11-08 11:37:30,SUCCESS,11,66240.0
TXN000768,ACC0142,M003,FreshMart,Grocery,1469,UPI,2026-07-09 11:37:30,SUCCESS,11,
TXN000769,ACC0142,M003,FreshMart,Grocery,314,NetBanking,2026-07-11 11:37:30,SUCCESS,11,2880.0
TXN000770,ACC0142,M004,HomeNest,Furniture,8037,UPI,2026-07-27 11:37:30,SUCCESS,11,23040.0
TXN000771,ACC0143,M004,HomeNest,Furniture,9182,Wallet,2026-07-23 11:37:30,SUCCESS,11,
TXN000772,ACC0143,M002,StyleHub,Fashion,1468,UPI,2026-07-26 11:37:30,SUCCESS,11,4320.0
TXN000773,ACC0143,M004,HomeNest,Furniture,6932,Card,2026-08-06 11:37:30,SUCCESS,11,15840.0
TXN000774,ACC0143,M003,FreshMart,Grocery,1078,Card,2026-08-22 11:37:30,SUCCESS,11,23040.0
TXN000775,ACC0143,M001,TechKart,Electronics,2305,Card,2026-09-17 11:37:30,SUCCESS,11,37440.0
TXN000776,ACC0143,M002,StyleHub,Fashion,412,UPI,2026-10-01 11:37:30,SUCCESS,11,20160.0
TXN000777,ACC0143,M003,FreshMart,Grocery,792,Card,2026-10-03 11:37:30,SUCCESS,11,2880.0
TXN000778,ACC0143,M002,StyleHub,Fashion,1422,UPI,2026-08-13 11:37:30,SUCCESS,11,-73440.0
TXN000779,ACC0144,M002,StyleHub,Fashion,2080,Card,2026-06-12 11:37:30,SUCCESS,11,
TXN000780,ACC0144,M004,HomeNest,Furniture,5918,NetBanking,2026-06-19 11:37:30,SUCCESS,11,10080.0
TXN000781,ACC0144,M003,FreshMart,Grocery,505,Card,2026-06-20 11:37:30,SUCCESS,11,1440.0
TXN000782,ACC0144,M003,FreshMart,Grocery,727,UPI,2026-07-27 11:37:30,SUCCESS,11,53280.0
TXN000783,ACC0144,M003,FreshMart,Grocery,522,UPI,2026-07-14 11:37:30,SUCCESS,11,-18720.0
TXN000784,ACC0144,M005,FitFuel,Health,1219,UPI,2026-07-22 11:37:30,SUCCESS,11,11520.0
TXN000785,ACC0144,M005,FitFuel,Health,1236,Wallet,2026-06-24 11:37:30,SUCCESS,11,-40320.0
TXN000786,ACC0144,M002,StyleHub,Fashion,1472,Card,2026-08-14 11:37:30,SUCCESS,11,73440.0
TXN000787,ACC0145,M005,FitFuel,Health,2056,Card,2026-08-28 11:37:30,SUCCESS,11,
TXN000788,ACC0145,M001,TechKart,Electronics,3814,UPI,2026-09-01 11:37:30,SUCCESS,11,5760.0
TXN000789,ACC0145,M001,TechKart,Electronics,915,Card,2026-09-19 11:37:30,SUCCESS,11,25920.0
TXN000790,ACC0146,M004,HomeNest,Furniture,2970,UPI,2026-07-07 11:37:30,SUCCESS,11,
TXN000791,ACC0146,M002,StyleHub,Fashion,1490,UPI,2026-07-12 11:37:30,SUCCESS,11,7200.0
TXN000792,ACC0146,M004,HomeNest,Furniture,3066,UPI,2026-07-25 11:37:30,SUCCESS,11,18720.0
TXN000793,ACC0146,M005,FitFuel,Health,1182,Wallet,2026-07-22 11:37:30,SUCCESS,11,-4320.0
TXN000794,ACC0146,M002,StyleHub,Fashion,2113,UPI,2026-07-31 11:37:30,SUCCESS,11,12960.0
TXN000795,ACC0147,M003,FreshMart,Grocery,686,UPI,2026-08-16 11:37:30,SUCCESS,11,
TXN000796,ACC0147,M002,StyleHub,Fashion,1914,Card,2026-08-25 11:37:30,SUCCESS,11,12960.0
TXN000797,ACC0147,M004,HomeNest,Furniture,2702,UPI,2026-09-09 11:37:30,SUCCESS,11,21600.0
TXN000798,ACC0147,M003,FreshMart,Grocery,964,Card,2026-08-28 11:37:30,SUCCESS,11,-17280.0
TXN000799,ACC0147,M004,HomeNest,Furniture,7803,UPI,2026-10-07 11:37:30,SUCCESS,11,57600.0
TXN000800,ACC0147,M003,FreshMart,Grocery,299,UPI,2026-10-10 11:37:30,SUCCESS,11,4320.0
TXN000801,ACC0147,M001,TechKart,Electronics,3526,Wallet,2026-08-28 11:37:30,SUCCESS,11,-61920.0
TXN000802,ACC0147,M003,FreshMart,Grocery,1391,Wallet,2026-10-18 11:37:30,SUCCESS,11,73440.0
TXN000803,ACC0148,M001,TechKart,Electronics,843,UPI,2026-06-19 11:37:30,SUCCESS,11,
TXN000804,ACC0148,M004,HomeNest,Furniture,4478,Wallet,2026-06-30 11:37:30,SUCCESS,11,15840.0
TXN000805,ACC0148,M003,FreshMart,Grocery,420,Wallet,2026-07-13 11:37:30,SUCCESS,11,18720.0
TXN000806,ACC0148,M001,TechKart,Electronics,2269,UPI,2026-07-19 11:37:30,SUCCESS,11,8640.0
TXN000807,ACC0148,M004,HomeNest,Furniture,9621,UPI,2026-07-29 11:37:30,SUCCESS,11,14400.0
TXN000808,ACC0148,M002,StyleHub,Fashion,767,UPI,2026-08-03 11:37:30,SUCCESS,11,7200.0
TXN000809,ACC0148,M004,HomeNest,Furniture,3161,UPI,2026-08-18 11:37:30,SUCCESS,11,21600.0
TXN000810,ACC0148,M001,TechKart,Electronics,1847,UPI,2026-08-07 11:37:30,SUCCESS,11,-15840.0
TXN000811,ACC0149,M003,FreshMart,Grocery,1030,UPI,2026-07-30 11:37:30,SUCCESS,11,
TXN000812,ACC0149,M005,FitFuel,Health,1380,UPI,2026-08-05 11:37:30,SUCCESS,11,8640.0
TXN000813,ACC0149,M002,StyleHub,Fashion,1692,Card,2026-08-15 11:37:30,SUCCESS,11,14400.0
TXN000814,ACC0149,M002,StyleHub,Fashion,2202,UPI,2026-08-26 11:37:30,SUCCESS,11,15840.0
TXN000815,ACC0149,M001,TechKart,Electronics,2683,UPI,2026-08-15 11:37:30,SUCCESS,11,-15840.0
TXN000816,ACC0149,M003,FreshMart,Grocery,484,Card,2026-09-13 11:37:30,SUCCESS,11,41760.0
TXN000817,ACC0149,M001,TechKart,Electronics,4854,UPI,2026-09-16 11:37:30,SUCCESS,11,4320.0
TXN000818,ACC0149,M005,FitFuel,Health,2287,UPI,2026-09-17 11:37:30,SUCCESS,11,1440.0
TXN000819,ACC0150,M003,FreshMart,Grocery,341,UPI,2026-08-16 11:37:30,SUCCESS,11,
TXN000820,ACC0150,M002,StyleHub,Fashion,1089,Card,2026-08-22 11:37:30,SUCCESS,11,8640.0
TXN000821,ACC0151,M005,FitFuel,Health,1169,Card,2026-07-31 11:37:30,SUCCESS,11,
TXN000822,ACC0151,M005,FitFuel,Health,1039,UPI,2026-08-02 11:37:30,SUCCESS,11,2880.0
TXN000823,ACC0151,M002,StyleHub,Fashion,2440,Card,2026-08-06 11:37:30,SUCCESS,11,5760.0
TXN000824,ACC0151,M001,TechKart,Electronics,3128,Card,2026-08-21 11:37:30,SUCCESS,11,21600.0
TXN000825,ACC0151,M001,TechKart,Electronics,4029,UPI,2026-09-17 11:37:30,SUCCESS,11,38880.0
TXN000826,ACC0151,M003,FreshMart,Grocery,464,UPI,2026-08-15 11:37:30,SUCCESS,11,-47520.0
TXN000827,ACC0151,M004,HomeNest,Furniture,5719,Card,2026-09-23 11:37:30,SUCCESS,11,56160.0
TXN000828,ACC0151,M005,FitFuel,Health,323,UPI,2026-09-11 11:37:30,SUCCESS,11,-17280.0
TXN000829,ACC0152,M004,HomeNest,Furniture,4661,Wallet,2026-06-12 11:37:30,SUCCESS,11,
TXN000830,ACC0152,M005,FitFuel,Health,829,UPI,2026-06-25 11:37:30,SUCCESS,11,18720.0
TXN000831,ACC0153,M003,FreshMart,Grocery,263,Card,2026-06-13 11:37:30,SUCCESS,11,
TXN000832,ACC0153,M005,FitFuel,Health,1862,UPI,2026-06-23 11:37:30,SUCCESS,11,14400.0
TXN000833,ACC0154,M004,HomeNest,Furniture,2730,UPI,2026-08-12 11:37:30,SUCCESS,11,
TXN000834,ACC0154,M002,StyleHub,Fashion,1991,Card,2026-08-17 11:37:30,SUCCESS,11,7200.0
TXN000835,ACC0154,M002,StyleHub,Fashion,893,UPI,2026-08-24 11:37:30,SUCCESS,11,10080.0
TXN000836,ACC0154,M004,HomeNest,Furniture,8028,NetBanking,2026-09-23 11:37:30,SUCCESS,11,43200.0
TXN000837,ACC0155,M002,StyleHub,Fashion,1870,Card,2026-06-08 11:37:30,SUCCESS,11,
TXN000838,ACC0155,M003,FreshMart,Grocery,1199,UPI,2026-06-23 11:37:30,SUCCESS,11,21600.0
TXN000839,ACC0155,M004,HomeNest,Furniture,5902,UPI,2026-06-26 11:37:30,SUCCESS,11,4320.0
TXN000840,ACC0155,M004,HomeNest,Furniture,2739,Card,2026-07-11 11:37:30,SUCCESS,11,21600.0
TXN000841,ACC0156,M002,StyleHub,Fashion,2178,Card,2026-07-18 11:37:30,SUCCESS,11,
TXN000842,ACC0156,M001,TechKart,Electronics,3599,Wallet,2026-07-21 11:37:30,SUCCESS,11,4320.0
TXN000843,ACC0156,M002,StyleHub,Fashion,1035,Wallet,2026-08-11 11:37:30,SUCCESS,11,30240.0
TXN000844,ACC0156,M005,FitFuel,Health,643,UPI,2026-08-17 11:37:30,SUCCESS,11,8640.0
TXN000845,ACC0156,M001,TechKart,Electronics,4712,UPI,2026-08-19 11:37:30,SUCCESS,11,2880.0
TXN000846,ACC0156,M003,FreshMart,Grocery,659,UPI,2026-08-07 11:37:30,SUCCESS,11,-17280.0
TXN000847,ACC0156,M005,FitFuel,Health,495,Card,2026-08-23 11:37:30,SUCCESS,11,23040.0
TXN000848,ACC0156,M005,FitFuel,Health,740,UPI,2026-08-01 11:37:30,SUCCESS,11,-31680.0
TXN000849,ACC0157,M005,FitFuel,Health,1337,UPI,2026-08-22 11:37:30,SUCCESS,11,
TXN000850,ACC0157,M001,TechKart,Electronics,4924,UPI,2026-09-02 11:37:30,SUCCESS,11,15840.0
TXN000851,ACC0157,M004,HomeNest,Furniture,3470,Card,2026-09-17 11:37:30,SUCCESS,11,21600.0
TXN000852,ACC0157,M004,HomeNest,Furniture,2370,UPI,2026-10-06 11:37:30,SUCCESS,11,27360.0
TXN000853,ACC0157,M003,FreshMart,Grocery,792,Card,2026-10-13 11:37:30,SUCCESS,11,10080.0
TXN000854,ACC0158,M005,FitFuel,Health,1385,UPI,2026-06-10 11:37:30,SUCCESS,11,
TXN000855,ACC0158,M002,StyleHub,Fashion,1264,UPI,2026-06-25 11:37:30,SUCCESS,11,21600.0
TXN000856,ACC0158,M005,FitFuel,Health,1362,NetBanking,2026-07-06 11:37:30,SUCCESS,11,15840.0
TXN000857,ACC0158,M004,HomeNest,Furniture,6377,UPI,2026-06-19 11:37:30,SUCCESS,11,-24480.0
TXN000858,ACC0158,M001,TechKart,Electronics,908,UPI,2026-07-12 11:37:30,SUCCESS,11,33120.0
TXN000859,ACC0159,M004,HomeNest,Furniture,9117,Card,2026-07-07 11:37:30,SUCCESS,11,
TXN000860,ACC0159,M005,FitFuel,Health,2293,UPI,2026-07-20 11:37:30,SUCCESS,11,18720.0
TXN000861,ACC0159,M005,FitFuel,Health,1777,Card,2026-08-06 11:37:30,SUCCESS,11,24480.0
TXN000862,ACC0159,M004,HomeNest,Furniture,8591,UPI,2026-08-15 11:37:30,SUCCESS,11,12960.0
TXN000863,ACC0159,M002,StyleHub,Fashion,456,UPI,2026-07-23 11:37:30,SUCCESS,11,-33120.0
TXN000864,ACC0160,M002,StyleHub,Fashion,509,UPI,2026-09-01 11:37:30,SUCCESS,11,
TXN000865,ACC0160,M002,StyleHub,Fashion,1390,UPI,2026-09-13 11:37:30,SUCCESS,11,17280.0
TXN000866,ACC0160,M005,FitFuel,Health,1081,UPI,2026-09-25 11:37:30,SUCCESS,11,17280.0
TXN000867,ACC0160,M004,HomeNest,Furniture,3213,UPI,2026-10-13 11:37:30,SUCCESS,11,25920.0
TXN000868,ACC0160,M001,TechKart,Electronics,2160,Wallet,2026-09-09 11:37:30,SUCCESS,11,-48960.0
TXN000869,ACC0160,M004,HomeNest,Furniture,9895,UPI,2026-11-05 11:37:30,SUCCESS,11,82080.0
TXN000870,ACC0160,M004,HomeNest,Furniture,6794,UPI,2026-09-13 11:37:30,SUCCESS,11,-76320.0
TXN000871,ACC0160,M005,FitFuel,Health,1904,UPI,2026-10-13 11:37:30,SUCCESS,11,43200.0
TXN000872,ACC0161,M004,HomeNest,Furniture,5405,NetBanking,2026-08-21 11:37:30,SUCCESS,11,
TXN000873,ACC0161,M005,FitFuel,Health,1491,UPI,2026-09-03 11:37:30,SUCCESS,11,18720.0
TXN000874,ACC0162,M005,FitFuel,Health,2298,UPI,2026-07-03 11:37:30,SUCCESS,11,
TXN000875,ACC0162,M005,FitFuel,Health,377,UPI,2026-07-05 11:37:30,SUCCESS,11,2880.0
TXN000876,ACC0162,M005,FitFuel,Health,560,UPI,2026-07-17 11:37:30,SUCCESS,11,17280.0
TXN000877,ACC0162,M004,HomeNest,Furniture,9283,UPI,2026-08-08 11:37:30,SUCCESS,11,31680.0
TXN000878,ACC0162,M005,FitFuel,Health,1720,UPI,2026-08-08 11:37:30,SUCCESS,11,0.0
TXN000879,ACC0163,M003,FreshMart,Grocery,543,UPI,2026-09-01 11:37:30,SUCCESS,11,
TXN000880,ACC0163,M002,StyleHub,Fashion,2479,UPI,2026-09-10 11:37:30,SUCCESS,11,12960.0
TXN000881,ACC0163,M003,FreshMart,Grocery,1383,NetBanking,2026-09-25 11:37:30,SUCCESS,11,21600.0
TXN000882,ACC0163,M004,HomeNest,Furniture,3074,NetBanking,2026-10-10 11:37:30,SUCCESS,11,21600.0
TXN000883,ACC0163,M004,HomeNest,Furniture,9862,UPI,2026-10-23 11:37:30,SUCCESS,11,18720.0
TXN000884,ACC0164,M003,FreshMart,Grocery,1117,Card,2026-06-12 11:37:30,SUCCESS,11,
TXN000885,ACC0164,M002,StyleHub,Fashion,1248,UPI,2026-06-27 11:37:30,SUCCESS,11,21600.0
TXN000886,ACC0164,M001,TechKart,Electronics,4755,UPI,2026-07-08 11:37:30,SUCCESS,11,15840.0
TXN000887,ACC0164,M002,StyleHub,Fashion,2415,UPI,2026-06-27 11:37:30,SUCCESS,11,-15840.0
TXN000888,ACC0164,M004,HomeNest,Furniture,4487,UPI,2026-07-14 11:37:30,SUCCESS,11,24480.0
TXN000889,ACC0164,M001,TechKart,Electronics,948,UPI,2026-08-01 11:37:30,SUCCESS,11,25920.0
TXN000890,ACC0164,M003,FreshMart,Grocery,474,UPI,2026-07-18 11:37:30,SUCCESS,11,-20160.0
TXN000891,ACC0165,M001,TechKart,Electronics,3566,UPI,2026-07-01 11:37:30,SUCCESS,11,
TXN000892,ACC0165,M002,StyleHub,Fashion,894,Card,2026-07-12 11:37:30,SUCCESS,11,15840.0
TXN000893,ACC0165,M003,FreshMart,Grocery,846,Card,2026-07-19 11:37:30,SUCCESS,11,10080.0
TXN000894,ACC0165,M001,TechKart,Electronics,2991,NetBanking,2026-08-12 11:37:30,SUCCESS,11,34560.0
TXN000895,ACC0165,M005,FitFuel,Health,726,Card,2026-08-30 11:37:30,SUCCESS,11,25920.0
TXN000896,ACC0165,M004,HomeNest,Furniture,9886,NetBanking,2026-08-15 11:37:30,SUCCESS,11,-21600.0
TXN000897,ACC0165,M001,TechKart,Electronics,1634,NetBanking,2026-07-19 11:37:30,SUCCESS,11,-38880.0
TXN000898,ACC0165,M005,FitFuel,Health,731,UPI,2026-07-15 11:37:30,SUCCESS,11,-5760.0
TXN000899,ACC0166,M002,StyleHub,Fashion,1596,Card,2026-08-08 11:37:30,SUCCESS,11,
TXN000900,ACC0166,M005,FitFuel,Health,2341,Card,2026-08-22 11:37:30,SUCCESS,11,20160.0
TXN000901,ACC0167,M003,FreshMart,Grocery,835,NetBanking,2026-08-15 11:37:30,SUCCESS,11,
TXN000902,ACC0167,M002,StyleHub,Fashion,2198,Wallet,2026-08-18 11:37:30,SUCCESS,11,4320.0
TXN000903,ACC0168,M004,HomeNest,Furniture,4796,UPI,2026-09-03 11:37:30,SUCCESS,11,
TXN000904,ACC0168,M001,TechKart,Electronics,2979,UPI,2026-09-07 11:37:30,SUCCESS,11,5760.0
TXN000905,ACC0168,M004,HomeNest,Furniture,4954,Card,2026-10-01 11:37:30,SUCCESS,11,34560.0
TXN000906,ACC0168,M002,StyleHub,Fashion,2127,Card,2026-09-18 11:37:30,SUCCESS,11,-18720.0
TXN000907,ACC0168,M004,HomeNest,Furniture,5386,Wallet,2026-09-19 11:37:30,SUCCESS,11,1440.0
TXN000908,ACC0168,M005,FitFuel,Health,1781,Wallet,2026-10-18 11:37:30,SUCCESS,11,41760.0
TXN000909,ACC0168,M002,StyleHub,Fashion,440,Card,2026-10-27 11:37:30,SUCCESS,11,12960.0
TXN000910,ACC0168,M001,TechKart,Electronics,1494,UPI,2026-11-12 11:37:30,SUCCESS,11,23040.0
TXN000911,ACC0169,M001,TechKart,Electronics,4021,Card,2026-08-13 11:37:30,SUCCESS,11,
TXN000912,ACC0169,M002,StyleHub,Fashion,636,Wallet,2026-08-25 11:37:30,SUCCESS,11,17280.0
TXN000913,ACC0169,M005,FitFuel,Health,1511,UPI,2026-09-08 11:37:30,SUCCESS,11,20160.0
TXN000914,ACC0169,M005,FitFuel,Health,1546,Card,2026-09-18 11:37:30,SUCCESS,11,14400.0
TXN000915,ACC0169,M003,FreshMart,Grocery,166,NetBanking,2026-09-10 11:37:30,SUCCESS,11,-11520.0
TXN000916,ACC0170,M004,HomeNest,Furniture,5655,Card,2026-06-17 11:37:30,SUCCESS,11,
TXN000917,ACC0170,M005,FitFuel,Health,2111,Card,2026-06-27 11:37:30,SUCCESS,11,14400.0
TXN000918,ACC0170,M004,HomeNest,Furniture,8352,UPI,2026-07-15 11:37:30,SUCCESS,11,25920.0
TXN000919,ACC0170,M001,TechKart,Electronics,1102,UPI,2026-07-05 11:37:30,SUCCESS,11,-14400.0
TXN000920,ACC0170,M002,StyleHub,Fashion,1562,UPI,2026-07-19 11:37:30,SUCCESS,11,20160.0
TXN000921,ACC0170,M005,FitFuel,Health,1578,UPI,2026-08-06 11:37:30,SUCCESS,11,25920.0
TXN000922,ACC0171,M001,TechKart,Electronics,1028,NetBanking,2026-06-14 11:37:30,SUCCESS,11,
TXN000923,ACC0171,M005,FitFuel,Health,1359,UPI,2026-06-24 11:37:30,SUCCESS,11,14400.0
TXN000924,ACC0171,M003,FreshMart,Grocery,1015,Wallet,2026-07-12 11:37:30,SUCCESS,11,25920.0
TXN000925,ACC0171,M001,TechKart,Electronics,3855,UPI,2026-06-23 11:37:30,SUCCESS,11,-27360.0
TXN000926,ACC0171,M003,FreshMart,Grocery,403,UPI,2026-07-24 11:37:30,SUCCESS,11,44640.0
TXN000927,ACC0171,M001,TechKart,Electronics,4476,UPI,2026-08-13 11:37:30,SUCCESS,11,28800.0
TXN000928,ACC0171,M001,TechKart,Electronics,4512,UPI,2026-08-31 11:37:30,SUCCESS,11,25920.0
TXN000929,ACC0171,M005,FitFuel,Health,2484,NetBanking,2026-07-19 11:37:30,SUCCESS,11,-61920.0
TXN000930,ACC0172,M003,FreshMart,Grocery,1323,Card,2026-07-21 11:37:30,SUCCESS,11,
TXN000931,ACC0172,M004,HomeNest,Furniture,6257,Card,2026-08-03 11:37:30,SUCCESS,11,18720.0
TXN000932,ACC0172,M003,FreshMart,Grocery,1207,Card,2026-07-27 11:37:30,SUCCESS,11,-10080.0
TXN000933,ACC0173,M001,TechKart,Electronics,2000,Card,2026-07-19 11:37:30,SUCCESS,11,
TXN000934,ACC0173,M004,HomeNest,Furniture,2671,UPI,2026-08-03 11:37:30,SUCCESS,11,21600.0
TXN000935,ACC0173,M002,StyleHub,Fashion,2350,UPI,2026-08-04 11:37:30,SUCCESS,11,1440.0
TXN000936,ACC0173,M003,FreshMart,Grocery,1227,UPI,2026-07-28 11:37:30,SUCCESS,11,-10080.0
TXN000937,ACC0173,M005,FitFuel,Health,1917,NetBanking,2026-08-28 11:37:30,SUCCESS,11,44640.0
TXN000938,ACC0173,M004,HomeNest,Furniture,7213,UPI,2026-09-12 11:37:30,SUCCESS,11,21600.0
TXN000939,ACC0173,M004,HomeNest,Furniture,7994,Wallet,2026-09-11 11:37:30,SUCCESS,11,-1440.0
TXN000940,ACC0173,M002,StyleHub,Fashion,991,UPI,2026-11-01 11:37:30,SUCCESS,11,73440.0
TXN000941,ACC0174,M005,FitFuel,Health,2467,UPI,2026-07-07 11:37:30,SUCCESS,11,
TXN000942,ACC0174,M004,HomeNest,Furniture,5877,UPI,2026-07-12 11:37:30,SUCCESS,11,7200.0
TXN000943,ACC0174,M005,FitFuel,Health,1812,Wallet,2026-07-15 11:37:30,SUCCESS,11,4320.0
TXN000944,ACC0174,M005,FitFuel,Health,1973,UPI,2026-07-16 11:37:30,SUCCESS,11,1440.0
TXN000945,ACC0174,M005,FitFuel,Health,1486,UPI,2026-08-04 11:37:30,SUCCESS,11,27360.0
TXN000946,ACC0175,M003,FreshMart,Grocery,916,UPI,2026-08-19 11:37:30,SUCCESS,11,
TXN000947,ACC0175,M001,TechKart,Electronics,1970,UPI,2026-08-28 11:37:30,SUCCESS,11,12960.0
TXN000948,ACC0175,M004,HomeNest,Furniture,2398,Wallet,2026-09-10 11:37:30,SUCCESS,11,18720.0
TXN000949,ACC0176,M002,StyleHub,Fashion,2402,UPI,2026-07-29 11:37:30,SUCCESS,11,
TXN000950,ACC0176,M003,FreshMart,Grocery,288,NetBanking,2026-08-08 11:37:30,SUCCESS,11,14400.0
TXN000951,ACC0176,M004,HomeNest,Furniture,6694,UPI,2026-08-14 11:37:30,SUCCESS,11,8640.0
TXN000952,ACC0176,M003,FreshMart,Grocery,922,UPI,2026-08-25 11:37:30,SUCCESS,11,15840.0
TXN000953,ACC0177,M002,StyleHub,Fashion,2467,Card,2026-06-18 11:37:30,SUCCESS,11,
TXN000954,ACC0177,M004,HomeNest,Furniture,7465,UPI,2026-07-02 11:37:30,SUCCESS,11,20160.0
TXN000955,ACC0177,M003,FreshMart,Grocery,332,Card,2026-07-18 11:37:30,SUCCESS,11,23040.0
TXN000956,ACC0177,M005,FitFuel,Health,1977,UPI,2026-07-24 11:37:30,SUCCESS,11,8640.0
TXN000957,ACC0177,M003,FreshMart,Grocery,1257,UPI,2026-07-20 11:37:30,SUCCESS,11,-5760.0
TXN000958,ACC0177,M004,HomeNest,Furniture,8028,UPI,2026-08-17 11:37:30,SUCCESS,11,40320.0
TXN000959,ACC0177,M002,StyleHub,Fashion,501,Card,2026-07-06 11:37:30,SUCCESS,11,-60480.0
TXN000960,ACC0178,M001,TechKart,Electronics,1497,UPI,2026-07-26 11:37:30,SUCCESS,11,
TXN000961,ACC0178,M005,FitFuel,Health,516,Wallet,2026-08-06 11:37:30,SUCCESS,11,15840.0
TXN000962,ACC0178,M002,StyleHub,Fashion,2349,UPI,2026-08-15 11:37:30,SUCCESS,11,12960.0
TXN000963,ACC0178,M001,TechKart,Electronics,2272,Wallet,2026-08-01 11:37:30,SUCCESS,11,-20160.0
TXN000964,ACC0178,M002,StyleHub,Fashion,1404,NetBanking,2026-08-19 11:37:30,SUCCESS,11,25920.0
TXN000965,ACC0178,M005,FitFuel,Health,2119,UPI,2026-10-09 11:37:30,SUCCESS,11,73440.0
TXN000966,ACC0178,M005,FitFuel,Health,1612,UPI,2026-09-24 11:37:30,SUCCESS,11,-21600.0
TXN000967,ACC0178,M004,HomeNest,Furniture,9061,Wallet,2026-08-09 11:37:30,SUCCESS,11,-66240.0
TXN000968,ACC0179,M004,HomeNest,Furniture,2197,NetBanking,2026-07-10 11:37:30,SUCCESS,11,
TXN000969,ACC0179,M004,HomeNest,Furniture,4106,UPI,2026-07-17 11:37:30,SUCCESS,11,10080.0
TXN000970,ACC0179,M005,FitFuel,Health,988,UPI,2026-07-16 11:37:30,SUCCESS,11,-1440.0
TXN000971,ACC0179,M003,FreshMart,Grocery,333,UPI,2026-07-22 11:37:30,SUCCESS,11,8640.0
TXN000972,ACC0180,M001,TechKart,Electronics,3464,UPI,2026-06-09 11:37:30,SUCCESS,11,
TXN000973,ACC0180,M001,TechKart,Electronics,3241,UPI,2026-06-22 11:37:30,SUCCESS,11,18720.0
TXN000974,ACC0180,M002,StyleHub,Fashion,2090,NetBanking,2026-06-23 11:37:30,SUCCESS,11,1440.0
TXN000975,ACC0180,M004,HomeNest,Furniture,9713,NetBanking,2026-06-27 11:37:30,SUCCESS,11,5760.0
TXN000976,ACC0180,M001,TechKart,Electronics,2459,UPI,2026-06-21 11:37:30,SUCCESS,11,-8640.0
TXN000977,ACC0181,M004,HomeNest,Furniture,6166,Card,2026-06-20 11:37:30,SUCCESS,11,
TXN000978,ACC0181,M001,TechKart,Electronics,3006,UPI,2026-06-28 11:37:30,SUCCESS,11,11520.0
TXN000979,ACC0181,M005,FitFuel,Health,1967,UPI,2026-07-08 11:37:30,SUCCESS,11,14400.0
TXN000980,ACC0181,M004,HomeNest,Furniture,7189,UPI,2026-06-26 11:37:30,SUCCESS,11,-17280.0
TXN000981,ACC0181,M003,FreshMart,Grocery,1284,Wallet,2026-06-28 11:37:30,SUCCESS,11,2880.0
TXN000982,ACC0181,M001,TechKart,Electronics,2817,Card,2026-08-19 11:37:30,SUCCESS,11,74880.0
TXN000983,ACC0182,M005,FitFuel,Health,1966,UPI,2026-08-18 11:37:30,SUCCESS,11,
TXN000984,ACC0182,M005,FitFuel,Health,1133,Card,2026-09-02 11:37:30,SUCCESS,11,21600.0
TXN000985,ACC0182,M003,FreshMart,Grocery,1256,Wallet,2026-08-26 11:37:30,SUCCESS,11,-10080.0
TXN000986,ACC0182,M002,StyleHub,Fashion,2135,Wallet,2026-09-29 11:37:30,SUCCESS,11,48960.0
TXN000987,ACC0182,M004,HomeNest,Furniture,2342,UPI,2026-09-27 11:37:30,SUCCESS,11,-2880.0
TXN000988,ACC0182,M005,FitFuel,Health,1484,Card,2026-10-02 11:37:30,SUCCESS,11,7200.0
TXN000989,ACC0182,M001,TechKart,Electronics,1292,Wallet,2026-09-11 11:37:30,SUCCESS,11,-30240.0
TXN000990,ACC0183,M003,FreshMart,Grocery,928,Wallet,2026-07-31 11:37:30,SUCCESS,11,
TXN000991,ACC0183,M002,StyleHub,Fashion,2490,UPI,2026-08-15 11:37:30,SUCCESS,11,21600.0
TXN000992,ACC0183,M005,FitFuel,Health,586,UPI,2026-08-08 11:37:30,SUCCESS,11,-10080.0
TXN000993,ACC0183,M001,TechKart,Electronics,1944,Card,2026-08-24 11:37:30,SUCCESS,11,23040.0
TXN000994,ACC0183,M004,HomeNest,Furniture,3727,Card,2026-08-24 11:37:30,SUCCESS,11,0.0
TXN000995,ACC0184,M003,FreshMart,Grocery,1450,UPI,2026-07-25 11:37:30,SUCCESS,11,
TXN000996,ACC0184,M004,HomeNest,Furniture,4236,UPI,2026-08-08 11:37:30,SUCCESS,11,20160.0
TXN000997,ACC0184,M003,FreshMart,Grocery,581,UPI,2026-08-08 11:37:30,SUCCESS,11,0.0
TXN000998,ACC0184,M003,FreshMart,Grocery,182,Wallet,2026-08-27 11:37:30,SUCCESS,11,27360.0
TXN000999,ACC0184,M001,TechKart,Electronics,4703,UPI,2026-08-10 11:37:30,SUCCESS,11,-24480.0
TXN001000,ACC0184,M002,StyleHub,Fashion,2092,Card,2026-08-04 11:37:30,SUCCESS,11,-8640.0
TXN001001,ACC0184,M004,HomeNest,Furniture,8246,UPI,2026-10-11 11:37:30,SUCCESS,11,97920.0
TXN001002,ACC0184,M001,TechKart,Electronics,1053,NetBanking,2026-08-15 11:37:30,SUCCESS,11,-82080.0
TXN001003,ACC0185,M001,TechKart,Electronics,3691,Wallet,2026-06-10 11:37:30,SUCCESS,11,
TXN001004,ACC0185,M005,FitFuel,Health,1766,UPI,2026-06-18 11:37:30,SUCCESS,11,11520.0
TXN001005,ACC0185,M001,TechKart,Electronics,1822,UPI,2026-07-10 11:37:30,SUCCESS,11,31680.0
TXN001006,ACC0185,M004,HomeNest,Furniture,2076,UPI,2026-06-25 11:37:30,SUCCESS,11,-21600.0
TXN001007,ACC0185,M003,FreshMart,Grocery,882,UPI,2026-06-18 11:37:30,SUCCESS,11,-10080.0
TXN001008,ACC0185,M005,FitFuel,Health,1541,NetBanking,2026-08-24 11:37:30,SUCCESS,11,96480.0
TXN001009,ACC0185,M002,StyleHub,Fashion,2422,Wallet,2026-07-10 11:37:30,SUCCESS,11,-64800.0
TXN001010,ACC0185,M003,FreshMart,Grocery,1159,Wallet,2026-06-24 11:37:30,SUCCESS,11,-23040.0
TXN001011,ACC0186,M001,TechKart,Electronics,2406,Wallet,2026-06-18 11:37:30,SUCCESS,11,
TXN001012,ACC0186,M004,HomeNest,Furniture,2908,NetBanking,2026-06-30 11:37:30,SUCCESS,11,17280.0
TXN001013,ACC0186,M005,FitFuel,Health,2323,UPI,2026-07-10 11:37:30,SUCCESS,11,14400.0
TXN001014,ACC0186,M005,FitFuel,Health,1018,UPI,2026-07-03 11:37:30,SUCCESS,11,-10080.0
TXN001015,ACC0186,M001,TechKart,Electronics,1843,UPI,2026-07-04 11:37:30,SUCCESS,11,1440.0
TXN001016,ACC0186,M002,StyleHub,Fashion,1523,UPI,2026-08-12 11:37:30,SUCCESS,11,56160.0
TXN001017,ACC0186,M001,TechKart,Electronics,2871,Card,2026-08-29 11:37:30,SUCCESS,11,24480.0
TXN001018,ACC0187,M001,TechKart,Electronics,3446,UPI,2026-09-03 11:37:30,SUCCESS,11,
TXN001019,ACC0187,M003,FreshMart,Grocery,399,Card,2026-09-11 11:37:30,SUCCESS,11,11520.0
TXN001020,ACC0187,M004,HomeNest,Furniture,4961,UPI,2026-09-21 11:37:30,SUCCESS,11,14400.0
TXN001021,ACC0187,M002,StyleHub,Fashion,592,UPI,2026-09-09 11:37:30,SUCCESS,11,-17280.0
TXN001022,ACC0187,M005,FitFuel,Health,2138,UPI,2026-10-05 11:37:30,SUCCESS,11,37440.0
TXN001023,ACC0188,M001,TechKart,Electronics,1007,Wallet,2026-08-10 11:37:30,SUCCESS,11,
TXN001024,ACC0188,M004,HomeNest,Furniture,9846,UPI,2026-08-15 11:37:30,SUCCESS,11,7200.0
TXN001025,ACC0188,M002,StyleHub,Fashion,1073,UPI,2026-08-20 11:37:30,SUCCESS,11,7200.0
TXN001026,ACC0188,M001,TechKart,Electronics,1028,UPI,2026-08-19 11:37:30,SUCCESS,11,-1440.0
TXN001027,ACC0188,M001,TechKart,Electronics,3538,NetBanking,2026-10-05 11:37:30,SUCCESS,11,67680.0
TXN001028,ACC0189,M002,StyleHub,Fashion,1795,NetBanking,2026-08-21 11:37:30,SUCCESS,11,
TXN001029,ACC0189,M003,FreshMart,Grocery,1214,Card,2026-09-05 11:37:30,SUCCESS,11,21600.0
TXN001030,ACC0189,M005,FitFuel,Health,2096,Card,2026-08-27 11:37:30,SUCCESS,11,-12960.0
TXN001031,ACC0190,M001,TechKart,Electronics,1500,Wallet,2026-07-08 11:37:30,SUCCESS,11,
TXN001032,ACC0190,M004,HomeNest,Furniture,4566,NetBanking,2026-07-10 11:37:30,SUCCESS,11,2880.0
TXN001033,ACC0190,M001,TechKart,Electronics,1844,UPI,2026-08-03 11:37:30,SUCCESS,11,34560.0
TXN001034,ACC0190,M004,HomeNest,Furniture,2448,UPI,2026-08-19 11:37:30,SUCCESS,11,23040.0
TXN001035,ACC0190,M004,HomeNest,Furniture,2538,UPI,2026-08-25 11:37:30,SUCCESS,11,8640.0
TXN001036,ACC0190,M005,FitFuel,Health,513,UPI,2026-07-18 11:37:30,SUCCESS,11,-54720.0
TXN001037,ACC0190,M004,HomeNest,Furniture,2785,Card,2026-08-25 11:37:30,SUCCESS,11,54720.0
TXN001038,ACC0191,M005,FitFuel,Health,343,UPI,2026-08-05 11:37:30,SUCCESS,11,
TXN001039,ACC0191,M004,HomeNest,Furniture,9208,Card,2026-08-14 11:37:30,SUCCESS,11,12960.0
TXN001040,ACC0191,M003,FreshMart,Grocery,1483,Wallet,2026-08-11 11:37:30,SUCCESS,11,-4320.0
TXN001041,ACC0191,M001,TechKart,Electronics,4519,UPI,2026-09-16 11:37:30,SUCCESS,11,51840.0
TXN001042,ACC0191,M002,StyleHub,Fashion,842,UPI,2026-09-18 11:37:30,SUCCESS,11,2880.0
TXN001043,ACC0192,M002,StyleHub,Fashion,916,Card,2026-08-26 11:37:30,SUCCESS,11,
TXN001044,ACC0192,M003,FreshMart,Grocery,1012,UPI,2026-09-01 11:37:30,SUCCESS,11,8640.0
TXN001045,ACC0192,M004,HomeNest,Furniture,3523,UPI,2026-09-17 11:37:30,SUCCESS,11,23040.0
TXN001046,ACC0192,M001,TechKart,Electronics,1295,UPI,2026-10-07 11:37:30,SUCCESS,11,28800.0
TXN001047,ACC0192,M004,HomeNest,Furniture,6203,Wallet,2026-10-09 11:37:30,SUCCESS,11,2880.0
TXN001048,ACC0192,M003,FreshMart,Grocery,787,Card,2026-11-04 11:37:30,SUCCESS,11,37440.0
TXN001049,ACC0193,M004,HomeNest,Furniture,4528,Card,2026-08-16 11:37:30,SUCCESS,11,
TXN001050,ACC0193,M003,FreshMart,Grocery,166,UPI,2026-08-22 11:37:30,SUCCESS,11,8640.0
TXN001051,ACC0193,M002,StyleHub,Fashion,634,UPI,2026-09-09 11:37:30,SUCCESS,11,25920.0
TXN001052,ACC0193,M005,FitFuel,Health,523,UPI,2026-09-30 11:37:30,SUCCESS,11,30240.0
TXN001053,ACC0193,M002,StyleHub,Fashion,1224,Card,2026-09-05 11:37:30,SUCCESS,11,-36000.0
TXN001054,ACC0193,M002,StyleHub,Fashion,2348,Card,2026-09-20 11:37:30,SUCCESS,11,21600.0
TXN001055,ACC0194,M003,FreshMart,Grocery,1334,Card,2026-06-19 11:37:30,SUCCESS,11,
TXN001056,ACC0194,M005,FitFuel,Health,1527,UPI,2026-06-26 11:37:30,SUCCESS,11,10080.0
TXN001057,ACC0194,M001,TechKart,Electronics,4521,NetBanking,2026-06-27 11:37:30,SUCCESS,11,1440.0
TXN001058,ACC0194,M004,HomeNest,Furniture,3797,Wallet,2026-06-25 11:37:30,SUCCESS,11,-2880.0
TXN001059,ACC0194,M002,StyleHub,Fashion,1343,UPI,2026-08-06 11:37:30,SUCCESS,11,60480.0
TXN001060,ACC0195,M003,FreshMart,Grocery,919,UPI,2026-08-04 11:37:30,SUCCESS,11,
TXN001061,ACC0195,M001,TechKart,Electronics,3772,UPI,2026-08-08 11:37:30,SUCCESS,11,5760.0
TXN001062,ACC0195,M001,TechKart,Electronics,1743,UPI,2026-08-18 11:37:30,SUCCESS,11,14400.0
TXN001063,ACC0196,M005,FitFuel,Health,1774,UPI,2026-08-10 11:37:30,SUCCESS,11,
TXN001064,ACC0196,M002,StyleHub,Fashion,1210,UPI,2026-08-12 11:37:30,SUCCESS,11,2880.0
TXN001065,ACC0196,M003,FreshMart,Grocery,506,UPI,2026-08-20 11:37:30,SUCCESS,11,11520.0
TXN001066,ACC0196,M002,StyleHub,Fashion,1131,UPI,2026-09-09 11:37:30,SUCCESS,11,28800.0
TXN001067,ACC0196,M003,FreshMart,Grocery,357,UPI,2026-08-26 11:37:30,SUCCESS,11,-20160.0
TXN001068,ACC0197,M001,TechKart,Electronics,3572,Wallet,2026-08-17 11:37:30,SUCCESS,11,
TXN001069,ACC0197,M004,HomeNest,Furniture,3967,UPI,2026-08-23 11:37:30,SUCCESS,11,8640.0
TXN001070,ACC0197,M002,StyleHub,Fashion,2176,NetBanking,2026-08-31 11:37:30,SUCCESS,11,11520.0
TXN001071,ACC0197,M001,TechKart,Electronics,1983,NetBanking,2026-08-26 11:37:30,SUCCESS,11,-7200.0
TXN001072,ACC0197,M002,StyleHub,Fashion,1185,UPI,2026-09-02 11:37:30,SUCCESS,11,10080.0
TXN001073,ACC0197,M003,FreshMart,Grocery,801,Card,2026-10-21 11:37:30,SUCCESS,11,70560.0
TXN001074,ACC0197,M002,StyleHub,Fashion,589,Card,2026-10-28 11:37:30,SUCCESS,11,10080.0
TXN001075,ACC0198,M005,FitFuel,Health,1504,Card,2026-08-10 11:37:30,SUCCESS,11,
TXN001076,ACC0198,M002,StyleHub,Fashion,618,Card,2026-08-17 11:37:30,SUCCESS,11,10080.0
TXN001077,ACC0198,M002,StyleHub,Fashion,2481,Wallet,2026-08-22 11:37:30,SUCCESS,11,7200.0
TXN001078,ACC0198,M002,StyleHub,Fashion,733,Card,2026-09-06 11:37:30,SUCCESS,11,21600.0
TXN001079,ACC0198,M005,FitFuel,Health,565,UPI,2026-10-05 11:37:30,SUCCESS,11,41760.0
TXN001080,ACC0198,M005,FitFuel,Health,1832,UPI,2026-09-19 11:37:30,SUCCESS,11,-23040.0
TXN001081,ACC0199,M003,FreshMart,Grocery,1226,Card,2026-08-12 11:37:30,SUCCESS,11,
TXN001082,ACC0199,M004,HomeNest,Furniture,5881,UPI,2026-08-25 11:37:30,SUCCESS,11,18720.0
TXN001083,ACC0199,M005,FitFuel,Health,449,UPI,2026-08-28 11:37:30,SUCCESS,11,4320.0
TXN001084,ACC0199,M004,HomeNest,Furniture,9071,UPI,2026-08-27 11:37:30,SUCCESS,11,-1440.0
TXN001085,ACC0199,M003,FreshMart,Grocery,1020,NetBanking,2026-09-01 11:37:30,SUCCESS,11,7200.0
TXN001086,ACC0200,M003,FreshMart,Grocery,671,Card,2026-08-14 11:37:30,SUCCESS,11,
TXN001087,ACC0200,M001,TechKart,Electronics,3217,UPI,2026-08-18 11:37:30,SUCCESS,11,5760.0
TXN001088,ACC0200,M002,StyleHub,Fashion,568,UPI,2026-08-28 11:37:30,SUCCESS,11,14400.0
TXN001089,ACC0200,M003,FreshMart,Grocery,1022,UPI,2026-09-16 11:37:30,SUCCESS,11,27360.0
TXN001090,ACC0200,M004,HomeNest,Furniture,5010,NetBanking,2026-09-15 11:37:30,SUCCESS,11,-1440.0
TXN001091,ACC0200,M003,FreshMart,Grocery,933,UPI,2026-09-18 11:37:30,SUCCESS,11,4320.0
TXN001092,ACC0201,M001,TechKart,Electronics,3741,Wallet,2026-08-05 11:37:30,SUCCESS,11,
TXN001093,ACC0201,M005,FitFuel,Health,2400,UPI,2026-08-11 11:37:30,SUCCESS,11,8640.0
TXN001094,ACC0201,M003,FreshMart,Grocery,616,UPI,2026-08-11 11:37:30,SUCCESS,11,0.0
TXN001095,ACC0201,M003,FreshMart,Grocery,228,UPI,2026-08-14 11:37:30,SUCCESS,11,4320.0
TXN001096,ACC0201,M002,StyleHub,Fashion,1748,UPI,2026-09-02 11:37:30,SUCCESS,11,27360.0
TXN001097,ACC0202,M003,FreshMart,Grocery,540,Card,2026-06-08 11:37:30,SUCCESS,11,
TXN001098,ACC0202,M005,FitFuel,Health,1369,UPI,2026-06-12 11:37:30,SUCCESS,11,5760.0
TXN001099,ACC0202,M003,FreshMart,Grocery,859,Card,2026-06-20 11:37:30,SUCCESS,11,11520.0
TXN001100,ACC0202,M004,HomeNest,Furniture,8732,Card,2026-07-02 11:37:30,SUCCESS,11,17280.0
TXN001101,ACC0202,M001,TechKart,Electronics,4666,Card,2026-07-26 11:37:30,SUCCESS,11,34560.0
TXN001102,ACC0202,M002,StyleHub,Fashion,2028,UPI,2026-08-17 11:37:30,SUCCESS,11,31680.0
TXN001103,ACC0202,M002,StyleHub,Fashion,2343,UPI,2026-08-25 11:37:30,SUCCESS,11,11520.0
TXN001104,ACC0203,M004,HomeNest,Furniture,7918,NetBanking,2026-06-25 11:37:30,SUCCESS,11,
TXN001105,ACC0203,M001,TechKart,Electronics,3364,NetBanking,2026-07-02 11:37:30,SUCCESS,11,10080.0
TXN001106,ACC0203,M004,HomeNest,Furniture,3716,UPI,2026-07-11 11:37:30,SUCCESS,11,12960.0
TXN001107,ACC0203,M005,FitFuel,Health,423,UPI,2026-08-09 11:37:30,SUCCESS,11,41760.0
TXN001108,ACC0203,M002,StyleHub,Fashion,1651,Wallet,2026-08-08 11:37:30,SUCCESS,11,-1440.0
TXN001109,ACC0203,M004,HomeNest,Furniture,8638,Card,2026-07-05 11:37:30,SUCCESS,11,-48960.0
TXN001110,ACC0204,M004,HomeNest,Furniture,5487,Card,2026-07-22 11:37:30,SUCCESS,11,
TXN001111,ACC0204,M005,FitFuel,Health,1527,UPI,2026-07-30 11:37:30,SUCCESS,11,11520.0
TXN001112,ACC0204,M005,FitFuel,Health,431,Wallet,2026-07-26 11:37:30,SUCCESS,11,-5760.0
TXN001113,ACC0204,M003,FreshMart,Grocery,1313,Card,2026-08-03 11:37:30,SUCCESS,11,11520.0
TXN001114,ACC0205,M004,HomeNest,Furniture,5123,UPI,2026-06-18 11:37:30,SUCCESS,11,
TXN001115,ACC0205,M001,TechKart,Electronics,3965,UPI,2026-06-26 11:37:30,SUCCESS,11,11520.0
TXN001116,ACC0205,M003,FreshMart,Grocery,1316,Wallet,2026-06-24 11:37:30,SUCCESS,11,-2880.0
TXN001117,ACC0205,M003,FreshMart,Grocery,340,UPI,2026-07-24 11:37:30,SUCCESS,11,43200.0
TXN001118,ACC0205,M005,FitFuel,Health,1027,UPI,2026-08-05 11:37:30,SUCCESS,11,17280.0
TXN001119,ACC0205,M005,FitFuel,Health,2301,UPI,2026-08-22 11:37:30,SUCCESS,11,24480.0
TXN001120,ACC0206,M003,FreshMart,Grocery,571,UPI,2026-08-26 11:37:30,SUCCESS,11,
TXN001121,ACC0206,M005,FitFuel,Health,586,UPI,2026-09-07 11:37:30,SUCCESS,11,17280.0
TXN001122,ACC0206,M005,FitFuel,Health,345,UPI,2026-09-09 11:37:30,SUCCESS,11,2880.0
TXN001123,ACC0207,M002,StyleHub,Fashion,853,UPI,2026-07-13 11:37:30,SUCCESS,11,
TXN001124,ACC0207,M004,HomeNest,Furniture,8087,UPI,2026-07-21 11:37:30,SUCCESS,11,11520.0
TXN001125,ACC0207,M002,StyleHub,Fashion,932,NetBanking,2026-08-12 11:37:30,SUCCESS,11,31680.0
TXN001126,ACC0207,M004,HomeNest,Furniture,8700,Card,2026-07-31 11:37:30,SUCCESS,11,-17280.0
TXN001127,ACC0207,M002,StyleHub,Fashion,1671,Card,2026-08-18 11:37:30,SUCCESS,11,25920.0
TXN001128,ACC0207,M004,HomeNest,Furniture,4256,UPI,2026-09-01 11:37:30,SUCCESS,11,20160.0
TXN001129,ACC0207,M004,HomeNest,Furniture,2524,NetBanking,2026-08-06 11:37:30,SUCCESS,11,-37440.0
TXN001130,ACC0207,M002,StyleHub,Fashion,1747,Wallet,2026-09-28 11:37:30,SUCCESS,11,76320.0
TXN001131,ACC0208,M005,FitFuel,Health,460,Card,2026-07-07 11:37:30,SUCCESS,11,
TXN001132,ACC0208,M004,HomeNest,Furniture,4840,Card,2026-07-13 11:37:30,SUCCESS,11,8640.0
TXN001133,ACC0208,M003,FreshMart,Grocery,950,Card,2026-08-02 11:37:30,SUCCESS,11,28800.0
TXN001134,ACC0208,M002,StyleHub,Fashion,2100,UPI,2026-08-18 11:37:30,SUCCESS,11,23040.0
TXN001135,ACC0208,M004,HomeNest,Furniture,5750,UPI,2026-08-20 11:37:30,SUCCESS,11,2880.0
TXN001136,ACC0209,M005,FitFuel,Health,691,UPI,2026-08-11 11:37:30,SUCCESS,11,
TXN001137,ACC0209,M002,StyleHub,Fashion,1046,UPI,2026-08-13 11:37:30,SUCCESS,11,2880.0
TXN001138,ACC0209,M005,FitFuel,Health,1495,Card,2026-09-04 11:37:30,SUCCESS,11,31680.0
TXN001139,ACC0209,M002,StyleHub,Fashion,2421,UPI,2026-08-20 11:37:30,SUCCESS,11,-21600.0
TXN001140,ACC0209,M005,FitFuel,Health,796,Wallet,2026-10-06 11:37:30,SUCCESS,11,67680.0
TXN001141,ACC0209,M001,TechKart,Electronics,4932,Card,2026-08-26 11:37:30,SUCCESS,11,-59040.0
TXN001142,ACC0209,M004,HomeNest,Furniture,5694,UPI,2026-09-22 11:37:30,SUCCESS,11,38880.0
TXN001143,ACC0210,M004,HomeNest,Furniture,2218,UPI,2026-07-01 11:37:30,SUCCESS,11,
TXN001144,ACC0210,M004,HomeNest,Furniture,5122,UPI,2026-07-14 11:37:30,SUCCESS,11,18720.0
TXN001145,ACC0210,M002,StyleHub,Fashion,2024,UPI,2026-07-17 11:37:30,SUCCESS,11,4320.0
TXN001146,ACC0211,M002,StyleHub,Fashion,1739,Card,2026-08-20 11:37:30,SUCCESS,11,
TXN001147,ACC0211,M004,HomeNest,Furniture,5779,UPI,2026-08-29 11:37:30,SUCCESS,11,12960.0
TXN001148,ACC0211,M002,StyleHub,Fashion,2192,UPI,2026-09-09 11:37:30,SUCCESS,11,15840.0
TXN001149,ACC0211,M003,FreshMart,Grocery,480,UPI,2026-10-04 11:37:30,SUCCESS,11,36000.0
TXN001150,ACC0212,M002,StyleHub,Fashion,1604,UPI,2026-06-18 11:37:30,SUCCESS,11,
TXN001151,ACC0212,M004,HomeNest,Furniture,3379,UPI,2026-07-01 11:37:30,SUCCESS,11,18720.0
TXN001152,ACC0213,M003,FreshMart,Grocery,464,UPI,2026-09-02 11:37:30,SUCCESS,11,
TXN001153,ACC0213,M002,StyleHub,Fashion,541,NetBanking,2026-09-06 11:37:30,SUCCESS,11,5760.0
TXN001154,ACC0213,M002,StyleHub,Fashion,2210,Card,2026-09-22 11:37:30,SUCCESS,11,23040.0
TXN001155,ACC0213,M005,FitFuel,Health,721,UPI,2026-10-17 11:37:30,SUCCESS,11,36000.0
TXN001156,ACC0213,M004,HomeNest,Furniture,2429,Card,2026-09-26 11:37:30,SUCCESS,11,-30240.0
TXN001157,ACC0213,M004,HomeNest,Furniture,8284,UPI,2026-09-12 11:37:30,SUCCESS,11,-20160.0
TXN001158,ACC0213,M003,FreshMart,Grocery,638,UPI,2026-10-02 11:37:30,SUCCESS,11,28800.0
TXN001159,ACC0213,M004,HomeNest,Furniture,2228,Wallet,2026-09-16 11:37:30,SUCCESS,11,-23040.0
TXN001160,ACC0214,M001,TechKart,Electronics,2606,Wallet,2026-08-10 11:37:30,SUCCESS,11,
TXN001161,ACC0214,M002,StyleHub,Fashion,1084,UPI,2026-08-13 11:37:30,SUCCESS,11,4320.0
TXN001162,ACC0214,M001,TechKart,Electronics,3479,UPI,2026-08-30 11:37:30,SUCCESS,11,24480.0
TXN001163,ACC0214,M002,StyleHub,Fashion,1248,Wallet,2026-09-15 11:37:30,SUCCESS,11,23040.0
TXN001164,ACC0215,M002,StyleHub,Fashion,1275,UPI,2026-07-11 11:37:30,SUCCESS,11,
TXN001165,ACC0215,M002,StyleHub,Fashion,461,UPI,2026-07-18 11:37:30,SUCCESS,11,10080.0
TXN001166,ACC0215,M001,TechKart,Electronics,3988,UPI,2026-07-25 11:37:30,SUCCESS,11,10080.0
TXN001167,ACC0215,M001,TechKart,Electronics,3081,Card,2026-07-26 11:37:30,SUCCESS,11,1440.0
TXN001168,ACC0215,M001,TechKart,Electronics,1351,NetBanking,2026-08-08 11:37:30,SUCCESS,11,18720.0
TXN001169,ACC0216,M005,FitFuel,Health,2346,Wallet,2026-07-27 11:37:30,SUCCESS,11,
TXN001170,ACC0216,M005,FitFuel,Health,1002,UPI,2026-07-30 11:37:30,SUCCESS,11,4320.0
TXN001171,ACC0216,M005,FitFuel,Health,1628,Wallet,2026-08-02 11:37:30,SUCCESS,11,4320.0
TXN001172,ACC0216,M004,HomeNest,Furniture,7553,Wallet,2026-09-04 11:37:30,SUCCESS,11,47520.0
TXN001173,ACC0216,M002,StyleHub,Fashion,1760,UPI,2026-09-21 11:37:30,SUCCESS,11,24480.0
TXN001174,ACC0217,M004,HomeNest,Furniture,2553,UPI,2026-06-07 11:37:30,SUCCESS,11,
TXN001175,ACC0217,M005,FitFuel,Health,2138,UPI,2026-06-18 11:37:30,SUCCESS,11,15840.0
TXN001176,ACC0217,M002,StyleHub,Fashion,2462,Card,2026-07-01 11:37:30,SUCCESS,11,18720.0
TXN001177,ACC0217,M002,StyleHub,Fashion,486,Card,2026-06-13 11:37:30,SUCCESS,11,-25920.0
TXN001178,ACC0217,M003,FreshMart,Grocery,634,Card,2026-06-19 11:37:30,SUCCESS,11,8640.0
TXN001179,ACC0217,M002,StyleHub,Fashion,725,UPI,2026-08-16 11:37:30,SUCCESS,11,83520.0
TXN001180,ACC0217,M004,HomeNest,Furniture,4429,UPI,2026-07-19 11:37:30,SUCCESS,11,-40320.0
TXN001181,ACC0217,M002,StyleHub,Fashion,555,UPI,2026-08-02 11:37:30,SUCCESS,11,20160.0
TXN001182,ACC0218,M003,FreshMart,Grocery,424,UPI,2026-06-19 11:37:30,SUCCESS,11,
TXN001183,ACC0218,M001,TechKart,Electronics,4198,Card,2026-07-01 11:37:30,SUCCESS,11,17280.0
TXN001184,ACC0218,M001,TechKart,Electronics,2676,NetBanking,2026-07-01 11:37:30,SUCCESS,11,0.0
TXN001185,ACC0218,M003,FreshMart,Grocery,646,UPI,2026-07-10 11:37:30,SUCCESS,11,12960.0
TXN001186,ACC0218,M002,StyleHub,Fashion,1311,Card,2026-06-27 11:37:30,SUCCESS,11,-18720.0
TXN001187,ACC0218,M005,FitFuel,Health,1617,UPI,2026-07-29 11:37:30,SUCCESS,11,46080.0
TXN001188,ACC0218,M001,TechKart,Electronics,1329,NetBanking,2026-08-30 11:37:30,SUCCESS,11,46080.0
TXN001189,ACC0219,M002,StyleHub,Fashion,1236,UPI,2026-08-10 11:37:30,SUCCESS,11,
TXN001190,ACC0219,M005,FitFuel,Health,1137,UPI,2026-08-14 11:37:30,SUCCESS,11,5760.0
TXN001191,ACC0220,M004,HomeNest,Furniture,4551,UPI,2026-07-11 11:37:30,SUCCESS,11,
TXN001192,ACC0220,M002,StyleHub,Fashion,2136,UPI,2026-07-16 11:37:30,SUCCESS,11,7200.0
TXN001193,ACC0221,M005,FitFuel,Health,2136,Wallet,2026-07-27 11:37:30,SUCCESS,11,
TXN001194,ACC0221,M003,FreshMart,Grocery,1135,UPI,2026-08-01 11:37:30,SUCCESS,11,7200.0
TXN001195,ACC0221,M004,HomeNest,Furniture,5094,UPI,2026-08-10 11:37:30,SUCCESS,11,12960.0
TXN001196,ACC0222,M005,FitFuel,Health,2075,Card,2026-07-11 11:37:30,SUCCESS,11,
TXN001197,ACC0222,M004,HomeNest,Furniture,2162,Card,2026-07-26 11:37:30,SUCCESS,11,21600.0
TXN001198,ACC0222,M001,TechKart,Electronics,3259,Card,2026-07-27 11:37:30,SUCCESS,11,1440.0
TXN001199,ACC0222,M005,FitFuel,Health,1019,UPI,2026-07-23 11:37:30,SUCCESS,11,-5760.0
TXN001200,ACC0222,M003,FreshMart,Grocery,1078,UPI,2026-08-16 11:37:30,SUCCESS,11,34560.0
TXN001201,ACC0223,M001,TechKart,Electronics,3529,UPI,2026-06-18 11:37:30,SUCCESS,11,
TXN001202,ACC0223,M002,StyleHub,Fashion,1033,Wallet,2026-06-27 11:37:30,SUCCESS,11,12960.0
TXN001203,ACC0223,M001,TechKart,Electronics,4901,Card,2026-06-22 11:37:30,SUCCESS,11,-7200.0
TXN001204,ACC0223,M004,HomeNest,Furniture,5314,Wallet,2026-07-09 11:37:30,SUCCESS,11,24480.0
TXN001205,ACC0223,M003,FreshMart,Grocery,936,UPI,2026-07-20 11:37:30,SUCCESS,11,15840.0
TXN001206,ACC0223,M005,FitFuel,Health,591,UPI,2026-08-17 11:37:30,SUCCESS,11,40320.0
TXN001207,ACC0224,M005,FitFuel,Health,965,UPI,2026-08-19 11:37:30,SUCCESS,11,
TXN001208,ACC0224,M003,FreshMart,Grocery,863,UPI,2026-08-27 11:37:30,SUCCESS,11,11520.0
TXN001209,ACC0225,M003,FreshMart,Grocery,268,Card,2026-06-14 11:37:30,SUCCESS,11,
TXN001210,ACC0225,M002,StyleHub,Fashion,1392,UPI,2026-06-22 11:37:30,SUCCESS,11,11520.0
TXN001211,ACC0225,M003,FreshMart,Grocery,1442,Card,2026-07-14 11:37:30,SUCCESS,11,31680.0
TXN001212,ACC0225,M002,StyleHub,Fashion,1470,Card,2026-06-20 11:37:30,SUCCESS,11,-34560.0
TXN001213,ACC0225,M002,StyleHub,Fashion,1441,UPI,2026-08-01 11:37:30,SUCCESS,11,60480.0
TXN001214,ACC0226,M002,StyleHub,Fashion,450,UPI,2026-06-11 11:37:30,SUCCESS,11,
TXN001215,ACC0226,M004,HomeNest,Furniture,5257,Card,2026-06-14 11:37:30,SUCCESS,11,4320.0
TXN001216,ACC0226,M005,FitFuel,Health,1073,NetBanking,2026-06-17 11:37:30,SUCCESS,11,4320.0
TXN001217,ACC0226,M004,HomeNest,Furniture,4071,Card,2026-06-23 11:37:30,SUCCESS,11,8640.0
TXN001218,ACC0226,M005,FitFuel,Health,1867,Card,2026-07-21 11:37:30,SUCCESS,11,40320.0
TXN001219,ACC0226,M004,HomeNest,Furniture,8164,NetBanking,2026-08-15 11:37:30,SUCCESS,11,36000.0
TXN001220,ACC0227,M005,FitFuel,Health,1710,NetBanking,2026-08-23 11:37:30,SUCCESS,11,
TXN001221,ACC0227,M002,StyleHub,Fashion,2030,Card,2026-08-29 11:37:30,SUCCESS,11,8640.0
TXN001222,ACC0227,M002,StyleHub,Fashion,2414,UPI,2026-08-27 11:37:30,SUCCESS,11,-2880.0
TXN001223,ACC0227,M004,HomeNest,Furniture,6300,UPI,2026-09-01 11:37:30,SUCCESS,11,7200.0
TXN001224,ACC0227,M004,HomeNest,Furniture,3397,UPI,2026-09-16 11:37:30,SUCCESS,11,21600.0
TXN001225,ACC0227,M002,StyleHub,Fashion,1211,UPI,2026-09-12 11:37:30,SUCCESS,11,-5760.0
TXN001226,ACC0227,M001,TechKart,Electronics,4491,Card,2026-10-22 11:37:30,SUCCESS,11,57600.0
TXN001227,ACC0228,M001,TechKart,Electronics,2296,NetBanking,2026-08-11 11:37:30,SUCCESS,11,
TXN001228,ACC0228,M003,FreshMart,Grocery,987,UPI,2026-08-16 11:37:30,SUCCESS,11,7200.0
TXN001229,ACC0228,M001,TechKart,Electronics,2160,UPI,2026-09-02 11:37:30,SUCCESS,11,24480.0
TXN001230,ACC0229,M003,FreshMart,Grocery,281,UPI,2026-07-17 11:37:30,SUCCESS,11,
TXN001231,ACC0229,M002,StyleHub,Fashion,2357,UPI,2026-07-28 11:37:30,SUCCESS,11,15840.0
TXN001232,ACC0230,M001,TechKart,Electronics,2979,Card,2026-08-22 11:37:30,SUCCESS,11,
TXN001233,ACC0230,M005,FitFuel,Health,471,UPI,2026-08-24 11:37:30,SUCCESS,11,2880.0
TXN001234,ACC0230,M001,TechKart,Electronics,3877,Card,2026-09-11 11:37:30,SUCCESS,11,25920.0
TXN001235,ACC0230,M003,FreshMart,Grocery,1145,UPI,2026-10-03 11:37:30,SUCCESS,11,31680.0
TXN001236,ACC0230,M005,FitFuel,Health,2059,UPI,2026-09-19 11:37:30,SUCCESS,11,-20160.0
TXN001237,ACC0230,M003,FreshMart,Grocery,795,NetBanking,2026-10-21 11:37:30,SUCCESS,11,46080.0
TXN001238,ACC0230,M004,HomeNest,Furniture,5100,Card,2026-10-03 11:37:30,SUCCESS,11,-25920.0
TXN001239,ACC0230,M003,FreshMart,Grocery,355,UPI,2026-10-10 11:37:30,SUCCESS,11,10080.0
TXN001240,ACC0231,M002,StyleHub,Fashion,505,Card,2026-06-06 11:37:30,SUCCESS,11,
TXN001241,ACC0231,M005,FitFuel,Health,1444,Wallet,2026-06-21 11:37:30,SUCCESS,11,21600.0
TXN001242,ACC0231,M002,StyleHub,Fashion,1909,UPI,2026-07-04 11:37:30,SUCCESS,11,18720.0
TXN001243,ACC0231,M004,HomeNest,Furniture,6218,UPI,2026-07-12 11:37:30,SUCCESS,11,11520.0
TXN001244,ACC0231,M001,TechKart,Electronics,3439,UPI,2026-06-26 11:37:30,SUCCESS,11,-23040.0
TXN001245,ACC0231,M001,TechKart,Electronics,3466,Card,2026-07-11 11:37:30,SUCCESS,11,21600.0
TXN001246,ACC0231,M005,FitFuel,Health,2284,UPI,2026-07-06 11:37:30,SUCCESS,11,-7200.0
TXN001247,ACC0231,M001,TechKart,Electronics,3653,UPI,2026-08-22 11:37:30,SUCCESS,11,67680.0
TXN001248,ACC0232,M001,TechKart,Electronics,3952,UPI,2026-06-11 11:37:30,SUCCESS,11,
TXN001249,ACC0232,M002,StyleHub,Fashion,2466,UPI,2026-06-16 11:37:30,SUCCESS,11,7200.0
TXN001250,ACC0232,M001,TechKart,Electronics,3268,NetBanking,2026-06-29 11:37:30,SUCCESS,11,18720.0
TXN001251,ACC0232,M004,HomeNest,Furniture,3376,NetBanking,2026-07-11 11:37:30,SUCCESS,11,17280.0
TXN001252,ACC0232,M004,HomeNest,Furniture,7428,UPI,2026-06-23 11:37:30,SUCCESS,11,-25920.0
TXN001253,ACC0233,M001,TechKart,Electronics,1664,UPI,2026-08-07 11:37:30,SUCCESS,11,
TXN001254,ACC0233,M001,TechKart,Electronics,2112,Wallet,2026-08-20 11:37:30,SUCCESS,11,18720.0
TXN001255,ACC0233,M004,HomeNest,Furniture,8277,UPI,2026-08-21 11:37:30,SUCCESS,11,1440.0
TXN001256,ACC0234,M004,HomeNest,Furniture,9794,NetBanking,2026-08-02 11:37:30,SUCCESS,11,
TXN001257,ACC0234,M002,StyleHub,Fashion,2415,UPI,2026-08-05 11:37:30,SUCCESS,11,4320.0
TXN001258,ACC0234,M003,FreshMart,Grocery,608,Wallet,2026-08-28 11:37:30,SUCCESS,11,33120.0
TXN001259,ACC0234,M005,FitFuel,Health,564,Card,2026-09-13 11:37:30,SUCCESS,11,23040.0
TXN001260,ACC0234,M004,HomeNest,Furniture,7356,Card,2026-09-03 11:37:30,SUCCESS,11,-14400.0
TXN001261,ACC0234,M004,HomeNest,Furniture,8622,UPI,2026-09-21 11:37:30,SUCCESS,11,25920.0
TXN001262,ACC0234,M001,TechKart,Electronics,3183,UPI,2026-09-07 11:37:30,SUCCESS,11,-20160.0
TXN001263,ACC0235,M005,FitFuel,Health,1070,Card,2026-07-22 11:37:30,SUCCESS,11,
TXN001264,ACC0235,M005,FitFuel,Health,1806,UPI,2026-07-25 11:37:30,SUCCESS,11,4320.0
TXN001265,ACC0236,M001,TechKart,Electronics,3346,UPI,2026-07-17 11:37:30,SUCCESS,11,
TXN001266,ACC0236,M002,StyleHub,Fashion,1989,Wallet,2026-07-27 11:37:30,SUCCESS,11,14400.0
TXN001267,ACC0236,M003,FreshMart,Grocery,408,UPI,2026-07-31 11:37:30,SUCCESS,11,5760.0
TXN001268,ACC0236,M005,FitFuel,Health,1209,UPI,2026-08-19 11:37:30,SUCCESS,11,27360.0
TXN001269,ACC0237,M004,HomeNest,Furniture,4588,UPI,2026-06-27 11:37:30,SUCCESS,11,
TXN001270,ACC0237,M002,StyleHub,Fashion,2447,Card,2026-07-03 11:37:30,SUCCESS,11,8640.0
TXN001271,ACC0238,M002,StyleHub,Fashion,540,Card,2026-06-19 11:37:30,SUCCESS,11,
TXN001272,ACC0238,M005,FitFuel,Health,805,UPI,2026-06-25 11:37:30,SUCCESS,11,8640.0
TXN001273,ACC0238,M005,FitFuel,Health,2259,Card,2026-07-19 11:37:30,SUCCESS,11,34560.0
TXN001274,ACC0239,M004,HomeNest,Furniture,2481,Wallet,2026-07-02 11:37:30,SUCCESS,11,
TXN001275,ACC0239,M002,StyleHub,Fashion,1262,NetBanking,2026-07-09 11:37:30,SUCCESS,11,10080.0
TXN001276,ACC0239,M002,StyleHub,Fashion,615,Wallet,2026-07-30 11:37:30,SUCCESS,11,30240.0
TXN001277,ACC0240,M004,HomeNest,Furniture,7958,UPI,2026-08-12 11:37:30,SUCCESS,11,
TXN001278,ACC0240,M002,StyleHub,Fashion,488,UPI,2026-08-27 11:37:30,SUCCESS,11,21600.0
TXN001279,ACC0240,M004,HomeNest,Furniture,7553,UPI,2026-08-26 11:37:30,SUCCESS,11,-1440.0
TXN001280,ACC0240,M004,HomeNest,Furniture,5203,UPI,2026-09-02 11:37:30,SUCCESS,11,10080.0
TXN001281,ACC0240,M003,FreshMart,Grocery,728,Card,2026-10-03 11:37:30,SUCCESS,11,44640.0
TXN001282,ACC0240,M005,FitFuel,Health,1912,UPI,2026-09-06 11:37:30,SUCCESS,11,-38880.0
TXN001283,ACC0240,M005,FitFuel,Health,521,NetBanking,2026-09-23 11:37:30,SUCCESS,11,24480.0
TXN001284,ACC0240,M003,FreshMart,Grocery,1087,Card,2026-11-11 11:37:30,SUCCESS,11,70560.0
TXN001285,ACC0241,M004,HomeNest,Furniture,4384,NetBanking,2026-08-17 11:37:30,SUCCESS,11,
TXN001286,ACC0241,M002,StyleHub,Fashion,1201,Card,2026-08-22 11:37:30,SUCCESS,11,7200.0
TXN001287,ACC0241,M003,FreshMart,Grocery,1328,UPI,2026-08-21 11:37:30,SUCCESS,11,-1440.0
TXN001288,ACC0241,M002,StyleHub,Fashion,1942,Wallet,2026-09-28 11:37:30,SUCCESS,11,54720.0
TXN001289,ACC0241,M002,StyleHub,Fashion,630,UPI,2026-09-18 11:37:30,SUCCESS,11,-14400.0
TXN001290,ACC0241,M002,StyleHub,Fashion,614,UPI,2026-10-01 11:37:30,SUCCESS,11,18720.0
TXN001291,ACC0242,M005,FitFuel,Health,2076,Wallet,2026-06-12 11:37:30,SUCCESS,11,
TXN001292,ACC0242,M004,HomeNest,Furniture,4007,UPI,2026-06-24 11:37:30,SUCCESS,11,17280.0
TXN001293,ACC0242,M004,HomeNest,Furniture,6002,UPI,2026-06-22 11:37:30,SUCCESS,11,-2880.0
TXN001294,ACC0242,M002,StyleHub,Fashion,1937,Card,2026-07-15 11:37:30,SUCCESS,11,33120.0
TXN001295,ACC0242,M001,TechKart,Electronics,4598,NetBanking,2026-08-07 11:37:30,SUCCESS,11,33120.0
TXN001296,ACC0242,M004,HomeNest,Furniture,4254,Card,2026-08-11 11:37:30,SUCCESS,11,5760.0
TXN001297,ACC0243,M001,TechKart,Electronics,1755,UPI,2026-07-18 11:37:30,SUCCESS,11,
TXN001298,ACC0243,M005,FitFuel,Health,1221,UPI,2026-07-27 11:37:30,SUCCESS,11,12960.0
TXN001299,ACC0243,M005,FitFuel,Health,2264,UPI,2026-08-09 11:37:30,SUCCESS,11,18720.0
TXN001300,ACC0243,M001,TechKart,Electronics,2283,UPI,2026-08-26 11:37:30,SUCCESS,11,24480.0
TXN001301,ACC0243,M004,HomeNest,Furniture,4444,Card,2026-09-04 11:37:30,SUCCESS,11,12960.0
TXN001302,ACC0244,M005,FitFuel,Health,1057,UPI,2026-07-24 11:37:30,SUCCESS,11,
TXN001303,ACC0244,M001,TechKart,Electronics,4025,Card,2026-08-06 11:37:30,SUCCESS,11,18720.0
TXN001304,ACC0245,M001,TechKart,Electronics,1816,Card,2026-06-28 11:37:30,SUCCESS,11,
TXN001305,ACC0245,M001,TechKart,Electronics,2280,NetBanking,2026-07-03 11:37:30,SUCCESS,11,7200.0
TXN001306,ACC0245,M002,StyleHub,Fashion,421,Card,2026-07-24 11:37:30,SUCCESS,11,30240.0
TXN001307,ACC0245,M003,FreshMart,Grocery,401,UPI,2026-08-09 11:37:30,SUCCESS,11,23040.0
TXN001308,ACC0245,M002,StyleHub,Fashion,1060,UPI,2026-08-11 11:37:30,SUCCESS,11,2880.0
TXN001309,ACC0245,M001,TechKart,Electronics,1493,Wallet,2026-07-28 11:37:30,SUCCESS,11,-20160.0
TXN001310,ACC0246,M005,FitFuel,Health,1002,UPI,2026-07-27 11:37:30,SUCCESS,11,
TXN001311,ACC0246,M001,TechKart,Electronics,2834,UPI,2026-08-08 11:37:30,SUCCESS,11,17280.0
TXN001312,ACC0246,M003,FreshMart,Grocery,1499,UPI,2026-08-16 11:37:30,SUCCESS,11,11520.0
TXN001313,ACC0246,M005,FitFuel,Health,2308,Card,2026-08-08 11:37:30,SUCCESS,11,-11520.0
TXN001314,ACC0246,M003,FreshMart,Grocery,1391,UPI,2026-09-05 11:37:30,SUCCESS,11,40320.0
TXN001315,ACC0246,M001,TechKart,Electronics,1166,UPI,2026-08-21 11:37:30,SUCCESS,11,-21600.0
TXN001316,ACC0247,M002,StyleHub,Fashion,949,Card,2026-08-16 11:37:30,SUCCESS,11,
TXN001317,ACC0247,M005,FitFuel,Health,1770,UPI,2026-08-21 11:37:30,SUCCESS,11,7200.0
TXN001318,ACC0247,M005,FitFuel,Health,2028,UPI,2026-09-11 11:37:30,SUCCESS,11,30240.0
TXN001319,ACC0248,M002,StyleHub,Fashion,2038,UPI,2026-08-01 11:37:30,SUCCESS,11,
TXN001320,ACC0248,M004,HomeNest,Furniture,9702,Card,2026-08-07 11:37:30,SUCCESS,11,8640.0
TXN001321,ACC0248,M002,StyleHub,Fashion,689,Card,2026-08-21 11:37:30,SUCCESS,11,20160.0
TXN001322,ACC0248,M002,StyleHub,Fashion,1924,Card,2026-08-19 11:37:30,SUCCESS,11,-2880.0
TXN001323,ACC0249,M002,StyleHub,Fashion,2119,NetBanking,2026-06-30 11:37:30,SUCCESS,11,
TXN001324,ACC0249,M004,HomeNest,Furniture,5104,UPI,2026-07-07 11:37:30,SUCCESS,11,10080.0
TXN001325,ACC0249,M002,StyleHub,Fashion,717,UPI,2026-07-22 11:37:30,SUCCESS,11,21600.0
TXN001326,ACC0249,M001,TechKart,Electronics,4132,UPI,2026-07-30 11:37:30,SUCCESS,11,11520.0
TXN001327,ACC0249,M001,TechKart,Electronics,3772,Wallet,2026-08-17 11:37:30,SUCCESS,11,25920.0
TXN001328,ACC0249,M003,FreshMart,Grocery,449,NetBanking,2026-09-08 11:37:30,SUCCESS,11,31680.0
TXN001329,ACC0249,M003,FreshMart,Grocery,170,UPI,2026-07-30 11:37:30,SUCCESS,11,-57600.0
TXN001330,ACC0250,M001,TechKart,Electronics,2239,UPI,2026-07-17 11:37:30,SUCCESS,11,
TXN001331,ACC0250,M005,FitFuel,Health,2305,UPI,2026-07-23 11:37:30,SUCCESS,11,8640.0
TXN001332,ACC0250,M005,FitFuel,Health,1455,Card,2026-07-31 11:37:30,SUCCESS,11,11520.0
TXN001333,ACC0251,M002,StyleHub,Fashion,1702,Wallet,2026-08-22 11:37:30,SUCCESS,11,
TXN001334,ACC0251,M002,StyleHub,Fashion,1813,NetBanking,2026-08-30 11:37:30,SUCCESS,11,11520.0
TXN001335,ACC0251,M005,FitFuel,Health,1949,UPI,2026-09-15 11:37:30,SUCCESS,11,23040.0
TXN001336,ACC0251,M003,FreshMart,Grocery,169,Card,2026-09-03 11:37:30,SUCCESS,11,-17280.0
TXN001337,ACC0251,M002,StyleHub,Fashion,917,UPI,2026-10-13 11:37:30,SUCCESS,11,57600.0
TXN001338,ACC0251,M003,FreshMart,Grocery,258,Wallet,2026-10-16 11:37:30,SUCCESS,11,4320.0
TXN001339,ACC0252,M002,StyleHub,Fashion,2113,Card,2026-07-18 11:37:30,SUCCESS,11,
TXN001340,ACC0252,M004,HomeNest,Furniture,4899,Card,2026-07-22 11:37:30,SUCCESS,11,5760.0
TXN001341,ACC0252,M003,FreshMart,Grocery,714,Wallet,2026-08-07 11:37:30,SUCCESS,11,23040.0
TXN001342,ACC0252,M002,StyleHub,Fashion,1650,Card,2026-08-17 11:37:30,SUCCESS,11,14400.0
TXN001343,ACC0252,M003,FreshMart,Grocery,982,Card,2026-07-30 11:37:30,SUCCESS,11,-25920.0
TXN001344,ACC0252,M001,TechKart,Electronics,1451,UPI,2026-10-01 11:37:30,SUCCESS,11,90720.0
TXN001345,ACC0252,M001,TechKart,Electronics,2152,Card,2026-08-17 11:37:30,SUCCESS,11,-64800.0
TXN001346,ACC0253,M004,HomeNest,Furniture,8621,NetBanking,2026-07-29 11:37:30,SUCCESS,11,
TXN001347,ACC0253,M005,FitFuel,Health,858,UPI,2026-08-06 11:37:30,SUCCESS,11,11520.0
TXN001348,ACC0254,M005,FitFuel,Health,810,UPI,2026-06-08 11:37:30,SUCCESS,11,
TXN001349,ACC0254,M002,StyleHub,Fashion,429,Card,2026-06-19 11:37:30,SUCCESS,11,15840.0
TXN001350,ACC0254,M005,FitFuel,Health,1713,UPI,2026-07-04 11:37:30,SUCCESS,11,21600.0
TXN001351,ACC0254,M005,FitFuel,Health,473,Card,2026-07-17 11:37:30,SUCCESS,11,18720.0
TXN001352,ACC0254,M005,FitFuel,Health,1221,UPI,2026-06-24 11:37:30,SUCCESS,11,-33120.0
TXN001353,ACC0254,M002,StyleHub,Fashion,1847,Wallet,2026-07-13 11:37:30,SUCCESS,11,27360.0
TXN001354,ACC0255,M002,StyleHub,Fashion,1928,Wallet,2026-07-02 11:37:30,SUCCESS,11,
TXN001355,ACC0255,M002,StyleHub,Fashion,882,UPI,2026-07-09 11:37:30,SUCCESS,11,10080.0
TXN001356,ACC0255,M003,FreshMart,Grocery,692,UPI,2026-07-20 11:37:30,SUCCESS,11,15840.0
TXN001357,ACC0255,M005,FitFuel,Health,1912,UPI,2026-08-10 11:37:30,SUCCESS,11,30240.0
TXN001358,ACC0255,M005,FitFuel,Health,445,Wallet,2026-07-26 11:37:30,SUCCESS,11,-21600.0
TXN001359,ACC0256,M003,FreshMart,Grocery,162,Card,2026-07-03 11:37:30,SUCCESS,11,
TXN001360,ACC0256,M003,FreshMart,Grocery,874,UPI,2026-07-10 11:37:30,SUCCESS,11,10080.0
TXN001361,ACC0256,M002,StyleHub,Fashion,2046,UPI,2026-07-17 11:37:30,SUCCESS,11,10080.0
TXN001362,ACC0256,M004,HomeNest,Furniture,6030,UPI,2026-07-12 11:37:30,SUCCESS,11,-7200.0
TXN001363,ACC0256,M005,FitFuel,Health,929,UPI,2026-08-12 11:37:30,SUCCESS,11,44640.0
TXN001364,ACC0256,M001,TechKart,Electronics,2074,Card,2026-08-17 11:37:30,SUCCESS,11,7200.0
TXN001365,ACC0257,M004,HomeNest,Furniture,5066,UPI,2026-08-06 11:37:30,SUCCESS,11,
TXN001366,ACC0257,M002,StyleHub,Fashion,1503,UPI,2026-08-14 11:37:30,SUCCESS,11,11520.0
TXN001367,ACC0257,M004,HomeNest,Furniture,3325,UPI,2026-08-24 11:37:30,SUCCESS,11,14400.0
TXN001368,ACC0257,M004,HomeNest,Furniture,2047,UPI,2026-09-14 11:37:30,SUCCESS,11,30240.0
TXN001369,ACC0258,M002,StyleHub,Fashion,1566,UPI,2026-08-09 11:37:30,SUCCESS,11,
TXN001370,ACC0258,M004,HomeNest,Furniture,8094,UPI,2026-08-17 11:37:30,SUCCESS,11,11520.0
TXN001371,ACC0258,M002,StyleHub,Fashion,1215,Wallet,2026-08-13 11:37:30,SUCCESS,11,-5760.0
TXN001372,ACC0258,M003,FreshMart,Grocery,393,UPI,2026-09-14 11:37:30,SUCCESS,11,46080.0
TXN001373,ACC0258,M004,HomeNest,Furniture,8552,Card,2026-09-18 11:37:30,SUCCESS,11,5760.0
TXN001374,ACC0258,M003,FreshMart,Grocery,968,UPI,2026-08-29 11:37:30,SUCCESS,11,-28800.0
TXN001375,ACC0258,M004,HomeNest,Furniture,3076,UPI,2026-10-26 11:37:30,SUCCESS,11,83520.0
TXN001376,ACC0258,M001,TechKart,Electronics,1833,UPI,2026-08-30 11:37:30,SUCCESS,11,-82080.0
TXN001377,ACC0259,M002,StyleHub,Fashion,613,Card,2026-09-02 11:37:30,SUCCESS,11,
TXN001378,ACC0259,M004,HomeNest,Furniture,9998,Card,2026-09-09 11:37:30,SUCCESS,11,10080.0
TXN001379,ACC0259,M004,HomeNest,Furniture,5933,UPI,2026-09-06 11:37:30,SUCCESS,11,-4320.0
TXN001380,ACC0259,M001,TechKart,Electronics,4313,UPI,2026-09-29 11:37:30,SUCCESS,11,33120.0
TXN001381,ACC0259,M005,FitFuel,Health,1065,UPI,2026-09-18 11:37:30,SUCCESS,11,-15840.0
TXN001382,ACC0259,M001,TechKart,Electronics,2958,Wallet,2026-11-11 11:37:30,SUCCESS,11,77760.0
TXN001383,ACC0260,M004,HomeNest,Furniture,3625,UPI,2026-06-10 11:37:30,SUCCESS,11,
TXN001384,ACC0260,M001,TechKart,Electronics,4915,Card,2026-06-24 11:37:30,SUCCESS,11,20160.0
TXN001385,ACC0260,M005,FitFuel,Health,909,UPI,2026-06-20 11:37:30,SUCCESS,11,-5760.0
TXN001386,ACC0261,M003,FreshMart,Grocery,543,Wallet,2026-07-14 11:37:30,SUCCESS,11,
TXN001387,ACC0261,M001,TechKart,Electronics,2435,UPI,2026-07-22 11:37:30,SUCCESS,11,11520.0
TXN001388,ACC0261,M004,HomeNest,Furniture,5336,UPI,2026-07-18 11:37:30,SUCCESS,11,-5760.0
TXN001389,ACC0262,M002,StyleHub,Fashion,1776,UPI,2026-06-14 11:37:30,SUCCESS,11,
TXN001390,ACC0262,M005,FitFuel,Health,2049,Card,2026-06-16 11:37:30,SUCCESS,11,2880.0
TXN001391,ACC0262,M001,TechKart,Electronics,3005,UPI,2026-06-26 11:37:30,SUCCESS,11,14400.0
TXN001392,ACC0262,M004,HomeNest,Furniture,4023,UPI,2026-07-05 11:37:30,SUCCESS,11,12960.0
TXN001393,ACC0262,M002,StyleHub,Fashion,567,UPI,2026-06-22 11:37:30,SUCCESS,11,-18720.0
TXN001394,ACC0262,M003,FreshMart,Grocery,584,UPI,2026-08-13 11:37:30,SUCCESS,11,74880.0
TXN001395,ACC0262,M005,FitFuel,Health,712,UPI,2026-07-20 11:37:30,SUCCESS,11,-34560.0
TXN001396,ACC0263,M003,FreshMart,Grocery,773,UPI,2026-07-03 11:37:30,SUCCESS,11,
TXN001397,ACC0263,M001,TechKart,Electronics,1867,UPI,2026-07-15 11:37:30,SUCCESS,11,17280.0
TXN001398,ACC0263,M003,FreshMart,Grocery,1356,UPI,2026-07-29 11:37:30,SUCCESS,11,20160.0
TXN001399,ACC0263,M002,StyleHub,Fashion,1530,UPI,2026-07-24 11:37:30,SUCCESS,11,-7200.0
TXN001400,ACC0264,M002,StyleHub,Fashion,892,UPI,2026-08-23 11:37:30,SUCCESS,11,
TXN001401,ACC0264,M002,StyleHub,Fashion,1190,Card,2026-09-04 11:37:30,SUCCESS,11,17280.0
TXN001402,ACC0264,M001,TechKart,Electronics,3609,UPI,2026-08-29 11:37:30,SUCCESS,11,-8640.0
TXN001403,ACC0264,M002,StyleHub,Fashion,1029,UPI,2026-09-19 11:37:30,SUCCESS,11,30240.0
TXN001404,ACC0264,M004,HomeNest,Furniture,6509,Card,2026-09-12 11:37:30,SUCCESS,11,-10080.0
TXN001405,ACC0265,M003,FreshMart,Grocery,1068,Card,2026-06-24 11:37:30,SUCCESS,11,
TXN001406,ACC0265,M004,HomeNest,Furniture,2554,UPI,2026-06-27 11:37:30,SUCCESS,11,4320.0
TXN001407,ACC0265,M005,FitFuel,Health,389,UPI,2026-07-14 11:37:30,SUCCESS,11,24480.0
TXN001408,ACC0265,M002,StyleHub,Fashion,1586,UPI,2026-07-12 11:37:30,SUCCESS,11,-2880.0
TXN001409,ACC0265,M001,TechKart,Electronics,2358,Card,2026-08-07 11:37:30,SUCCESS,11,37440.0
TXN001410,ACC0265,M004,HomeNest,Furniture,7609,UPI,2026-08-03 11:37:30,SUCCESS,11,-5760.0
TXN001411,ACC0265,M001,TechKart,Electronics,2155,UPI,2026-08-23 11:37:30,SUCCESS,11,28800.0
TXN001412,ACC0265,M004,HomeNest,Furniture,6607,Card,2026-09-02 11:37:30,SUCCESS,11,14400.0
TXN001413,ACC0266,M002,StyleHub,Fashion,1153,UPI,2026-06-18 11:37:30,SUCCESS,11,
TXN001414,ACC0266,M002,StyleHub,Fashion,436,NetBanking,2026-06-29 11:37:30,SUCCESS,11,15840.0
TXN001415,ACC0266,M005,FitFuel,Health,2165,UPI,2026-07-16 11:37:30,SUCCESS,11,24480.0
TXN001416,ACC0266,M005,FitFuel,Health,1360,UPI,2026-07-27 11:37:30,SUCCESS,11,15840.0
TXN001417,ACC0266,M003,FreshMart,Grocery,699,Card,2026-07-08 11:37:30,SUCCESS,11,-27360.0
TXN001418,ACC0267,M005,FitFuel,Health,1275,UPI,2026-08-06 11:37:30,SUCCESS,11,
TXN001419,ACC0267,M002,StyleHub,Fashion,1537,Wallet,2026-08-18 11:37:30,SUCCESS,11,17280.0
TXN001420,ACC0267,M001,TechKart,Electronics,2839,Wallet,2026-08-18 11:37:30,SUCCESS,11,0.0
TXN001421,ACC0268,M001,TechKart,Electronics,3646,Card,2026-06-27 11:37:30,SUCCESS,11,
TXN001422,ACC0268,M003,FreshMart,Grocery,320,Wallet,2026-07-04 11:37:30,SUCCESS,11,10080.0
TXN001423,ACC0268,M003,FreshMart,Grocery,423,UPI,2026-07-17 11:37:30,SUCCESS,11,18720.0
TXN001424,ACC0269,M001,TechKart,Electronics,885,NetBanking,2026-07-28 11:37:30,SUCCESS,11,
TXN001425,ACC0269,M003,FreshMart,Grocery,511,UPI,2026-08-02 11:37:30,SUCCESS,11,7200.0
TXN001426,ACC0269,M005,FitFuel,Health,735,Card,2026-08-01 11:37:30,SUCCESS,11,-1440.0
TXN001427,ACC0269,M004,HomeNest,Furniture,9746,Card,2026-09-05 11:37:30,SUCCESS,11,50400.0
TXN001428,ACC0269,M005,FitFuel,Health,1144,NetBanking,2026-09-26 11:37:30,SUCCESS,11,30240.0
TXN001429,ACC0269,M003,FreshMart,Grocery,700,UPI,2026-08-22 11:37:30,SUCCESS,11,-50400.0
TXN001430,ACC0270,M004,HomeNest,Furniture,3898,Card,2026-07-15 11:37:30,SUCCESS,11,
TXN001431,ACC0270,M003,FreshMart,Grocery,453,Wallet,2026-07-23 11:37:30,SUCCESS,11,11520.0
TXN001432,ACC0270,M004,HomeNest,Furniture,3486,UPI,2026-07-21 11:37:30,SUCCESS,11,-2880.0
TXN001433,ACC0270,M002,StyleHub,Fashion,1173,Card,2026-08-29 11:37:30,SUCCESS,11,56160.0
TXN001434,ACC0270,M002,StyleHub,Fashion,1555,UPI,2026-09-05 11:37:30,SUCCESS,11,10080.0
TXN001435,ACC0270,M002,StyleHub,Fashion,2014,Card,2026-08-04 11:37:30,SUCCESS,11,-46080.0
TXN001436,ACC0270,M001,TechKart,Electronics,1975,UPI,2026-08-14 11:37:30,SUCCESS,11,14400.0
TXN001437,ACC0271,M004,HomeNest,Furniture,2821,Card,2026-07-07 11:37:30,SUCCESS,11,
TXN001438,ACC0271,M001,TechKart,Electronics,1616,UPI,2026-07-11 11:37:30,SUCCESS,11,5760.0
TXN001439,ACC0271,M001,TechKart,Electronics,911,Card,2026-07-11 11:37:30,SUCCESS,11,0.0
TXN001440,ACC0272,M002,StyleHub,Fashion,742,UPI,2026-08-29 11:37:30,SUCCESS,11,
TXN001441,ACC0272,M005,FitFuel,Health,355,Card,2026-09-10 11:37:30,SUCCESS,11,17280.0
TXN001442,ACC0272,M001,TechKart,Electronics,3572,NetBanking,2026-09-02 11:37:30,SUCCESS,11,-11520.0
TXN001443,ACC0272,M002,StyleHub,Fashion,970,UPI,2026-09-07 11:37:30,SUCCESS,11,7200.0
TXN001444,ACC0272,M004,HomeNest,Furniture,8680,UPI,2026-10-12 11:37:30,SUCCESS,11,50400.0
TXN001445,ACC0272,M004,HomeNest,Furniture,3265,UPI,2026-10-03 11:37:30,SUCCESS,11,-12960.0
TXN001446,ACC0272,M003,FreshMart,Grocery,1435,UPI,2026-10-28 11:37:30,SUCCESS,11,36000.0
TXN001447,ACC0273,M005,FitFuel,Health,1515,UPI,2026-08-29 11:37:30,SUCCESS,11,
TXN001448,ACC0273,M004,HomeNest,Furniture,3161,UPI,2026-09-13 11:37:30,SUCCESS,11,21600.0
TXN001449,ACC0274,M004,HomeNest,Furniture,5157,UPI,2026-08-31 11:37:30,SUCCESS,11,
TXN001450,ACC0274,M003,FreshMart,Grocery,612,Wallet,2026-09-12 11:37:30,SUCCESS,11,17280.0
TXN001451,ACC0274,M004,HomeNest,Furniture,7625,NetBanking,2026-09-24 11:37:30,SUCCESS,11,17280.0
TXN001452,ACC0275,M002,StyleHub,Fashion,851,UPI,2026-08-20 11:37:30,SUCCESS,11,
TXN001453,ACC0275,M003,FreshMart,Grocery,306,Card,2026-08-26 11:37:30,SUCCESS,11,8640.0
TXN001454,ACC0275,M003,FreshMart,Grocery,323,NetBanking,2026-08-26 11:37:30,SUCCESS,11,0.0
TXN001455,ACC0275,M002,StyleHub,Fashion,1129,UPI,2026-09-22 11:37:30,SUCCESS,11,38880.0
TXN001456,ACC0275,M005,FitFuel,Health,1042,Card,2026-09-17 11:37:30,SUCCESS,11,-7200.0
TXN001457,ACC0275,M003,FreshMart,Grocery,1429,NetBanking,2026-09-09 11:37:30,SUCCESS,11,-11520.0
TXN001458,ACC0275,M001,TechKart,Electronics,3020,Wallet,2026-10-01 11:37:30,SUCCESS,11,31680.0
TXN001459,ACC0275,M003,FreshMart,Grocery,693,NetBanking,2026-11-12 11:37:30,SUCCESS,11,60480.0
TXN001460,ACC0276,M001,TechKart,Electronics,2017,Card,2026-08-25 11:37:30,SUCCESS,11,
TXN001461,ACC0276,M003,FreshMart,Grocery,452,UPI,2026-08-29 11:37:30,SUCCESS,11,5760.0
TXN001462,ACC0276,M004,HomeNest,Furniture,8673,UPI,2026-09-20 11:37:30,SUCCESS,11,31680.0
TXN001463,ACC0276,M004,HomeNest,Furniture,9860,Card,2026-09-27 11:37:30,SUCCESS,11,10080.0
TXN001464,ACC0276,M001,TechKart,Electronics,3446,Wallet,2026-09-10 11:37:30,SUCCESS,11,-24480.0
TXN001465,ACC0276,M004,HomeNest,Furniture,4888,UPI,2026-09-14 11:37:30,SUCCESS,11,5760.0
TXN001466,ACC0276,M004,HomeNest,Furniture,7680,Wallet,2026-10-12 11:37:30,SUCCESS,11,40320.0
TXN001467,ACC0277,M002,StyleHub,Fashion,1407,UPI,2026-06-14 11:37:30,SUCCESS,11,
TXN001468,ACC0277,M004,HomeNest,Furniture,6413,UPI,2026-06-24 11:37:30,SUCCESS,11,14400.0
TXN001469,ACC0277,M005,FitFuel,Health,1242,UPI,2026-07-04 11:37:30,SUCCESS,11,14400.0
TXN001470,ACC0277,M004,HomeNest,Furniture,6316,Card,2026-07-17 11:37:30,SUCCESS,11,18720.0
TXN001471,ACC0277,M002,StyleHub,Fashion,757,UPI,2026-08-05 11:37:30,SUCCESS,11,27360.0
TXN001472,ACC0277,M002,StyleHub,Fashion,470,UPI,2026-06-24 11:37:30,SUCCESS,11,-60480.0
TXN001473,ACC0278,M001,TechKart,Electronics,3661,UPI,2026-08-17 11:37:30,SUCCESS,11,
TXN001474,ACC0278,M002,StyleHub,Fashion,1607,UPI,2026-09-01 11:37:30,SUCCESS,11,21600.0
TXN001475,ACC0278,M005,FitFuel,Health,2024,UPI,2026-09-16 11:37:30,SUCCESS,11,21600.0
TXN001476,ACC0278,M002,StyleHub,Fashion,628,Card,2026-10-01 11:37:30,SUCCESS,11,21600.0
TXN001477,ACC0278,M002,StyleHub,Fashion,1946,Card,2026-08-29 11:37:30,SUCCESS,11,-47520.0
TXN001478,ACC0279,M001,TechKart,Electronics,1668,Card,2026-07-11 11:37:30,SUCCESS,11,
TXN001479,ACC0279,M004,HomeNest,Furniture,8860,Card,2026-07-14 11:37:30,SUCCESS,11,4320.0
TXN001480,ACC0279,M001,TechKart,Electronics,2003,UPI,2026-07-19 11:37:30,SUCCESS,11,7200.0
TXN001481,ACC0279,M002,StyleHub,Fashion,715,UPI,2026-07-20 11:37:30,SUCCESS,11,1440.0
TXN001482,ACC0279,M004,HomeNest,Furniture,3226,Card,2026-09-09 11:37:30,SUCCESS,11,73440.0
TXN001483,ACC0279,M002,StyleHub,Fashion,1626,UPI,2026-08-25 11:37:30,SUCCESS,11,-21600.0
TXN001484,ACC0279,M003,FreshMart,Grocery,1059,Card,2026-09-27 11:37:30,SUCCESS,11,47520.0
TXN001485,ACC0280,M001,TechKart,Electronics,2077,UPI,2026-09-02 11:37:30,SUCCESS,11,
TXN001486,ACC0280,M001,TechKart,Electronics,2221,UPI,2026-09-14 11:37:30,SUCCESS,11,17280.0
TXN001487,ACC0280,M004,HomeNest,Furniture,8821,UPI,2026-09-06 11:37:30,SUCCESS,11,-11520.0
TXN001488,ACC0280,M005,FitFuel,Health,1356,Wallet,2026-09-29 11:37:30,SUCCESS,11,33120.0
TXN001489,ACC0280,M003,FreshMart,Grocery,615,UPI,2026-10-12 11:37:30,SUCCESS,11,18720.0
TXN001490,ACC0280,M003,FreshMart,Grocery,338,UPI,2026-09-22 11:37:30,SUCCESS,11,-28800.0
TXN001491,ACC0280,M002,StyleHub,Fashion,2040,Card,2026-09-26 11:37:30,SUCCESS,11,5760.0
TXN001492,ACC0281,M005,FitFuel,Health,616,NetBanking,2026-07-15 11:37:30,SUCCESS,11,
TXN001493,ACC0281,M004,HomeNest,Furniture,4565,Card,2026-07-24 11:37:30,SUCCESS,11,12960.0
TXN001494,ACC0281,M004,HomeNest,Furniture,3350,UPI,2026-07-31 11:37:30,SUCCESS,11,10080.0
TXN001495,ACC0282,M002,StyleHub,Fashion,1505,UPI,2026-06-13 11:37:30,SUCCESS,11,
TXN001496,ACC0282,M003,FreshMart,Grocery,1385,Card,2026-06-16 11:37:30,SUCCESS,11,4320.0
TXN001497,ACC0282,M001,TechKart,Electronics,2762,UPI,2026-06-27 11:37:30,SUCCESS,11,15840.0
TXN001498,ACC0282,M001,TechKart,Electronics,1335,UPI,2026-07-13 11:37:30,SUCCESS,11,23040.0
TXN001499,ACC0283,M005,FitFuel,Health,1126,Card,2026-07-26 11:37:30,SUCCESS,11,
TXN001500,ACC0283,M002,StyleHub,Fashion,1502,UPI,2026-07-28 11:37:30,SUCCESS,11,2880.0
TXN001501,ACC0284,M005,FitFuel,Health,2281,UPI,2026-06-23 11:37:30,SUCCESS,11,
TXN001502,ACC0284,M001,TechKart,Electronics,3328,UPI,2026-06-30 11:37:30,SUCCESS,11,10080.0
TXN001503,ACC0284,M003,FreshMart,Grocery,965,UPI,2026-07-07 11:37:30,SUCCESS,11,10080.0
TXN001504,ACC0284,M004,HomeNest,Furniture,7944,UPI,2026-07-14 11:37:30,SUCCESS,11,10080.0
TXN001505,ACC0284,M001,TechKart,Electronics,3514,UPI,2026-07-09 11:37:30,SUCCESS,11,-7200.0
TXN001506,ACC0284,M005,FitFuel,Health,713,UPI,2026-08-27 11:37:30,SUCCESS,11,70560.0
TXN001507,ACC0285,M005,FitFuel,Health,1865,UPI,2026-08-15 11:37:30,SUCCESS,11,
TXN001508,ACC0285,M001,TechKart,Electronics,3176,UPI,2026-08-30 11:37:30,SUCCESS,11,21600.0
TXN001509,ACC0285,M004,HomeNest,Furniture,2645,NetBanking,2026-09-08 11:37:30,SUCCESS,11,12960.0
TXN001510,ACC0285,M002,StyleHub,Fashion,1283,NetBanking,2026-08-24 11:37:30,SUCCESS,11,-21600.0
TXN001511,ACC0285,M002,StyleHub,Fashion,1059,Wallet,2026-10-02 11:37:30,SUCCESS,11,56160.0
TXN001512,ACC0285,M005,FitFuel,Health,2443,Wallet,2026-10-04 11:37:30,SUCCESS,11,2880.0
TXN001513,ACC0285,M004,HomeNest,Furniture,8433,UPI,2026-09-26 11:37:30,SUCCESS,11,-11520.0
TXN001514,ACC0285,M003,FreshMart,Grocery,1426,NetBanking,2026-09-26 11:37:30,SUCCESS,11,0.0
TXN001515,ACC0286,M004,HomeNest,Furniture,3958,UPI,2026-08-29 11:37:30,SUCCESS,11,
TXN001516,ACC0286,M005,FitFuel,Health,607,Wallet,2026-09-09 11:37:30,SUCCESS,11,15840.0
TXN001517,ACC0286,M004,HomeNest,Furniture,2797,NetBanking,2026-09-20 11:37:30,SUCCESS,11,15840.0
TXN001518,ACC0286,M003,FreshMart,Grocery,1270,NetBanking,2026-09-10 11:37:30,SUCCESS,11,-14400.0
TXN001519,ACC0286,M001,TechKart,Electronics,4887,UPI,2026-10-24 11:37:30,SUCCESS,11,63360.0
TXN001520,ACC0287,M002,StyleHub,Fashion,679,UPI,2026-08-13 11:37:30,SUCCESS,11,
TXN001521,ACC0287,M003,FreshMart,Grocery,332,UPI,2026-08-20 11:37:30,SUCCESS,11,10080.0
TXN001522,ACC0287,M004,HomeNest,Furniture,4113,Wallet,2026-09-08 11:37:30,SUCCESS,11,27360.0
TXN001523,ACC0287,M004,HomeNest,Furniture,7327,Wallet,2026-08-31 11:37:30,SUCCESS,11,-11520.0
TXN001524,ACC0288,M001,TechKart,Electronics,3777,NetBanking,2026-06-23 11:37:30,SUCCESS,11,
TXN001525,ACC0288,M004,HomeNest,Furniture,9020,Card,2026-07-01 11:37:30,SUCCESS,11,11520.0
TXN001526,ACC0289,M003,FreshMart,Grocery,1199,NetBanking,2026-08-18 11:37:30,SUCCESS,11,
TXN001527,ACC0289,M003,FreshMart,Grocery,320,Card,2026-08-25 11:37:30,SUCCESS,11,10080.0
TXN001528,ACC0289,M004,HomeNest,Furniture,4153,NetBanking,2026-09-07 11:37:30,SUCCESS,11,18720.0
TXN001529,ACC0289,M001,TechKart,Electronics,1267,Card,2026-09-23 11:37:30,SUCCESS,11,23040.0
TXN001530,ACC0289,M005,FitFuel,Health,332,UPI,2026-09-07 11:37:30,SUCCESS,11,-23040.0
TXN001531,ACC0289,M003,FreshMart,Grocery,919,UPI,2026-09-02 11:37:30,SUCCESS,11,-7200.0
TXN001532,ACC0289,M001,TechKart,Electronics,2627,UPI,2026-10-05 11:37:30,SUCCESS,11,47520.0
TXN001533,ACC0290,M003,FreshMart,Grocery,1104,UPI,2026-06-10 11:37:30,SUCCESS,11,
TXN001534,ACC0290,M004,HomeNest,Furniture,2893,UPI,2026-06-20 11:37:30,SUCCESS,11,14400.0
TXN001535,ACC0290,M001,TechKart,Electronics,4051,Card,2026-07-06 11:37:30,SUCCESS,11,23040.0
TXN001536,ACC0290,M004,HomeNest,Furniture,4692,UPI,2026-06-25 11:37:30,SUCCESS,11,-15840.0
TXN001537,ACC0290,M005,FitFuel,Health,2291,UPI,2026-07-08 11:37:30,SUCCESS,11,18720.0
TXN001538,ACC0291,M003,FreshMart,Grocery,1080,UPI,2026-07-05 11:37:30,SUCCESS,11,
TXN001539,ACC0291,M004,HomeNest,Furniture,3192,Card,2026-07-09 11:37:30,SUCCESS,11,5760.0
TXN001540,ACC0291,M005,FitFuel,Health,428,Wallet,2026-07-19 11:37:30,SUCCESS,11,14400.0
TXN001541,ACC0291,M004,HomeNest,Furniture,2511,Wallet,2026-08-16 11:37:30,SUCCESS,11,40320.0
TXN001542,ACC0291,M004,HomeNest,Furniture,5878,UPI,2026-08-02 11:37:30,SUCCESS,11,-20160.0
TXN001543,ACC0291,M001,TechKart,Electronics,4264,UPI,2026-07-30 11:37:30,SUCCESS,11,-4320.0
TXN001544,ACC0291,M002,StyleHub,Fashion,742,UPI,2026-09-15 11:37:30,SUCCESS,11,67680.0
TXN001545,ACC0292,M003,FreshMart,Grocery,1074,NetBanking,2026-07-14 11:37:30,SUCCESS,11,
TXN001546,ACC0292,M002,StyleHub,Fashion,1462,UPI,2026-07-24 11:37:30,SUCCESS,11,14400.0
TXN001547,ACC0292,M001,TechKart,Electronics,4310,UPI,2026-07-18 11:37:30,SUCCESS,11,-8640.0
TXN001548,ACC0292,M003,FreshMart,Grocery,486,UPI,2026-08-25 11:37:30,SUCCESS,11,54720.0
TXN001549,ACC0293,M005,FitFuel,Health,958,Wallet,2026-07-04 11:37:30,SUCCESS,11,
TXN001550,ACC0293,M003,FreshMart,Grocery,1318,UPI,2026-07-12 11:37:30,SUCCESS,11,11520.0
TXN001551,ACC0293,M005,FitFuel,Health,1113,UPI,2026-07-08 11:37:30,SUCCESS,11,-5760.0
TXN001552,ACC0293,M005,FitFuel,Health,892,UPI,2026-08-09 11:37:30,SUCCESS,11,46080.0
TXN001553,ACC0293,M003,FreshMart,Grocery,179,UPI,2026-09-02 11:37:30,SUCCESS,11,34560.0
TXN001554,ACC0294,M003,FreshMart,Grocery,382,Card,2026-08-16 11:37:30,SUCCESS,11,
TXN001555,ACC0294,M004,HomeNest,Furniture,4152,UPI,2026-08-28 11:37:30,SUCCESS,11,17280.0
TXN001556,ACC0294,M004,HomeNest,Furniture,9727,NetBanking,2026-08-20 11:37:30,SUCCESS,11,-11520.0
TXN001557,ACC0294,M004,HomeNest,Furniture,7234,Wallet,2026-08-28 11:37:30,SUCCESS,11,11520.0
TXN001558,ACC0294,M001,TechKart,Electronics,2590,Card,2026-08-28 11:37:30,SUCCESS,11,0.0
TXN001559,ACC0295,M005,FitFuel,Health,980,Card,2026-07-12 11:37:30,SUCCESS,11,
TXN001560,ACC0295,M003,FreshMart,Grocery,579,Wallet,2026-07-17 11:37:30,SUCCESS,11,7200.0
TXN001561,ACC0295,M005,FitFuel,Health,358,UPI,2026-08-05 11:37:30,SUCCESS,11,27360.0
TXN001562,ACC0296,M003,FreshMart,Grocery,1178,NetBanking,2026-09-01 11:37:30,SUCCESS,11,
TXN001563,ACC0296,M004,HomeNest,Furniture,7315,Wallet,2026-09-04 11:37:30,SUCCESS,11,4320.0
TXN001564,ACC0296,M004,HomeNest,Furniture,4881,UPI,2026-09-17 11:37:30,SUCCESS,11,18720.0
TXN001565,ACC0296,M004,HomeNest,Furniture,6285,Wallet,2026-10-01 11:37:30,SUCCESS,11,20160.0
TXN001566,ACC0297,M004,HomeNest,Furniture,5509,UPI,2026-08-20 11:37:30,SUCCESS,11,
TXN001567,ACC0297,M005,FitFuel,Health,966,UPI,2026-08-30 11:37:30,SUCCESS,11,14400.0
TXN001568,ACC0297,M003,FreshMart,Grocery,1500,Card,2026-09-05 11:37:30,SUCCESS,11,8640.0
TXN001569,ACC0297,M003,FreshMart,Grocery,1420,Wallet,2026-09-13 11:37:30,SUCCESS,11,11520.0
TXN001570,ACC0298,M001,TechKart,Electronics,1534,Card,2026-08-22 11:37:30,SUCCESS,11,
TXN001571,ACC0298,M004,HomeNest,Furniture,2849,UPI,2026-09-02 11:37:30,SUCCESS,11,15840.0
TXN001572,ACC0298,M005,FitFuel,Health,708,Card,2026-09-19 11:37:30,SUCCESS,11,24480.0
TXN001573,ACC0298,M005,FitFuel,Health,433,Card,2026-09-21 11:37:30,SUCCESS,11,2880.0
TXN001574,ACC0298,M004,HomeNest,Furniture,3735,UPI,2026-10-21 11:37:30,SUCCESS,11,43200.0
TXN001575,ACC0298,M005,FitFuel,Health,1860,UPI,2026-10-06 11:37:30,SUCCESS,11,-21600.0
TXN001576,ACC0298,M004,HomeNest,Furniture,9786,UPI,2026-11-20 11:37:30,SUCCESS,11,64800.0
TXN001577,ACC0298,M004,HomeNest,Furniture,5382,Wallet,2026-11-28 11:37:30,SUCCESS,11,11520.0
TXN001578,ACC0299,M003,FreshMart,Grocery,608,UPI,2026-07-15 11:37:30,SUCCESS,11,
TXN001579,ACC0299,M003,FreshMart,Grocery,779,NetBanking,2026-07-21 11:37:30,SUCCESS,11,8640.0
TXN001580,ACC0299,M004,HomeNest,Furniture,7515,UPI,2026-08-12 11:37:30,SUCCESS,11,31680.0
TXN001581,ACC0299,M001,TechKart,Electronics,927,UPI,2026-08-08 11:37:30,SUCCESS,11,-5760.0
TXN001582,ACC0299,M003,FreshMart,Grocery,1212,NetBanking,2026-09-09 11:37:30,SUCCESS,11,46080.0
TXN001583,ACC0299,M003,FreshMart,Grocery,836,UPI,2026-09-08 11:37:30,SUCCESS,11,-1440.0
TXN001584,ACC0299,M004,HomeNest,Furniture,3981,Card,2026-09-19 11:37:30,SUCCESS,11,15840.0
TXN001585,ACC0300,M004,HomeNest,Furniture,8787,UPI,2026-08-10 11:37:30,SUCCESS,11,
TXN001586,ACC0300,M004,HomeNest,Furniture,3055,Wallet,2026-08-21 11:37:30,SUCCESS,11,15840.0
TXN001587,ACC0300,M002,StyleHub,Fashion,2051,Wallet,2026-08-26 11:37:30,SUCCESS,11,7200.0
TXN001588,ACC0300,M002,StyleHub,Fashion,2191,UPI,2026-09-09 11:37:30,SUCCESS,11,20160.0
TXN001589,ACC0300,M002,StyleHub,Fashion,2465,UPI,2026-10-01 11:37:30,SUCCESS,11,31680.0
TXN001590,ACC0301,M003,FreshMart,Grocery,1282,UPI,2026-07-15 11:37:30,SUCCESS,11,
TXN001591,ACC0301,M002,StyleHub,Fashion,781,UPI,2026-07-22 11:37:30,SUCCESS,11,10080.0
TXN001592,ACC0301,M001,TechKart,Electronics,2053,UPI,2026-07-31 11:37:30,SUCCESS,11,12960.0
TXN001593,ACC0301,M005,FitFuel,Health,622,Card,2026-08-23 11:37:30,SUCCESS,11,33120.0
TXN001594,ACC0301,M002,StyleHub,Fashion,2258,Card,2026-07-23 11:37:30,SUCCESS,11,-44640.0
TXN001595,ACC0301,M003,FreshMart,Grocery,532,UPI,2026-09-23 11:37:30,SUCCESS,11,89280.0
TXN001596,ACC0302,M005,FitFuel,Health,1304,Card,2026-07-27 11:37:30,SUCCESS,11,
TXN001597,ACC0302,M004,HomeNest,Furniture,8311,UPI,2026-08-10 11:37:30,SUCCESS,11,20160.0
TXN001598,ACC0302,M003,FreshMart,Grocery,319,Wallet,2026-07-31 11:37:30,SUCCESS,11,-14400.0
TXN001599,ACC0303,M005,FitFuel,Health,723,UPI,2026-09-01 11:37:30,SUCCESS,11,
TXN001600,ACC0303,M001,TechKart,Electronics,1677,UPI,2026-09-12 11:37:30,SUCCESS,11,15840.0
TXN001601,ACC0303,M002,StyleHub,Fashion,780,UPI,2026-09-13 11:37:30,SUCCESS,11,1440.0
TXN001602,ACC0303,M003,FreshMart,Grocery,575,UPI,2026-10-16 11:37:30,SUCCESS,11,47520.0
TXN001603,ACC0303,M001,TechKart,Electronics,4189,UPI,2026-10-07 11:37:30,SUCCESS,11,-12960.0
TXN001604,ACC0303,M001,TechKart,Electronics,2522,Card,2026-10-31 11:37:30,SUCCESS,11,34560.0
TXN001605,ACC0303,M003,FreshMart,Grocery,1447,Wallet,2026-10-19 11:37:30,SUCCESS,11,-17280.0
TXN001606,ACC0304,M003,FreshMart,Grocery,170,Wallet,2026-08-14 11:37:30,SUCCESS,11,
TXN001607,ACC0304,M005,FitFuel,Health,428,UPI,2026-08-26 11:37:30,SUCCESS,11,17280.0
TXN001608,ACC0304,M003,FreshMart,Grocery,1141,Wallet,2026-08-28 11:37:30,SUCCESS,11,2880.0
TXN001609,ACC0304,M005,FitFuel,Health,320,UPI,2026-09-16 11:37:30,SUCCESS,11,27360.0
TXN001610,ACC0304,M003,FreshMart,Grocery,399,UPI,2026-10-05 11:37:30,SUCCESS,11,27360.0
TXN001611,ACC0304,M005,FitFuel,Health,394,UPI,2026-08-24 11:37:30,SUCCESS,11,-60480.0
TXN001612,ACC0304,M002,StyleHub,Fashion,1285,NetBanking,2026-11-06 11:37:30,SUCCESS,11,106560.0
TXN001613,ACC0304,M002,StyleHub,Fashion,520,UPI,2026-09-04 11:37:30,SUCCESS,11,-90720.0
TXN001614,ACC0305,M002,StyleHub,Fashion,1496,UPI,2026-08-24 11:37:30,SUCCESS,11,
TXN001615,ACC0305,M001,TechKart,Electronics,3655,Card,2026-08-29 11:37:30,SUCCESS,11,7200.0
TXN001616,ACC0305,M003,FreshMart,Grocery,1106,Card,2026-09-17 11:37:30,SUCCESS,11,27360.0
TXN001617,ACC0306,M004,HomeNest,Furniture,9555,UPI,2026-07-10 11:37:30,SUCCESS,11,
TXN001618,ACC0306,M002,StyleHub,Fashion,1551,Wallet,2026-07-14 11:37:30,SUCCESS,11,5760.0
TXN001619,ACC0306,M005,FitFuel,Health,1576,UPI,2026-07-16 11:37:30,SUCCESS,11,2880.0
TXN001620,ACC0306,M004,HomeNest,Furniture,5550,NetBanking,2026-07-25 11:37:30,SUCCESS,11,12960.0
TXN001621,ACC0306,M005,FitFuel,Health,1412,NetBanking,2026-08-11 11:37:30,SUCCESS,11,24480.0
TXN001622,ACC0307,M004,HomeNest,Furniture,5516,UPI,2026-08-21 11:37:30,SUCCESS,11,
TXN001623,ACC0307,M003,FreshMart,Grocery,1445,NetBanking,2026-08-28 11:37:30,SUCCESS,11,10080.0
TXN001624,ACC0307,M002,StyleHub,Fashion,538,Wallet,2026-09-08 11:37:30,SUCCESS,11,15840.0
TXN001625,ACC0307,M005,FitFuel,Health,1978,UPI,2026-09-08 11:37:30,SUCCESS,11,0.0
TXN001626,ACC0307,M005,FitFuel,Health,1742,UPI,2026-10-20 11:37:30,SUCCESS,11,60480.0
TXN001627,ACC0307,M002,StyleHub,Fashion,1721,UPI,2026-09-05 11:37:30,SUCCESS,11,-64800.0
TXN001628,ACC0308,M001,TechKart,Electronics,2562,Card,2026-07-20 11:37:30,SUCCESS,11,
TXN001629,ACC0308,M002,StyleHub,Fashion,1687,UPI,2026-07-27 11:37:30,SUCCESS,11,10080.0
TXN001630,ACC0308,M001,TechKart,Electronics,3494,UPI,2026-08-03 11:37:30,SUCCESS,11,10080.0
TXN001631,ACC0309,M005,FitFuel,Health,571,UPI,2026-07-24 11:37:30,SUCCESS,11,
TXN001632,ACC0309,M002,StyleHub,Fashion,1290,UPI,2026-08-04 11:37:30,SUCCESS,11,15840.0
TXN001633,ACC0309,M005,FitFuel,Health,606,Card,2026-08-05 11:37:30,SUCCESS,11,1440.0
TXN001634,ACC0309,M004,HomeNest,Furniture,7588,Card,2026-08-29 11:37:30,SUCCESS,11,34560.0
TXN001635,ACC0309,M003,FreshMart,Grocery,555,UPI,2026-08-21 11:37:30,SUCCESS,11,-11520.0
TXN001636,ACC0309,M004,HomeNest,Furniture,6084,UPI,2026-10-02 11:37:30,SUCCESS,11,60480.0
TXN001637,ACC0310,M001,TechKart,Electronics,4509,UPI,2026-07-12 11:37:30,SUCCESS,11,
TXN001638,ACC0310,M005,FitFuel,Health,1868,UPI,2026-07-19 11:37:30,SUCCESS,11,10080.0
TXN001639,ACC0310,M003,FreshMart,Grocery,186,Card,2026-07-16 11:37:30,SUCCESS,11,-4320.0
TXN001640,ACC0310,M005,FitFuel,Health,319,Wallet,2026-08-26 11:37:30,SUCCESS,11,59040.0
TXN001641,ACC0311,M004,HomeNest,Furniture,2303,NetBanking,2026-08-18 11:37:30,SUCCESS,11,
TXN001642,ACC0311,M001,TechKart,Electronics,3563,Card,2026-08-28 11:37:30,SUCCESS,11,14400.0
TXN001643,ACC0311,M004,HomeNest,Furniture,2779,NetBanking,2026-08-24 11:37:30,SUCCESS,11,-5760.0
TXN001644,ACC0311,M003,FreshMart,Grocery,712,UPI,2026-09-11 11:37:30,SUCCESS,11,25920.0
TXN001645,ACC0312,M005,FitFuel,Health,1582,UPI,2026-07-14 11:37:30,SUCCESS,11,
TXN001646,ACC0312,M004,HomeNest,Furniture,4444,Card,2026-07-16 11:37:30,SUCCESS,11,2880.0
TXN001647,ACC0312,M004,HomeNest,Furniture,8952,Card,2026-08-01 11:37:30,SUCCESS,11,23040.0
TXN001648,ACC0312,M003,FreshMart,Grocery,1415,UPI,2026-07-23 11:37:30,SUCCESS,11,-12960.0
TXN001649,ACC0313,M001,TechKart,Electronics,1936,UPI,2026-08-28 11:37:30,SUCCESS,11,
TXN001650,ACC0313,M004,HomeNest,Furniture,3854,UPI,2026-09-04 11:37:30,SUCCESS,11,10080.0
TXN001651,ACC0313,M003,FreshMart,Grocery,1250,Wallet,2026-09-07 11:37:30,SUCCESS,11,4320.0
TXN001652,ACC0314,M001,TechKart,Electronics,1707,UPI,2026-08-28 11:37:30,SUCCESS,11,
TXN001653,ACC0314,M001,TechKart,Electronics,2960,UPI,2026-09-03 11:37:30,SUCCESS,11,8640.0
TXN001654,ACC0314,M004,HomeNest,Furniture,4211,Card,2026-09-19 11:37:30,SUCCESS,11,23040.0
TXN001655,ACC0314,M005,FitFuel,Health,2187,UPI,2026-09-09 11:37:30,SUCCESS,11,-14400.0
TXN001656,ACC0314,M002,StyleHub,Fashion,2092,Card,2026-09-25 11:37:30,SUCCESS,11,23040.0
TXN001657,ACC0314,M001,TechKart,Electronics,2770,Card,2026-10-27 11:37:30,SUCCESS,11,46080.0
TXN001658,ACC0314,M004,HomeNest,Furniture,9998,UPI,2026-11-08 11:37:30,SUCCESS,11,17280.0
TXN001659,ACC0315,M001,TechKart,Electronics,2961,Card,2026-07-04 11:37:30,SUCCESS,11,
TXN001660,ACC0315,M001,TechKart,Electronics,3691,Card,2026-07-17 11:37:30,SUCCESS,11,18720.0
TXN001661,ACC0315,M002,StyleHub,Fashion,1243,Card,2026-08-03 11:37:30,SUCCESS,11,24480.0
TXN001662,ACC0315,M004,HomeNest,Furniture,2493,UPI,2026-07-13 11:37:30,SUCCESS,11,-30240.0
TXN001663,ACC0315,M002,StyleHub,Fashion,2317,NetBanking,2026-08-21 11:37:30,SUCCESS,11,56160.0
TXN001664,ACC0315,M004,HomeNest,Furniture,2856,UPI,2026-07-29 11:37:30,SUCCESS,11,-33120.0
TXN001665,ACC0315,M005,FitFuel,Health,2461,UPI,2026-10-02 11:37:30,SUCCESS,11,93600.0
TXN001666,ACC0315,M003,FreshMart,Grocery,1079,Card,2026-08-22 11:37:30,SUCCESS,11,-59040.0
TXN001667,ACC0316,M002,StyleHub,Fashion,1296,Wallet,2026-07-01 11:37:30,SUCCESS,11,
TXN001668,ACC0316,M004,HomeNest,Furniture,9109,Card,2026-07-09 11:37:30,SUCCESS,11,11520.0
TXN001669,ACC0316,M004,HomeNest,Furniture,3539,UPI,2026-07-11 11:37:30,SUCCESS,11,2880.0
TXN001670,ACC0316,M002,StyleHub,Fashion,1658,Wallet,2026-07-25 11:37:30,SUCCESS,11,20160.0
TXN001671,ACC0316,M001,TechKart,Electronics,2006,UPI,2026-08-14 11:37:30,SUCCESS,11,28800.0
TXN001672,ACC0316,M001,TechKart,Electronics,2770,UPI,2026-07-16 11:37:30,SUCCESS,11,-41760.0
TXN001673,ACC0316,M002,StyleHub,Fashion,1492,UPI,2026-08-24 11:37:30,SUCCESS,11,56160.0
TXN001674,ACC0316,M005,FitFuel,Health,2154,UPI,2026-09-23 11:37:30,SUCCESS,11,43200.0
TXN001675,ACC0317,M003,FreshMart,Grocery,1033,UPI,2026-06-25 11:37:30,SUCCESS,11,
TXN001676,ACC0317,M005,FitFuel,Health,2064,UPI,2026-07-03 11:37:30,SUCCESS,11,11520.0
TXN001677,ACC0318,M003,FreshMart,Grocery,350,UPI,2026-07-09 11:37:30,SUCCESS,11,
TXN001678,ACC0318,M004,HomeNest,Furniture,3588,UPI,2026-07-17 11:37:30,SUCCESS,11,11520.0
TXN001679,ACC0319,M003,FreshMart,Grocery,1234,Card,2026-08-12 11:37:30,SUCCESS,11,
TXN001680,ACC0319,M004,HomeNest,Furniture,2894,Card,2026-08-22 11:37:30,SUCCESS,11,14400.0
TXN001681,ACC0319,M002,StyleHub,Fashion,854,UPI,2026-09-05 11:37:30,SUCCESS,11,20160.0
TXN001682,ACC0319,M001,TechKart,Electronics,2980,UPI,2026-08-18 11:37:30,SUCCESS,11,-25920.0
TXN001683,ACC0319,M001,TechKart,Electronics,3056,UPI,2026-09-21 11:37:30,SUCCESS,11,48960.0
TXN001684,ACC0320,M004,HomeNest,Furniture,5210,UPI,2026-06-06 11:37:30,SUCCESS,11,
TXN001685,ACC0320,M003,FreshMart,Grocery,1164,UPI,2026-06-11 11:37:30,SUCCESS,11,7200.0
TXN001686,ACC0320,M002,StyleHub,Fashion,1823,Card,2026-07-04 11:37:30,SUCCESS,11,33120.0
TXN001687,ACC0320,M005,FitFuel,Health,1479,Card,2026-07-15 11:37:30,SUCCESS,11,15840.0
TXN001688,ACC0320,M002,StyleHub,Fashion,2461,Wallet,2026-06-18 11:37:30,SUCCESS,11,-38880.0
TXN001689,ACC0320,M004,HomeNest,Furniture,8054,UPI,2026-07-31 11:37:30,SUCCESS,11,61920.0
TXN001690,ACC0321,M003,FreshMart,Grocery,292,UPI,2026-08-04 11:37:30,SUCCESS,11,
TXN001691,ACC0321,M004,HomeNest,Furniture,3161,Wallet,2026-08-11 11:37:30,SUCCESS,11,10080.0
TXN001692,ACC0321,M004,HomeNest,Furniture,5505,UPI,2026-08-28 11:37:30,SUCCESS,11,24480.0
TXN001693,ACC0321,M003,FreshMart,Grocery,307,UPI,2026-08-16 11:37:30,SUCCESS,11,-17280.0
TXN001694,ACC0321,M001,TechKart,Electronics,3684,Wallet,2026-09-29 11:37:30,SUCCESS,11,63360.0
TXN001695,ACC0321,M001,TechKart,Electronics,4800,NetBanking,2026-09-28 11:37:30,SUCCESS,11,-1440.0
TXN001696,ACC0321,M001,TechKart,Electronics,1170,NetBanking,2026-09-27 11:37:30,SUCCESS,11,-1440.0
TXN001697,ACC0322,M002,StyleHub,Fashion,2460,UPI,2026-06-08 11:37:30,SUCCESS,11,
TXN001698,ACC0322,M001,TechKart,Electronics,1619,UPI,2026-06-12 11:37:30,SUCCESS,11,5760.0
TXN001699,ACC0322,M003,FreshMart,Grocery,1076,UPI,2026-07-04 11:37:30,SUCCESS,11,31680.0
TXN001700,ACC0322,M005,FitFuel,Health,1354,Card,2026-06-29 11:37:30,SUCCESS,11,-7200.0
TXN001701,ACC0322,M003,FreshMart,Grocery,1089,UPI,2026-07-02 11:37:30,SUCCESS,11,4320.0
TXN001702,ACC0322,M003,FreshMart,Grocery,833,NetBanking,2026-07-13 11:37:30,SUCCESS,11,15840.0
TXN001703,ACC0323,M005,FitFuel,Health,2283,UPI,2026-06-11 11:37:30,SUCCESS,11,
TXN001704,ACC0323,M005,FitFuel,Health,384,UPI,2026-06-23 11:37:30,SUCCESS,11,17280.0
TXN001705,ACC0323,M002,StyleHub,Fashion,980,UPI,2026-06-27 11:37:30,SUCCESS,11,5760.0
TXN001706,ACC0323,M002,StyleHub,Fashion,2164,UPI,2026-06-17 11:37:30,SUCCESS,11,-14400.0
TXN001707,ACC0323,M001,TechKart,Electronics,2387,Wallet,2026-08-02 11:37:30,SUCCESS,11,66240.0
TXN001708,ACC0323,M001,TechKart,Electronics,3043,NetBanking,2026-07-21 11:37:30,SUCCESS,11,-17280.0
TXN001709,ACC0323,M005,FitFuel,Health,2140,Wallet,2026-08-22 11:37:30,SUCCESS,11,46080.0
TXN001710,ACC0323,M002,StyleHub,Fashion,1486,Wallet,2026-08-20 11:37:30,SUCCESS,11,-2880.0
TXN001711,ACC0324,M005,FitFuel,Health,2009,Wallet,2026-07-23 11:37:30,SUCCESS,11,
TXN001712,ACC0324,M003,FreshMart,Grocery,540,UPI,2026-07-29 11:37:30,SUCCESS,11,8640.0
TXN001713,ACC0324,M003,FreshMart,Grocery,1404,UPI,2026-08-12 11:37:30,SUCCESS,11,20160.0
TXN001714,ACC0324,M004,HomeNest,Furniture,6642,Wallet,2026-09-03 11:37:30,SUCCESS,11,31680.0
TXN001715,ACC0325,M001,TechKart,Electronics,868,UPI,2026-07-21 11:37:30,SUCCESS,11,
TXN001716,ACC0325,M002,StyleHub,Fashion,2310,Card,2026-08-02 11:37:30,SUCCESS,11,17280.0
TXN001717,ACC0325,M003,FreshMart,Grocery,1427,Card,2026-08-10 11:37:30,SUCCESS,11,11520.0
TXN001718,ACC0325,M003,FreshMart,Grocery,1147,UPI,2026-08-02 11:37:30,SUCCESS,11,-11520.0
TXN001719,ACC0325,M003,FreshMart,Grocery,181,UPI,2026-09-15 11:37:30,SUCCESS,11,63360.0
TXN001720,ACC0325,M003,FreshMart,Grocery,1364,UPI,2026-08-15 11:37:30,SUCCESS,11,-44640.0
TXN001721,ACC0325,M003,FreshMart,Grocery,160,UPI,2026-09-13 11:37:30,SUCCESS,11,41760.0
TXN001722,ACC0325,M001,TechKart,Electronics,1208,UPI,2026-10-13 11:37:30,SUCCESS,11,43200.0
TXN001723,ACC0326,M005,FitFuel,Health,935,Wallet,2026-07-29 11:37:30,SUCCESS,11,
TXN001724,ACC0326,M003,FreshMart,Grocery,442,Wallet,2026-08-11 11:37:30,SUCCESS,11,18720.0
TXN001725,ACC0326,M004,HomeNest,Furniture,6794,Wallet,2026-08-08 11:37:30,SUCCESS,11,-4320.0
TXN001726,ACC0326,M002,StyleHub,Fashion,531,UPI,2026-08-16 11:37:30,SUCCESS,11,11520.0
TXN001727,ACC0327,M004,HomeNest,Furniture,5461,UPI,2026-08-03 11:37:30,SUCCESS,11,
TXN001728,ACC0327,M003,FreshMart,Grocery,768,Card,2026-08-06 11:37:30,SUCCESS,11,4320.0
TXN001729,ACC0327,M005,FitFuel,Health,2085,Card,2026-08-11 11:37:30,SUCCESS,11,7200.0
TXN001730,ACC0327,M005,FitFuel,Health,870,Card,2026-08-24 11:37:30,SUCCESS,11,18720.0
TXN001731,ACC0328,M004,HomeNest,Furniture,6540,UPI,2026-08-02 11:37:30,SUCCESS,11,
TXN001732,ACC0328,M001,TechKart,Electronics,3235,Card,2026-08-08 11:37:30,SUCCESS,11,8640.0
TXN001733,ACC0328,M004,HomeNest,Furniture,6471,UPI,2026-08-26 11:37:30,SUCCESS,11,25920.0
TXN001734,ACC0329,M002,StyleHub,Fashion,2210,Card,2026-07-10 11:37:30,SUCCESS,11,
TXN001735,ACC0329,M003,FreshMart,Grocery,1109,UPI,2026-07-20 11:37:30,SUCCESS,11,14400.0
TXN001736,ACC0329,M004,HomeNest,Furniture,9876,UPI,2026-07-28 11:37:30,SUCCESS,11,11520.0
TXN001737,ACC0329,M005,FitFuel,Health,408,Wallet,2026-07-16 11:37:30,SUCCESS,11,-17280.0
TXN001738,ACC0329,M001,TechKart,Electronics,1951,Card,2026-08-11 11:37:30,SUCCESS,11,37440.0
TXN001739,ACC0329,M002,StyleHub,Fashion,2497,UPI,2026-08-09 11:37:30,SUCCESS,11,-2880.0
TXN001740,ACC0329,M005,FitFuel,Health,1501,UPI,2026-09-14 11:37:30,SUCCESS,11,51840.0
TXN001741,ACC0329,M004,HomeNest,Furniture,3031,UPI,2026-10-23 11:37:30,SUCCESS,11,56160.0
TXN001742,ACC0330,M005,FitFuel,Health,2185,NetBanking,2026-07-06 11:37:30,SUCCESS,11,
TXN001743,ACC0330,M001,TechKart,Electronics,3013,NetBanking,2026-07-09 11:37:30,SUCCESS,11,4320.0
TXN001744,ACC0331,M005,FitFuel,Health,698,NetBanking,2026-08-21 11:37:30,SUCCESS,11,
TXN001745,ACC0331,M004,HomeNest,Furniture,7657,UPI,2026-09-01 11:37:30,SUCCESS,11,15840.0
TXN001746,ACC0331,M001,TechKart,Electronics,4984,Card,2026-08-25 11:37:30,SUCCESS,11,-10080.0
TXN001747,ACC0331,M002,StyleHub,Fashion,990,Card,2026-08-27 11:37:30,SUCCESS,11,2880.0
TXN001748,ACC0331,M002,StyleHub,Fashion,1315,NetBanking,2026-09-26 11:37:30,SUCCESS,11,43200.0
TXN001749,ACC0331,M002,StyleHub,Fashion,1632,Card,2026-10-20 11:37:30,SUCCESS,11,34560.0
TXN001750,ACC0331,M001,TechKart,Electronics,4772,Card,2026-11-07 11:37:30,SUCCESS,11,25920.0
TXN001751,ACC0332,M001,TechKart,Electronics,2053,Card,2026-08-20 11:37:30,SUCCESS,11,
TXN001752,ACC0332,M005,FitFuel,Health,696,UPI,2026-08-23 11:37:30,SUCCESS,11,4320.0
TXN001753,ACC0332,M004,HomeNest,Furniture,2201,NetBanking,2026-08-26 11:37:30,SUCCESS,11,4320.0
TXN001754,ACC0333,M001,TechKart,Electronics,3256,UPI,2026-07-15 11:37:30,SUCCESS,11,
TXN001755,ACC0333,M002,StyleHub,Fashion,1466,NetBanking,2026-07-19 11:37:30,SUCCESS,11,5760.0
TXN001756,ACC0333,M004,HomeNest,Furniture,9039,Card,2026-08-08 11:37:30,SUCCESS,11,28800.0
TXN001757,ACC0333,M004,HomeNest,Furniture,3198,Card,2026-07-24 11:37:30,SUCCESS,11,-21600.0
TXN001758,ACC0333,M002,StyleHub,Fashion,1385,UPI,2026-07-31 11:37:30,SUCCESS,11,10080.0
TXN001759,ACC0334,M002,StyleHub,Fashion,2350,UPI,2026-06-06 11:37:30,SUCCESS,11,
TXN001760,ACC0334,M001,TechKart,Electronics,4838,UPI,2026-06-12 11:37:30,SUCCESS,11,8640.0
TXN001761,ACC0334,M004,HomeNest,Furniture,5160,Card,2026-06-18 11:37:30,SUCCESS,11,8640.0
TXN001762,ACC0334,M004,HomeNest,Furniture,5415,NetBanking,2026-06-15 11:37:30,SUCCESS,11,-4320.0
TXN001763,ACC0334,M001,TechKart,Electronics,3121,UPI,2026-06-22 11:37:30,SUCCESS,11,10080.0
TXN001764,ACC0334,M004,HomeNest,Furniture,2090,Card,2026-07-31 11:37:30,SUCCESS,11,56160.0
TXN001765,ACC0334,M005,FitFuel,Health,2120,UPI,2026-06-18 11:37:30,SUCCESS,11,-61920.0
TXN001766,ACC0335,M004,HomeNest,Furniture,4268,UPI,2026-08-17 11:37:30,SUCCESS,11,
TXN001767,ACC0335,M003,FreshMart,Grocery,1175,NetBanking,2026-08-21 11:37:30,SUCCESS,11,5760.0
TXN001768,ACC0335,M002,StyleHub,Fashion,1828,Wallet,2026-09-06 11:37:30,SUCCESS,11,23040.0
TXN001769,ACC0335,M004,HomeNest,Furniture,6202,UPI,2026-09-16 11:37:30,SUCCESS,11,14400.0
TXN001770,ACC0336,M005,FitFuel,Health,1689,UPI,2026-08-15 11:37:30,SUCCESS,11,
TXN001771,ACC0336,M002,StyleHub,Fashion,1540,Card,2026-08-30 11:37:30,SUCCESS,11,21600.0
TXN001772,ACC0336,M003,FreshMart,Grocery,956,UPI,2026-09-08 11:37:30,SUCCESS,11,12960.0
TXN001773,ACC0336,M004,HomeNest,Furniture,5084,Wallet,2026-09-29 11:37:30,SUCCESS,11,30240.0
TXN001774,ACC0336,M002,StyleHub,Fashion,2476,Card,2026-09-28 11:37:30,SUCCESS,11,-1440.0
TXN001775,ACC0336,M003,FreshMart,Grocery,415,Card,2026-10-04 11:37:30,SUCCESS,11,8640.0
TXN001776,ACC0336,M005,FitFuel,Health,1725,Card,2026-10-20 11:37:30,SUCCESS,11,23040.0
TXN001777,ACC0337,M001,TechKart,Electronics,1041,NetBanking,2026-07-14 11:37:30,SUCCESS,11,
TXN001778,ACC0337,M002,StyleHub,Fashion,795,Card,2026-07-18 11:37:30,SUCCESS,11,5760.0
TXN001779,ACC0337,M004,HomeNest,Furniture,4651,Card,2026-08-01 11:37:30,SUCCESS,11,20160.0
TXN001780,ACC0337,M002,StyleHub,Fashion,831,NetBanking,2026-08-25 11:37:30,SUCCESS,11,34560.0
TXN001781,ACC0337,M004,HomeNest,Furniture,8191,Wallet,2026-07-30 11:37:30,SUCCESS,11,-37440.0
TXN001782,ACC0337,M001,TechKart,Electronics,2851,UPI,2026-07-29 11:37:30,SUCCESS,11,-1440.0
TXN001783,ACC0337,M001,TechKart,Electronics,4417,Card,2026-10-12 11:37:30,SUCCESS,11,108000.0
TXN001784,ACC0337,M001,TechKart,Electronics,2225,UPI,2026-09-29 11:37:30,SUCCESS,11,-18720.0
TXN001785,ACC0338,M002,StyleHub,Fashion,1218,UPI,2026-07-08 11:37:30,SUCCESS,11,
TXN001786,ACC0338,M004,HomeNest,Furniture,7561,UPI,2026-07-17 11:37:30,SUCCESS,11,12960.0
TXN001787,ACC0338,M002,StyleHub,Fashion,2177,NetBanking,2026-07-18 11:37:30,SUCCESS,11,1440.0
TXN001788,ACC0338,M002,StyleHub,Fashion,752,Card,2026-08-19 11:37:30,SUCCESS,11,46080.0
TXN001789,ACC0338,M001,TechKart,Electronics,2467,UPI,2026-08-25 11:37:30,SUCCESS,11,8640.0
TXN001790,ACC0338,M001,TechKart,Electronics,3745,Card,2026-07-28 11:37:30,SUCCESS,11,-40320.0
TXN001791,ACC0338,M005,FitFuel,Health,594,UPI,2026-09-12 11:37:30,SUCCESS,11,66240.0
TXN001792,ACC0339,M004,HomeNest,Furniture,3557,NetBanking,2026-06-13 11:37:30,SUCCESS,11,
TXN001793,ACC0339,M004,HomeNest,Furniture,6102,UPI,2026-06-24 11:37:30,SUCCESS,11,15840.0
TXN001794,ACC0339,M005,FitFuel,Health,864,NetBanking,2026-07-05 11:37:30,SUCCESS,11,15840.0
TXN001795,ACC0339,M004,HomeNest,Furniture,7123,UPI,2026-07-10 11:37:30,SUCCESS,11,7200.0
TXN001796,ACC0339,M005,FitFuel,Health,620,UPI,2026-06-25 11:37:30,SUCCESS,11,-21600.0
TXN001797,ACC0339,M003,FreshMart,Grocery,356,UPI,2026-08-02 11:37:30,SUCCESS,11,54720.0
TXN001798,ACC0339,M001,TechKart,Electronics,3510,UPI,2026-07-13 11:37:30,SUCCESS,11,-28800.0
TXN001799,ACC0340,M003,FreshMart,Grocery,949,Card,2026-07-28 11:37:30,SUCCESS,11,
TXN001800,ACC0340,M002,StyleHub,Fashion,1579,UPI,2026-07-31 11:37:30,SUCCESS,11,4320.0
TXN001801,ACC0340,M002,StyleHub,Fashion,2448,UPI,2026-08-19 11:37:30,SUCCESS,11,27360.0
TXN001802,ACC0340,M001,TechKart,Electronics,1708,Card,2026-08-30 11:37:30,SUCCESS,11,15840.0
TXN001803,ACC0340,M001,TechKart,Electronics,1064,UPI,2026-08-21 11:37:30,SUCCESS,11,-12960.0
TXN001804,ACC0340,M002,StyleHub,Fashion,1770,NetBanking,2026-08-27 11:37:30,SUCCESS,11,8640.0
TXN001805,ACC0340,M002,StyleHub,Fashion,1236,UPI,2026-08-09 11:37:30,SUCCESS,11,-25920.0
TXN001806,ACC0340,M003,FreshMart,Grocery,277,UPI,2026-10-27 11:37:30,SUCCESS,11,113760.0
TXN001807,ACC0341,M001,TechKart,Electronics,3633,Wallet,2026-06-23 11:37:30,SUCCESS,11,
TXN001808,ACC0341,M005,FitFuel,Health,630,NetBanking,2026-07-01 11:37:30,SUCCESS,11,11520.0
TXN001809,ACC0342,M001,TechKart,Electronics,1652,UPI,2026-08-18 11:37:30,SUCCESS,11,
TXN001810,ACC0342,M002,StyleHub,Fashion,1834,UPI,2026-08-28 11:37:30,SUCCESS,11,14400.0
TXN001811,ACC0342,M002,StyleHub,Fashion,487,Wallet,2026-08-30 11:37:30,SUCCESS,11,2880.0
TXN001812,ACC0342,M002,StyleHub,Fashion,1953,Card,2026-08-24 11:37:30,SUCCESS,11,-8640.0
TXN001813,ACC0342,M001,TechKart,Electronics,4749,UPI,2026-10-09 11:37:30,SUCCESS,11,66240.0
TXN001814,ACC0343,M002,StyleHub,Fashion,2160,Card,2026-07-17 11:37:30,SUCCESS,11,
TXN001815,ACC0343,M002,StyleHub,Fashion,873,UPI,2026-07-27 11:37:30,SUCCESS,11,14400.0
TXN001816,ACC0343,M003,FreshMart,Grocery,870,UPI,2026-08-08 11:37:30,SUCCESS,11,17280.0
TXN001817,ACC0343,M001,TechKart,Electronics,2751,UPI,2026-08-10 11:37:30,SUCCESS,11,2880.0
TXN001818,ACC0343,M001,TechKart,Electronics,2660,UPI,2026-08-30 11:37:30,SUCCESS,11,28800.0
TXN001819,ACC0343,M005,FitFuel,Health,487,Wallet,2026-09-25 11:37:30,SUCCESS,11,37440.0
TXN001820,ACC0343,M002,StyleHub,Fashion,632,UPI,2026-07-29 11:37:30,SUCCESS,11,-83520.0
TXN001821,ACC0343,M004,HomeNest,Furniture,3479,UPI,2026-08-14 11:37:30,SUCCESS,11,23040.0
TXN001822,ACC0344,M002,StyleHub,Fashion,1597,UPI,2026-07-21 11:37:30,SUCCESS,11,
TXN001823,ACC0344,M004,HomeNest,Furniture,7386,UPI,2026-07-29 11:37:30,SUCCESS,11,11520.0
TXN001824,ACC0344,M001,TechKart,Electronics,2849,Wallet,2026-07-27 11:37:30,SUCCESS,11,-2880.0
TXN001825,ACC0344,M004,HomeNest,Furniture,7777,Card,2026-08-05 11:37:30,SUCCESS,11,12960.0
TXN001826,ACC0345,M003,FreshMart,Grocery,901,Card,2026-08-06 11:37:30,SUCCESS,11,
TXN001827,ACC0345,M002,StyleHub,Fashion,1495,UPI,2026-08-12 11:37:30,SUCCESS,11,8640.0
TXN001828,ACC0345,M005,FitFuel,Health,727,UPI,2026-08-26 11:37:30,SUCCESS,11,20160.0
TXN001829,ACC0345,M005,FitFuel,Health,2291,UPI,2026-08-30 11:37:30,SUCCESS,11,5760.0
TXN001830,ACC0346,M005,FitFuel,Health,1244,UPI,2026-08-17 11:37:30,SUCCESS,11,
TXN001831,ACC0346,M002,StyleHub,Fashion,902,UPI,2026-08-27 11:37:30,SUCCESS,11,14400.0
TXN001832,ACC0346,M002,StyleHub,Fashion,546,Wallet,2026-09-16 11:37:30,SUCCESS,11,28800.0
TXN001833,ACC0347,M004,HomeNest,Furniture,9807,UPI,2026-07-09 11:37:30,SUCCESS,11,
TXN001834,ACC0347,M001,TechKart,Electronics,3014,UPI,2026-07-18 11:37:30,SUCCESS,11,12960.0
TXN001835,ACC0347,M003,FreshMart,Grocery,323,UPI,2026-07-25 11:37:30,SUCCESS,11,10080.0
TXN001836,ACC0347,M005,FitFuel,Health,1872,UPI,2026-08-23 11:37:30,SUCCESS,11,41760.0
TXN001837,ACC0347,M004,HomeNest,Furniture,5151,UPI,2026-09-07 11:37:30,SUCCESS,11,21600.0
TXN001838,ACC0347,M002,StyleHub,Fashion,1953,UPI,2026-08-03 11:37:30,SUCCESS,11,-50400.0
TXN001839,ACC0347,M005,FitFuel,Health,514,Card,2026-08-26 11:37:30,SUCCESS,11,33120.0
TXN001840,ACC0348,M003,FreshMart,Grocery,203,Wallet,2026-06-26 11:37:30,SUCCESS,11,
TXN001841,ACC0348,M003,FreshMart,Grocery,687,NetBanking,2026-07-10 11:37:30,SUCCESS,11,20160.0
TXN001842,ACC0349,M001,TechKart,Electronics,3593,Card,2026-08-07 11:37:30,SUCCESS,11,
TXN001843,ACC0349,M004,HomeNest,Furniture,9092,UPI,2026-08-18 11:37:30,SUCCESS,11,15840.0
TXN001844,ACC0349,M001,TechKart,Electronics,1694,Card,2026-09-02 11:37:30,SUCCESS,11,21600.0
TXN001845,ACC0349,M003,FreshMart,Grocery,1245,UPI,2026-09-15 11:37:30,SUCCESS,11,18720.0
TXN001846,ACC0349,M005,FitFuel,Health,2425,UPI,2026-09-20 11:37:30,SUCCESS,11,7200.0
TXN001847,ACC0349,M004,HomeNest,Furniture,8108,Wallet,2026-09-16 11:37:30,SUCCESS,11,-5760.0
TXN001848,ACC0350,M003,FreshMart,Grocery,711,UPI,2026-08-18 11:37:30,SUCCESS,11,
TXN001849,ACC0350,M005,FitFuel,Health,1511,UPI,2026-08-23 11:37:30,SUCCESS,11,7200.0
TXN001850,ACC0350,M001,TechKart,Electronics,3046,UPI,2026-09-03 11:37:30,SUCCESS,11,15840.0
TXN001851,ACC0351,M005,FitFuel,Health,350,UPI,2026-08-02 11:37:30,SUCCESS,11,
TXN001852,ACC0351,M003,FreshMart,Grocery,691,NetBanking,2026-08-13 11:37:30,SUCCESS,11,15840.0
TXN001853,ACC0351,M004,HomeNest,Furniture,2141,UPI,2026-08-20 11:37:30,SUCCESS,11,10080.0
TXN001854,ACC0351,M001,TechKart,Electronics,3738,UPI,2026-08-29 11:37:30,SUCCESS,11,12960.0
TXN001855,ACC0351,M005,FitFuel,Health,1192,UPI,2026-10-01 11:37:30,SUCCESS,11,47520.0
TXN001856,ACC0351,M001,TechKart,Electronics,3064,NetBanking,2026-09-26 11:37:30,SUCCESS,11,-7200.0
TXN001857,ACC0351,M003,FreshMart,Grocery,281,UPI,2026-10-01 11:37:30,SUCCESS,11,7200.0
TXN001858,ACC0352,M004,HomeNest,Furniture,3042,UPI,2026-07-30 11:37:30,SUCCESS,11,
TXN001859,ACC0352,M002,StyleHub,Fashion,603,UPI,2026-08-03 11:37:30,SUCCESS,11,5760.0
TXN001860,ACC0352,M001,TechKart,Electronics,2309,Card,2026-08-23 11:37:30,SUCCESS,11,28800.0
TXN001861,ACC0352,M004,HomeNest,Furniture,6750,UPI,2026-09-13 11:37:30,SUCCESS,11,30240.0
TXN001862,ACC0353,M003,FreshMart,Grocery,677,UPI,2026-08-05 11:37:30,SUCCESS,11,
TXN001863,ACC0353,M003,FreshMart,Grocery,1256,Card,2026-08-20 11:37:30,SUCCESS,11,21600.0
TXN001864,ACC0353,M002,StyleHub,Fashion,1832,UPI,2026-08-27 11:37:30,SUCCESS,11,10080.0
TXN001865,ACC0353,M004,HomeNest,Furniture,2927,UPI,2026-09-04 11:37:30,SUCCESS,11,11520.0
TXN001866,ACC0353,M002,StyleHub,Fashion,1734,Card,2026-08-25 11:37:30,SUCCESS,11,-14400.0
TXN001867,ACC0353,M004,HomeNest,Furniture,2584,Card,2026-10-19 11:37:30,SUCCESS,11,79200.0
TXN001868,ACC0354,M003,FreshMart,Grocery,1393,Card,2026-08-16 11:37:30,SUCCESS,11,
TXN001869,ACC0354,M004,HomeNest,Furniture,9351,Card,2026-08-23 11:37:30,SUCCESS,11,10080.0
TXN001870,ACC0354,M003,FreshMart,Grocery,1423,UPI,2026-09-03 11:37:30,SUCCESS,11,15840.0
TXN001871,ACC0354,M001,TechKart,Electronics,3182,Wallet,2026-09-06 11:37:30,SUCCESS,11,4320.0
TXN001872,ACC0355,M005,FitFuel,Health,1166,NetBanking,2026-08-31 11:37:30,SUCCESS,11,
TXN001873,ACC0355,M005,FitFuel,Health,1709,Wallet,2026-09-10 11:37:30,SUCCESS,11,14400.0
TXN001874,ACC0355,M005,FitFuel,Health,433,Card,2026-09-16 11:37:30,SUCCESS,11,8640.0
TXN001875,ACC0355,M004,HomeNest,Furniture,8247,Wallet,2026-09-12 11:37:30,SUCCESS,11,-5760.0
TXN001876,ACC0355,M001,TechKart,Electronics,2639,Card,2026-09-12 11:37:30,SUCCESS,11,0.0
TXN001877,ACC0355,M005,FitFuel,Health,2012,UPI,2026-10-25 11:37:30,SUCCESS,11,61920.0
TXN001878,ACC0356,M001,TechKart,Electronics,4669,Card,2026-06-28 11:37:30,SUCCESS,11,
TXN001879,ACC0356,M004,HomeNest,Furniture,4596,UPI,2026-07-08 11:37:30,SUCCESS,11,14400.0
TXN001880,ACC0357,M002,StyleHub,Fashion,1746,UPI,2026-06-22 11:37:30,SUCCESS,11,
TXN001881,ACC0357,M003,FreshMart,Grocery,622,UPI,2026-07-06 11:37:30,SUCCESS,11,20160.0
TXN001882,ACC0357,M001,TechKart,Electronics,2774,UPI,2026-07-18 11:37:30,SUCCESS,11,17280.0
TXN001883,ACC0357,M003,FreshMart,Grocery,313,UPI,2026-07-16 11:37:30,SUCCESS,11,-2880.0
TXN001884,ACC0357,M001,TechKart,Electronics,3767,Card,2026-08-01 11:37:30,SUCCESS,11,23040.0
TXN001885,ACC0357,M002,StyleHub,Fashion,2238,Card,2026-08-16 11:37:30,SUCCESS,11,21600.0
TXN001886,ACC0357,M005,FitFuel,Health,813,Wallet,2026-07-22 11:37:30,SUCCESS,11,-36000.0
TXN001887,ACC0357,M004,HomeNest,Furniture,7522,Card,2026-07-27 11:37:30,SUCCESS,11,7200.0
TXN001888,ACC0358,M003,FreshMart,Grocery,849,UPI,2026-06-18 11:37:30,SUCCESS,11,
TXN001889,ACC0358,M004,HomeNest,Furniture,5449,UPI,2026-06-21 11:37:30,SUCCESS,11,4320.0
TXN001890,ACC0358,M005,FitFuel,Health,2324,Card,2026-06-26 11:37:30,SUCCESS,11,7200.0
TXN001891,ACC0359,M004,HomeNest,Furniture,2127,UPI,2026-08-09 11:37:30,SUCCESS,11,
TXN001892,ACC0359,M003,FreshMart,Grocery,1285,Card,2026-08-17 11:37:30,SUCCESS,11,11520.0
TXN001893,ACC0359,M001,TechKart,Electronics,1835,NetBanking,2026-08-27 11:37:30,SUCCESS,11,14400.0
TXN001894,ACC0359,M004,HomeNest,Furniture,2196,Card,2026-09-23 11:37:30,SUCCESS,11,38880.0
TXN001895,ACC0359,M002,StyleHub,Fashion,1989,Wallet,2026-08-21 11:37:30,SUCCESS,11,-47520.0
TXN001896,ACC0359,M002,StyleHub,Fashion,2047,Card,2026-09-13 11:37:30,SUCCESS,11,33120.0
TXN001897,ACC0359,M003,FreshMart,Grocery,393,UPI,2026-09-08 11:37:30,SUCCESS,11,-7200.0
TXN001898,ACC0359,M003,FreshMart,Grocery,1361,Card,2026-11-22 11:37:30,SUCCESS,11,108000.0
TXN001899,ACC0360,M003,FreshMart,Grocery,1069,Wallet,2026-08-29 11:37:30,SUCCESS,11,
TXN001900,ACC0360,M004,HomeNest,Furniture,8067,NetBanking,2026-09-10 11:37:30,SUCCESS,11,17280.0
TXN001901,ACC0361,M002,StyleHub,Fashion,1151,Card,2026-07-04 11:37:30,SUCCESS,11,
TXN001902,ACC0361,M005,FitFuel,Health,643,UPI,2026-07-15 11:37:30,SUCCESS,11,15840.0
TXN001903,ACC0361,M005,FitFuel,Health,1815,Card,2026-07-08 11:37:30,SUCCESS,11,-10080.0
TXN001904,ACC0361,M004,HomeNest,Furniture,4625,UPI,2026-07-31 11:37:30,SUCCESS,11,33120.0
TXN001905,ACC0362,M001,TechKart,Electronics,2702,UPI,2026-06-20 11:37:30,SUCCESS,11,
TXN001906,ACC0362,M001,TechKart,Electronics,4963,NetBanking,2026-06-27 11:37:30,SUCCESS,11,10080.0
TXN001907,ACC0362,M003,FreshMart,Grocery,811,UPI,2026-07-06 11:37:30,SUCCESS,11,12960.0
TXN001908,ACC0362,M002,StyleHub,Fashion,986,UPI,2026-08-01 11:37:30,SUCCESS,11,37440.0
TXN001909,ACC0362,M002,StyleHub,Fashion,2163,UPI,2026-08-11 11:37:30,SUCCESS,11,14400.0
TXN001910,ACC0362,M005,FitFuel,Health,1587,UPI,2026-08-14 11:37:30,SUCCESS,11,4320.0
TXN001911,ACC0363,M003,FreshMart,Grocery,710,UPI,2026-08-13 11:37:30,SUCCESS,11,
TXN001912,ACC0363,M002,StyleHub,Fashion,1581,Wallet,2026-08-18 11:37:30,SUCCESS,11,7200.0
TXN001913,ACC0363,M005,FitFuel,Health,734,Wallet,2026-08-25 11:37:30,SUCCESS,11,10080.0
TXN001914,ACC0363,M003,FreshMart,Grocery,438,UPI,2026-09-18 11:37:30,SUCCESS,11,34560.0
TXN001915,ACC0364,M002,StyleHub,Fashion,512,Card,2026-06-30 11:37:30,SUCCESS,11,
TXN001916,ACC0364,M005,FitFuel,Health,1099,UPI,2026-07-02 11:37:30,SUCCESS,11,2880.0
TXN001917,ACC0364,M001,TechKart,Electronics,3827,UPI,2026-07-30 11:37:30,SUCCESS,11,40320.0
TXN001918,ACC0364,M004,HomeNest,Furniture,7997,UPI,2026-08-02 11:37:30,SUCCESS,11,4320.0
TXN001919,ACC0364,M004,HomeNest,Furniture,4416,Wallet,2026-07-16 11:37:30,SUCCESS,11,-24480.0
TXN001920,ACC0364,M001,TechKart,Electronics,4440,NetBanking,2026-09-03 11:37:30,SUCCESS,11,70560.0
TXN001921,ACC0365,M002,StyleHub,Fashion,1540,Card,2026-08-01 11:37:30,SUCCESS,11,
TXN001922,ACC0365,M003,FreshMart,Grocery,311,Card,2026-08-04 11:37:30,SUCCESS,11,4320.0
TXN001923,ACC0365,M001,TechKart,Electronics,3479,UPI,2026-08-11 11:37:30,SUCCESS,11,10080.0
TXN001924,ACC0365,M003,FreshMart,Grocery,1078,Card,2026-08-22 11:37:30,SUCCESS,11,15840.0
TXN001925,ACC0365,M001,TechKart,Electronics,3378,NetBanking,2026-09-10 11:37:30,SUCCESS,11,27360.0
TXN001926,ACC0366,M005,FitFuel,Health,1600,UPI,2026-07-10 11:37:30,SUCCESS,11,
TXN001927,ACC0366,M001,TechKart,Electronics,865,UPI,2026-07-20 11:37:30,SUCCESS,11,14400.0
TXN001928,ACC0367,M002,StyleHub,Fashion,1201,UPI,2026-07-17 11:37:30,SUCCESS,11,
TXN001929,ACC0367,M004,HomeNest,Furniture,8667,UPI,2026-07-21 11:37:30,SUCCESS,11,5760.0
TXN001930,ACC0367,M003,FreshMart,Grocery,419,UPI,2026-08-04 11:37:30,SUCCESS,11,20160.0
TXN001931,ACC0367,M005,FitFuel,Health,1177,UPI,2026-07-26 11:37:30,SUCCESS,11,-12960.0
TXN001932,ACC0367,M004,HomeNest,Furniture,6568,Card,2026-07-29 11:37:30,SUCCESS,11,4320.0
TXN001933,ACC0367,M002,StyleHub,Fashion,558,UPI,2026-09-20 11:37:30,SUCCESS,11,76320.0
TXN001934,ACC0368,M005,FitFuel,Health,1261,Card,2026-06-17 11:37:30,SUCCESS,11,
TXN001935,ACC0368,M005,FitFuel,Health,1037,NetBanking,2026-06-26 11:37:30,SUCCESS,11,12960.0
TXN001936,ACC0368,M002,StyleHub,Fashion,1596,Card,2026-07-17 11:37:30,SUCCESS,11,30240.0
TXN001937,ACC0368,M004,HomeNest,Furniture,6897,UPI,2026-07-14 11:37:30,SUCCESS,11,-4320.0
TXN001938,ACC0369,M002,StyleHub,Fashion,860,Wallet,2026-07-28 11:37:30,SUCCESS,11,
TXN001939,ACC0369,M003,FreshMart,Grocery,1009,Wallet,2026-08-11 11:37:30,SUCCESS,11,20160.0
TXN001940,ACC0369,M002,StyleHub,Fashion,2140,UPI,2026-08-11 11:37:30,SUCCESS,11,0.0
TXN001941,ACC0369,M003,FreshMart,Grocery,382,UPI,2026-08-24 11:37:30,SUCCESS,11,18720.0
TXN001942,ACC0369,M002,StyleHub,Fashion,2381,NetBanking,2026-08-29 11:37:30,SUCCESS,11,7200.0
TXN001943,ACC0370,M004,HomeNest,Furniture,7629,UPI,2026-07-03 11:37:30,SUCCESS,11,
TXN001944,ACC0370,M003,FreshMart,Grocery,1189,UPI,2026-07-09 11:37:30,SUCCESS,11,8640.0
TXN001945,ACC0370,M004,HomeNest,Furniture,2498,Card,2026-08-02 11:37:30,SUCCESS,11,34560.0
TXN001946,ACC0370,M003,FreshMart,Grocery,800,UPI,2026-07-24 11:37:30,SUCCESS,11,-12960.0
TXN001947,ACC0370,M004,HomeNest,Furniture,5483,UPI,2026-08-28 11:37:30,SUCCESS,11,50400.0
TXN001948,ACC0370,M003,FreshMart,Grocery,1144,Card,2026-07-13 11:37:30,SUCCESS,11,-66240.0
TXN001949,ACC0370,M001,TechKart,Electronics,3327,UPI,2026-08-14 11:37:30,SUCCESS,11,46080.0
TXN001950,ACC0370,M005,FitFuel,Health,982,UPI,2026-08-07 11:37:30,SUCCESS,11,-10080.0
TXN001951,ACC0371,M005,FitFuel,Health,1650,UPI,2026-06-15 11:37:30,SUCCESS,11,
TXN001952,ACC0371,M001,TechKart,Electronics,972,NetBanking,2026-06-25 11:37:30,SUCCESS,11,14400.0
TXN001953,ACC0371,M003,FreshMart,Grocery,872,Card,2026-06-21 11:37:30,SUCCESS,11,-5760.0
TXN001954,ACC0371,M001,TechKart,Electronics,1203,UPI,2026-07-15 11:37:30,SUCCESS,11,34560.0
TXN001955,ACC0371,M005,FitFuel,Health,1112,Wallet,2026-07-13 11:37:30,SUCCESS,11,-2880.0
TXN001956,ACC0371,M005,FitFuel,Health,1920,NetBanking,2026-08-29 11:37:30,SUCCESS,11,67680.0
TXN001957,ACC0371,M003,FreshMart,Grocery,480,Wallet,2026-07-15 11:37:30,SUCCESS,11,-64800.0
TXN001958,ACC0371,M004,HomeNest,Furniture,3766,Card,2026-08-03 11:37:30,SUCCESS,11,27360.0
TXN001959,ACC0372,M001,TechKart,Electronics,1639,UPI,2026-09-02 11:37:30,SUCCESS,11,
TXN001960,ACC0372,M004,HomeNest,Furniture,2346,UPI,2026-09-16 11:37:30,SUCCESS,11,20160.0
TXN001961,ACC0372,M001,TechKart,Electronics,2684,Card,2026-09-14 11:37:30,SUCCESS,11,-2880.0
TXN001962,ACC0373,M003,FreshMart,Grocery,403,NetBanking,2026-08-03 11:37:30,SUCCESS,11,
TXN001963,ACC0373,M004,HomeNest,Furniture,3074,NetBanking,2026-08-11 11:37:30,SUCCESS,11,11520.0
TXN001964,ACC0373,M001,TechKart,Electronics,1426,UPI,2026-08-15 11:37:30,SUCCESS,11,5760.0
TXN001965,ACC0373,M004,HomeNest,Furniture,2165,UPI,2026-09-11 11:37:30,SUCCESS,11,38880.0
TXN001966,ACC0373,M005,FitFuel,Health,921,UPI,2026-10-02 11:37:30,SUCCESS,11,30240.0
TXN001967,ACC0373,M004,HomeNest,Furniture,3591,NetBanking,2026-09-27 11:37:30,SUCCESS,11,-7200.0
TXN001968,ACC0373,M003,FreshMart,Grocery,812,UPI,2026-11-01 11:37:30,SUCCESS,11,50400.0
TXN001969,ACC0374,M003,FreshMart,Grocery,1089,UPI,2026-09-01 11:37:30,SUCCESS,11,
TXN001970,ACC0374,M005,FitFuel,Health,2230,UPI,2026-09-07 11:37:30,SUCCESS,11,8640.0
TXN001971,ACC0374,M001,TechKart,Electronics,2620,Wallet,2026-09-17 11:37:30,SUCCESS,11,14400.0
TXN001972,ACC0374,M003,FreshMart,Grocery,1139,UPI,2026-10-01 11:37:30,SUCCESS,11,20160.0
TXN001973,ACC0374,M005,FitFuel,Health,2375,UPI,2026-10-23 11:37:30,SUCCESS,11,31680.0
TXN001974,ACC0374,M004,HomeNest,Furniture,7960,UPI,2026-09-11 11:37:30,SUCCESS,11,-60480.0
TXN001975,ACC0374,M005,FitFuel,Health,743,UPI,2026-10-13 11:37:30,SUCCESS,11,46080.0
TXN001976,ACC0375,M002,StyleHub,Fashion,2231,UPI,2026-08-31 11:37:30,SUCCESS,11,
TXN001977,ACC0375,M001,TechKart,Electronics,3344,UPI,2026-09-11 11:37:30,SUCCESS,11,15840.0
TXN001978,ACC0375,M001,TechKart,Electronics,1581,Card,2026-09-28 11:37:30,SUCCESS,11,24480.0
TXN001979,ACC0375,M004,HomeNest,Furniture,6861,UPI,2026-09-15 11:37:30,SUCCESS,11,-18720.0
TXN001980,ACC0375,M004,HomeNest,Furniture,7050,NetBanking,2026-09-16 11:37:30,SUCCESS,11,1440.0
TXN001981,ACC0375,M005,FitFuel,Health,1252,UPI,2026-10-20 11:37:30,SUCCESS,11,48960.0
TXN001982,ACC0376,M003,FreshMart,Grocery,841,NetBanking,2026-08-02 11:37:30,SUCCESS,11,
TXN001983,ACC0376,M003,FreshMart,Grocery,1307,Card,2026-08-04 11:37:30,SUCCESS,11,2880.0
TXN001984,ACC0376,M001,TechKart,Electronics,2996,Card,2026-09-01 11:37:30,SUCCESS,11,40320.0
TXN001985,ACC0376,M005,FitFuel,Health,2301,UPI,2026-09-13 11:37:30,SUCCESS,11,17280.0
TXN001986,ACC0376,M002,StyleHub,Fashion,1718,UPI,2026-08-30 11:37:30,SUCCESS,11,-20160.0
TXN001987,ACC0377,M001,TechKart,Electronics,1660,UPI,2026-06-30 11:37:30,SUCCESS,11,
TXN001988,ACC0377,M004,HomeNest,Furniture,3042,Card,2026-07-03 11:37:30,SUCCESS,11,4320.0
TXN001989,ACC0377,M005,FitFuel,Health,797,UPI,2026-07-08 11:37:30,SUCCESS,11,7200.0
TXN001990,ACC0377,M001,TechKart,Electronics,1119,NetBanking,2026-07-27 11:37:30,SUCCESS,11,27360.0
TXN001991,ACC0377,M002,StyleHub,Fashion,2395,UPI,2026-08-05 11:37:30,SUCCESS,11,12960.0
TXN001992,ACC0378,M004,HomeNest,Furniture,2075,UPI,2026-06-25 11:37:30,SUCCESS,11,
TXN001993,ACC0378,M003,FreshMart,Grocery,705,UPI,2026-07-03 11:37:30,SUCCESS,11,11520.0
TXN001994,ACC0378,M003,FreshMart,Grocery,1304,Card,2026-07-17 11:37:30,SUCCESS,11,20160.0
TXN001995,ACC0378,M003,FreshMart,Grocery,1221,Card,2026-07-07 11:37:30,SUCCESS,11,-14400.0
TXN001996,ACC0378,M005,FitFuel,Health,1820,UPI,2026-08-20 11:37:30,SUCCESS,11,63360.0
TXN001997,ACC0378,M004,HomeNest,Furniture,5791,UPI,2026-07-25 11:37:30,SUCCESS,11,-37440.0
TXN001998,ACC0378,M002,StyleHub,Fashion,1072,UPI,2026-08-06 11:37:30,SUCCESS,11,17280.0
TXN001999,ACC0378,M004,HomeNest,Furniture,2080,UPI,2026-10-08 11:37:30,SUCCESS,11,90720.0
TXN002000,ACC0379,M001,TechKart,Electronics,845,UPI,2026-08-15 11:37:30,SUCCESS,11,
TXN002001,ACC0379,M002,StyleHub,Fashion,784,UPI,2026-08-20 11:37:30,SUCCESS,11,7200.0
TXN002002,ACC0379,M001,TechKart,Electronics,1300,Card,2026-08-29 11:37:30,SUCCESS,11,12960.0
TXN002003,ACC0380,M003,FreshMart,Grocery,1453,Card,2026-08-14 11:37:30,SUCCESS,11,
TXN002004,ACC0380,M003,FreshMart,Grocery,1437,UPI,2026-08-19 11:37:30,SUCCESS,11,7200.0
TXN002005,ACC0380,M003,FreshMart,Grocery,732,NetBanking,2026-08-24 11:37:30,SUCCESS,11,7200.0
TXN002006,ACC0380,M004,HomeNest,Furniture,6787,Card,2026-09-28 11:37:30,SUCCESS,11,50400.0
TXN002007,ACC0380,M005,FitFuel,Health,1951,Wallet,2026-09-11 11:37:30,SUCCESS,11,-24480.0
TXN002008,ACC0380,M005,FitFuel,Health,1129,UPI,2026-10-03 11:37:30,SUCCESS,11,31680.0
TXN002009,ACC0381,M002,StyleHub,Fashion,1546,UPI,2026-08-21 11:37:30,SUCCESS,11,
TXN002010,ACC0381,M001,TechKart,Electronics,1837,Card,2026-09-01 11:37:30,SUCCESS,11,15840.0
TXN002011,ACC0381,M004,HomeNest,Furniture,4704,Card,2026-09-12 11:37:30,SUCCESS,11,15840.0
TXN002012,ACC0382,M003,FreshMart,Grocery,1411,Card,2026-06-20 11:37:30,SUCCESS,11,
TXN002013,ACC0382,M002,StyleHub,Fashion,1088,UPI,2026-06-29 11:37:30,SUCCESS,11,12960.0
TXN002014,ACC0382,M002,StyleHub,Fashion,774,Wallet,2026-06-30 11:37:30,SUCCESS,11,1440.0
TXN002015,ACC0382,M002,StyleHub,Fashion,987,UPI,2026-07-23 11:37:30,SUCCESS,11,33120.0
TXN002016,ACC0382,M001,TechKart,Electronics,3448,UPI,2026-08-19 11:37:30,SUCCESS,11,38880.0
TXN002017,ACC0382,M002,StyleHub,Fashion,2495,NetBanking,2026-06-30 11:37:30,SUCCESS,11,-72000.0
TXN002018,ACC0382,M004,HomeNest,Furniture,4679,UPI,2026-08-07 11:37:30,SUCCESS,11,54720.0
TXN002019,ACC0382,M001,TechKart,Electronics,2772,Card,2026-09-26 11:37:30,SUCCESS,11,72000.0
TXN002020,ACC0383,M004,HomeNest,Furniture,4908,UPI,2026-07-16 11:37:30,SUCCESS,11,
TXN002021,ACC0383,M003,FreshMart,Grocery,1236,UPI,2026-07-26 11:37:30,SUCCESS,11,14400.0
TXN002022,ACC0383,M002,StyleHub,Fashion,1080,Wallet,2026-08-07 11:37:30,SUCCESS,11,17280.0
TXN002023,ACC0383,M003,FreshMart,Grocery,442,NetBanking,2026-08-30 11:37:30,SUCCESS,11,33120.0
TXN002024,ACC0383,M004,HomeNest,Furniture,6014,Card,2026-08-25 11:37:30,SUCCESS,11,-7200.0
TXN002025,ACC0384,M005,FitFuel,Health,2083,Card,2026-06-08 11:37:30,SUCCESS,11,
TXN002026,ACC0384,M001,TechKart,Electronics,3795,NetBanking,2026-06-12 11:37:30,SUCCESS,11,5760.0
TXN002027,ACC0384,M003,FreshMart,Grocery,1018,UPI,2026-07-06 11:37:30,SUCCESS,11,34560.0
TXN002028,ACC0384,M002,StyleHub,Fashion,1966,UPI,2026-07-08 11:37:30,SUCCESS,11,2880.0
TXN002029,ACC0385,M004,HomeNest,Furniture,4957,UPI,2026-09-02 11:37:30,SUCCESS,11,
TXN002030,ACC0385,M005,FitFuel,Health,1571,UPI,2026-09-04 11:37:30,SUCCESS,11,2880.0
TXN002031,ACC0385,M003,FreshMart,Grocery,1179,Wallet,2026-09-16 11:37:30,SUCCESS,11,17280.0
TXN002032,ACC0385,M003,FreshMart,Grocery,218,Card,2026-10-05 11:37:30,SUCCESS,11,27360.0
TXN002033,ACC0385,M004,HomeNest,Furniture,5262,UPI,2026-10-20 11:37:30,SUCCESS,11,21600.0
TXN002034,ACC0385,M003,FreshMart,Grocery,711,Card,2026-11-06 11:37:30,SUCCESS,11,24480.0
TXN002035,ACC0385,M001,TechKart,Electronics,4656,Wallet,2026-11-07 11:37:30,SUCCESS,11,1440.0
TXN002036,ACC0386,M002,StyleHub,Fashion,2339,Card,2026-07-07 11:37:30,SUCCESS,11,
TXN002037,ACC0386,M005,FitFuel,Health,725,UPI,2026-07-19 11:37:30,SUCCESS,11,17280.0
TXN002038,ACC0386,M005,FitFuel,Health,927,Card,2026-07-11 11:37:30,SUCCESS,11,-11520.0
TXN002039,ACC0386,M002,StyleHub,Fashion,739,UPI,2026-07-19 11:37:30,SUCCESS,11,11520.0
TXN002040,ACC0386,M001,TechKart,Electronics,1259,UPI,2026-09-05 11:37:30,SUCCESS,11,69120.0
TXN002041,ACC0386,M001,TechKart,Electronics,3374,UPI,2026-09-10 11:37:30,SUCCESS,11,7200.0
TXN002042,ACC0386,M003,FreshMart,Grocery,547,Card,2026-09-05 11:37:30,SUCCESS,11,-7200.0
TXN002043,ACC0387,M003,FreshMart,Grocery,496,Wallet,2026-09-01 11:37:30,SUCCESS,11,
TXN002044,ACC0387,M003,FreshMart,Grocery,1207,UPI,2026-09-12 11:37:30,SUCCESS,11,15840.0
TXN002045,ACC0387,M004,HomeNest,Furniture,5410,NetBanking,2026-09-25 11:37:30,SUCCESS,11,18720.0
TXN002046,ACC0387,M001,TechKart,Electronics,1332,UPI,2026-10-07 11:37:30,SUCCESS,11,17280.0
TXN002047,ACC0387,M005,FitFuel,Health,904,Card,2026-10-27 11:37:30,SUCCESS,11,28800.0
TXN002048,ACC0387,M002,StyleHub,Fashion,2216,UPI,2026-09-16 11:37:30,SUCCESS,11,-59040.0
TXN002049,ACC0387,M002,StyleHub,Fashion,2470,UPI,2026-11-06 11:37:30,SUCCESS,11,73440.0
TXN002050,ACC0388,M003,FreshMart,Grocery,1298,UPI,2026-09-03 11:37:30,SUCCESS,11,
TXN002051,ACC0388,M004,HomeNest,Furniture,6654,NetBanking,2026-09-10 11:37:30,SUCCESS,11,10080.0
TXN002052,ACC0388,M005,FitFuel,Health,2196,UPI,2026-09-09 11:37:30,SUCCESS,11,-1440.0
TXN002053,ACC0388,M002,StyleHub,Fashion,753,UPI,2026-09-12 11:37:30,SUCCESS,11,4320.0
TXN002054,ACC0388,M001,TechKart,Electronics,2187,Card,2026-10-17 11:37:30,SUCCESS,11,50400.0
TXN002055,ACC0388,M003,FreshMart,Grocery,1092,UPI,2026-09-28 11:37:30,SUCCESS,11,-27360.0
TXN002056,ACC0388,M002,StyleHub,Fashion,1660,NetBanking,2026-11-20 11:37:30,SUCCESS,11,76320.0
TXN002057,ACC0389,M002,StyleHub,Fashion,1671,UPI,2026-08-10 11:37:30,SUCCESS,11,
TXN002058,ACC0389,M003,FreshMart,Grocery,514,UPI,2026-08-23 11:37:30,SUCCESS,11,18720.0
TXN002059,ACC0389,M003,FreshMart,Grocery,997,UPI,2026-09-01 11:37:30,SUCCESS,11,12960.0
TXN002060,ACC0389,M003,FreshMart,Grocery,558,UPI,2026-08-25 11:37:30,SUCCESS,11,-10080.0
TXN002061,ACC0389,M003,FreshMart,Grocery,1050,UPI,2026-09-03 11:37:30,SUCCESS,11,12960.0
TXN002062,ACC0389,M003,FreshMart,Grocery,1335,UPI,2026-09-24 11:37:30,SUCCESS,11,30240.0
TXN002063,ACC0389,M005,FitFuel,Health,2141,NetBanking,2026-11-02 11:37:30,SUCCESS,11,56160.0
TXN002064,ACC0390,M005,FitFuel,Health,1879,UPI,2026-08-13 11:37:30,SUCCESS,11,
TXN002065,ACC0390,M002,StyleHub,Fashion,2177,UPI,2026-08-24 11:37:30,SUCCESS,11,15840.0
TXN002066,ACC0390,M003,FreshMart,Grocery,574,UPI,2026-09-10 11:37:30,SUCCESS,11,24480.0
TXN002067,ACC0390,M005,FitFuel,Health,1401,UPI,2026-09-12 11:37:30,SUCCESS,11,2880.0
TXN002068,ACC0390,M002,StyleHub,Fashion,1457,UPI,2026-10-08 11:37:30,SUCCESS,11,37440.0
TXN002069,ACC0390,M001,TechKart,Electronics,1744,UPI,2026-09-12 11:37:30,SUCCESS,11,-37440.0
TXN002070,ACC0390,M002,StyleHub,Fashion,2346,UPI,2026-10-24 11:37:30,SUCCESS,11,60480.0
TXN002071,ACC0391,M005,FitFuel,Health,1847,Card,2026-07-24 11:37:30,SUCCESS,11,
TXN002072,ACC0391,M003,FreshMart,Grocery,364,Card,2026-07-26 11:37:30,SUCCESS,11,2880.0
TXN002073,ACC0391,M001,TechKart,Electronics,2100,UPI,2026-08-23 11:37:30,SUCCESS,11,40320.0
TXN002074,ACC0391,M003,FreshMart,Grocery,1476,Wallet,2026-08-14 11:37:30,SUCCESS,11,-12960.0
TXN002075,ACC0391,M003,FreshMart,Grocery,777,UPI,2026-08-09 11:37:30,SUCCESS,11,-7200.0
TXN002076,ACC0391,M002,StyleHub,Fashion,489,UPI,2026-09-12 11:37:30,SUCCESS,11,48960.0
TXN002077,ACC0392,M005,FitFuel,Health,2081,Card,2026-07-07 11:37:30,SUCCESS,11,
TXN002078,ACC0392,M002,StyleHub,Fashion,1434,Card,2026-07-16 11:37:30,SUCCESS,11,12960.0
TXN002079,ACC0392,M003,FreshMart,Grocery,1138,Card,2026-07-29 11:37:30,SUCCESS,11,18720.0
TXN002080,ACC0392,M001,TechKart,Electronics,2719,Card,2026-07-25 11:37:30,SUCCESS,11,-5760.0
TXN002081,ACC0392,M001,TechKart,Electronics,4248,UPI,2026-08-16 11:37:30,SUCCESS,11,31680.0
TXN002082,ACC0392,M005,FitFuel,Health,1941,Card,2026-08-06 11:37:30,SUCCESS,11,-14400.0
TXN002083,ACC0393,M003,FreshMart,Grocery,1372,Wallet,2026-06-30 11:37:30,SUCCESS,11,
TXN002084,ACC0393,M002,StyleHub,Fashion,971,UPI,2026-07-10 11:37:30,SUCCESS,11,14400.0
TXN002085,ACC0393,M001,TechKart,Electronics,1540,UPI,2026-07-14 11:37:30,SUCCESS,11,5760.0
TXN002086,ACC0394,M003,FreshMart,Grocery,1089,UPI,2026-08-16 11:37:30,SUCCESS,11,
TXN002087,ACC0394,M001,TechKart,Electronics,2008,UPI,2026-08-25 11:37:30,SUCCESS,11,12960.0
TXN002088,ACC0394,M003,FreshMart,Grocery,779,UPI,2026-08-24 11:37:30,SUCCESS,11,-1440.0
TXN002089,ACC0394,M002,StyleHub,Fashion,2188,UPI,2026-08-31 11:37:30,SUCCESS,11,10080.0
TXN002090,ACC0394,M002,StyleHub,Fashion,1932,UPI,2026-09-05 11:37:30,SUCCESS,11,7200.0
TXN002091,ACC0394,M003,FreshMart,Grocery,354,UPI,2026-09-05 11:37:30,SUCCESS,11,0.0
TXN002092,ACC0394,M004,HomeNest,Furniture,7724,UPI,2026-10-27 11:37:30,SUCCESS,11,74880.0
TXN002093,ACC0394,M004,HomeNest,Furniture,8810,UPI,2026-10-18 11:37:30,SUCCESS,11,-12960.0
TXN002094,ACC0395,M002,StyleHub,Fashion,1703,Card,2026-08-22 11:37:30,SUCCESS,11,
TXN002095,ACC0395,M004,HomeNest,Furniture,8334,UPI,2026-08-26 11:37:30,SUCCESS,11,5760.0
TXN002096,ACC0395,M004,HomeNest,Furniture,6890,UPI,2026-09-03 11:37:30,SUCCESS,11,11520.0
TXN002097,ACC0396,M005,FitFuel,Health,410,UPI,2026-07-21 11:37:30,SUCCESS,11,
TXN002098,ACC0396,M002,StyleHub,Fashion,1363,UPI,2026-08-01 11:37:30,SUCCESS,11,15840.0
TXN002099,ACC0397,M001,TechKart,Electronics,4061,Wallet,2026-07-01 11:37:30,SUCCESS,11,
TXN002100,ACC0397,M002,StyleHub,Fashion,965,UPI,2026-07-13 11:37:30,SUCCESS,11,17280.0
TXN002101,ACC0397,M002,StyleHub,Fashion,1636,UPI,2026-07-05 11:37:30,SUCCESS,11,-11520.0
TXN002102,ACC0397,M004,HomeNest,Furniture,7357,UPI,2026-07-22 11:37:30,SUCCESS,11,24480.0
TXN002103,ACC0398,M004,HomeNest,Furniture,7531,NetBanking,2026-07-29 11:37:30,SUCCESS,11,
TXN002104,ACC0398,M003,FreshMart,Grocery,1013,UPI,2026-07-31 11:37:30,SUCCESS,11,2880.0
TXN002105,ACC0398,M005,FitFuel,Health,735,UPI,2026-08-14 11:37:30,SUCCESS,11,20160.0
TXN002106,ACC0399,M001,TechKart,Electronics,4113,NetBanking,2026-07-21 11:37:30,SUCCESS,11,
TXN002107,ACC0399,M002,StyleHub,Fashion,1706,UPI,2026-07-23 11:37:30,SUCCESS,11,2880.0
TXN002108,ACC0400,M004,HomeNest,Furniture,2094,UPI,2026-07-16 11:37:30,SUCCESS,11,
TXN002109,ACC0400,M004,HomeNest,Furniture,5460,Card,2026-07-28 11:37:30,SUCCESS,11,17280.0
TXN002110,ACC0400,M004,HomeNest,Furniture,4118,Card,2026-07-28 11:37:30,SUCCESS,11,0.0
TXN002111,ACC0400,M005,FitFuel,Health,2144,UPI,2026-07-25 11:37:30,SUCCESS,11,-4320.0
TXN002112,ACC0400,M004,HomeNest,Furniture,7832,UPI,2026-09-10 11:37:30,SUCCESS,11,67680.0
TXN002113,ACC0400,M003,FreshMart,Grocery,378,Card,2026-09-04 11:37:30,SUCCESS,11,-8640.0
TXN002114,ACC0401,M004,HomeNest,Furniture,9129,Card,2026-06-27 11:37:30,SUCCESS,11,
TXN002115,ACC0401,M001,TechKart,Electronics,3561,Wallet,2026-07-01 11:37:30,SUCCESS,11,5760.0
TXN002116,ACC0401,M005,FitFuel,Health,1356,UPI,2026-07-23 11:37:30,SUCCESS,11,31680.0
TXN002117,ACC0401,M005,FitFuel,Health,2163,UPI,2026-08-11 11:37:30,SUCCESS,11,27360.0
TXN002118,ACC0401,M003,FreshMart,Grocery,231,UPI,2026-08-02 11:37:30,SUCCESS,11,-12960.0
TXN002119,ACC0402,M001,TechKart,Electronics,3825,UPI,2026-07-07 11:37:30,SUCCESS,11,
TXN002120,ACC0402,M003,FreshMart,Grocery,198,UPI,2026-07-14 11:37:30,SUCCESS,11,10080.0
TXN002121,ACC0402,M003,FreshMart,Grocery,880,UPI,2026-07-15 11:37:30,SUCCESS,11,1440.0
TXN002122,ACC0402,M003,FreshMart,Grocery,759,Card,2026-08-03 11:37:30,SUCCESS,11,27360.0
TXN002123,ACC0402,M001,TechKart,Electronics,3726,Card,2026-08-20 11:37:30,SUCCESS,11,24480.0
TXN002124,ACC0403,M002,StyleHub,Fashion,744,UPI,2026-07-15 11:37:30,SUCCESS,11,
TXN002125,ACC0403,M002,StyleHub,Fashion,2421,UPI,2026-07-19 11:37:30,SUCCESS,11,5760.0
TXN002126,ACC0403,M003,FreshMart,Grocery,1088,Card,2026-07-27 11:37:30,SUCCESS,11,11520.0
TXN002127,ACC0403,M005,FitFuel,Health,2177,UPI,2026-07-30 11:37:30,SUCCESS,11,4320.0
TXN002128,ACC0403,M003,FreshMart,Grocery,228,UPI,2026-08-12 11:37:30,SUCCESS,11,18720.0
TXN002129,ACC0403,M001,TechKart,Electronics,3928,UPI,2026-09-18 11:37:30,SUCCESS,11,53280.0
TXN002130,ACC0404,M003,FreshMart,Grocery,1015,UPI,2026-08-24 11:37:30,SUCCESS,11,
TXN002131,ACC0404,M003,FreshMart,Grocery,1487,Card,2026-08-28 11:37:30,SUCCESS,11,5760.0
TXN002132,ACC0404,M004,HomeNest,Furniture,9906,UPI,2026-08-30 11:37:30,SUCCESS,11,2880.0
TXN002133,ACC0404,M005,FitFuel,Health,1368,Wallet,2026-09-08 11:37:30,SUCCESS,11,12960.0
TXN002134,ACC0404,M005,FitFuel,Health,1298,Card,2026-10-07 11:37:30,SUCCESS,11,41760.0
TXN002135,ACC0404,M003,FreshMart,Grocery,1324,UPI,2026-09-03 11:37:30,SUCCESS,11,-48960.0
TXN002136,ACC0404,M004,HomeNest,Furniture,4251,Card,2026-11-16 11:37:30,SUCCESS,11,106560.0
TXN002137,ACC0405,M005,FitFuel,Health,487,Card,2026-08-11 11:37:30,SUCCESS,11,
TXN002138,ACC0405,M003,FreshMart,Grocery,708,UPI,2026-08-15 11:37:30,SUCCESS,11,5760.0
TXN002139,ACC0405,M001,TechKart,Electronics,4194,Card,2026-08-21 11:37:30,SUCCESS,11,8640.0
TXN002140,ACC0405,M003,FreshMart,Grocery,1097,Card,2026-08-29 11:37:30,SUCCESS,11,11520.0
TXN002141,ACC0405,M003,FreshMart,Grocery,348,UPI,2026-09-28 11:37:30,SUCCESS,11,43200.0
TXN002142,ACC0405,M003,FreshMart,Grocery,602,UPI,2026-08-21 11:37:30,SUCCESS,11,-54720.0
TXN002143,ACC0405,M005,FitFuel,Health,2186,Card,2026-09-16 11:37:30,SUCCESS,11,37440.0
TXN002144,ACC0405,M005,FitFuel,Health,1646,UPI,2026-11-03 11:37:30,SUCCESS,11,69120.0
TXN002145,ACC0406,M003,FreshMart,Grocery,847,UPI,2026-06-24 11:37:30,SUCCESS,11,
TXN002146,ACC0406,M004,HomeNest,Furniture,3243,UPI,2026-07-09 11:37:30,SUCCESS,11,21600.0
TXN002147,ACC0406,M004,HomeNest,Furniture,3725,UPI,2026-07-20 11:37:30,SUCCESS,11,15840.0
TXN002148,ACC0406,M004,HomeNest,Furniture,4094,UPI,2026-07-06 11:37:30,SUCCESS,11,-20160.0
TXN002149,ACC0406,M005,FitFuel,Health,621,Card,2026-08-11 11:37:30,SUCCESS,11,51840.0
TXN002150,ACC0407,M002,StyleHub,Fashion,1912,UPI,2026-07-21 11:37:30,SUCCESS,11,
TXN002151,ACC0407,M003,FreshMart,Grocery,1074,Card,2026-08-04 11:37:30,SUCCESS,11,20160.0
TXN002152,ACC0407,M002,StyleHub,Fashion,1082,Card,2026-07-25 11:37:30,SUCCESS,11,-14400.0
TXN002153,ACC0407,M004,HomeNest,Furniture,5402,Wallet,2026-08-23 11:37:30,SUCCESS,11,41760.0
TXN002154,ACC0407,M003,FreshMart,Grocery,1289,Card,2026-07-29 11:37:30,SUCCESS,11,-36000.0
TXN002155,ACC0407,M004,HomeNest,Furniture,9546,UPI,2026-08-15 11:37:30,SUCCESS,11,24480.0
TXN002156,ACC0408,M001,TechKart,Electronics,1594,UPI,2026-06-18 11:37:30,SUCCESS,11,
TXN002157,ACC0408,M001,TechKart,Electronics,3170,UPI,2026-06-23 11:37:30,SUCCESS,11,7200.0
TXN002158,ACC0408,M004,HomeNest,Furniture,6506,UPI,2026-06-26 11:37:30,SUCCESS,11,4320.0
TXN002159,ACC0408,M002,StyleHub,Fashion,2112,Wallet,2026-07-30 11:37:30,SUCCESS,11,48960.0
TXN002160,ACC0408,M003,FreshMart,Grocery,893,Card,2026-07-12 11:37:30,SUCCESS,11,-25920.0
TXN002161,ACC0409,M003,FreshMart,Grocery,1178,UPI,2026-06-08 11:37:30,SUCCESS,11,
TXN002162,ACC0409,M002,StyleHub,Fashion,2054,UPI,2026-06-16 11:37:30,SUCCESS,11,11520.0
TXN002163,ACC0409,M003,FreshMart,Grocery,1070,UPI,2026-06-26 11:37:30,SUCCESS,11,14400.0
TXN002164,ACC0409,M002,StyleHub,Fashion,2038,UPI,2026-07-23 11:37:30,SUCCESS,11,38880.0
TXN002165,ACC0409,M003,FreshMart,Grocery,1100,Card,2026-07-18 11:37:30,SUCCESS,11,-7200.0
TXN002166,ACC0409,M001,TechKart,Electronics,3940,Card,2026-08-07 11:37:30,SUCCESS,11,28800.0
TXN002167,ACC0409,M004,HomeNest,Furniture,5361,UPI,2026-07-26 11:37:30,SUCCESS,11,-17280.0
TXN002168,ACC0410,M002,StyleHub,Fashion,2461,Wallet,2026-06-16 11:37:30,SUCCESS,11,
TXN002169,ACC0410,M005,FitFuel,Health,1974,Wallet,2026-06-27 11:37:30,SUCCESS,11,15840.0
TXN002170,ACC0411,M002,StyleHub,Fashion,2332,Card,2026-06-17 11:37:30,SUCCESS,11,
TXN002171,ACC0411,M001,TechKart,Electronics,3989,Card,2026-06-24 11:37:30,SUCCESS,11,10080.0
TXN002172,ACC0411,M002,StyleHub,Fashion,1061,UPI,2026-07-17 11:37:30,SUCCESS,11,33120.0
TXN002173,ACC0411,M002,StyleHub,Fashion,1117,UPI,2026-07-26 11:37:30,SUCCESS,11,12960.0
TXN002174,ACC0412,M002,StyleHub,Fashion,1600,UPI,2026-08-09 11:37:30,SUCCESS,11,
TXN002175,ACC0412,M002,StyleHub,Fashion,2288,UPI,2026-08-11 11:37:30,SUCCESS,11,2880.0
TXN002176,ACC0412,M005,FitFuel,Health,2117,Wallet,2026-09-02 11:37:30,SUCCESS,11,31680.0
TXN002177,ACC0412,M002,StyleHub,Fashion,2289,UPI,2026-09-20 11:37:30,SUCCESS,11,25920.0
TXN002178,ACC0412,M005,FitFuel,Health,1656,NetBanking,2026-08-21 11:37:30,SUCCESS,11,-43200.0
TXN002179,ACC0412,M002,StyleHub,Fashion,2293,Card,2026-08-29 11:37:30,SUCCESS,11,11520.0
TXN002180,ACC0412,M001,TechKart,Electronics,1064,Card,2026-08-27 11:37:30,SUCCESS,11,-2880.0
TXN002181,ACC0413,M004,HomeNest,Furniture,2576,Card,2026-06-29 11:37:30,SUCCESS,11,
TXN002182,ACC0413,M005,FitFuel,Health,795,Card,2026-07-05 11:37:30,SUCCESS,11,8640.0
TXN002183,ACC0413,M005,FitFuel,Health,397,UPI,2026-07-21 11:37:30,SUCCESS,11,23040.0
TXN002184,ACC0413,M001,TechKart,Electronics,3199,NetBanking,2026-08-13 11:37:30,SUCCESS,11,33120.0
TXN002185,ACC0413,M001,TechKart,Electronics,3776,UPI,2026-08-28 11:37:30,SUCCESS,11,21600.0
TXN002186,ACC0414,M004,HomeNest,Furniture,5510,Card,2026-06-15 11:37:30,SUCCESS,11,
TXN002187,ACC0414,M002,StyleHub,Fashion,1475,Card,2026-06-18 11:37:30,SUCCESS,11,4320.0
TXN002188,ACC0414,M001,TechKart,Electronics,2184,UPI,2026-07-07 11:37:30,SUCCESS,11,27360.0
TXN002189,ACC0414,M003,FreshMart,Grocery,440,Wallet,2026-07-21 11:37:30,SUCCESS,11,20160.0
TXN002190,ACC0414,M004,HomeNest,Furniture,3721,UPI,2026-08-10 11:37:30,SUCCESS,11,28800.0
TXN002191,ACC0414,M001,TechKart,Electronics,4553,NetBanking,2026-07-20 11:37:30,SUCCESS,11,-30240.0
TXN002192,ACC0415,M003,FreshMart,Grocery,851,UPI,2026-08-03 11:37:30,SUCCESS,11,
TXN002193,ACC0415,M003,FreshMart,Grocery,1072,Card,2026-08-12 11:37:30,SUCCESS,11,12960.0
TXN002194,ACC0415,M003,FreshMart,Grocery,1367,UPI,2026-08-25 11:37:30,SUCCESS,11,18720.0
TXN002195,ACC0415,M002,StyleHub,Fashion,1581,UPI,2026-08-15 11:37:30,SUCCESS,11,-14400.0
TXN002196,ACC0415,M005,FitFuel,Health,1785,Card,2026-08-31 11:37:30,SUCCESS,11,23040.0
TXN002197,ACC0416,M003,FreshMart,Grocery,1123,Card,2026-08-14 11:37:30,SUCCESS,11,
TXN002198,ACC0416,M003,FreshMart,Grocery,466,Card,2026-08-26 11:37:30,SUCCESS,11,17280.0
TXN002199,ACC0416,M002,StyleHub,Fashion,1000,Card,2026-09-09 11:37:30,SUCCESS,11,20160.0
TXN002200,ACC0416,M004,HomeNest,Furniture,4107,Card,2026-09-28 11:37:30,SUCCESS,11,27360.0
TXN002201,ACC0417,M003,FreshMart,Grocery,453,Card,2026-08-07 11:37:30,SUCCESS,11,
TXN002202,ACC0417,M003,FreshMart,Grocery,1191,Card,2026-08-13 11:37:30,SUCCESS,11,8640.0
TXN002203,ACC0418,M005,FitFuel,Health,997,Wallet,2026-07-14 11:37:30,SUCCESS,11,
TXN002204,ACC0418,M002,StyleHub,Fashion,2452,UPI,2026-07-26 11:37:30,SUCCESS,11,17280.0
TXN002205,ACC0418,M004,HomeNest,Furniture,9089,Wallet,2026-07-28 11:37:30,SUCCESS,11,2880.0
TXN002206,ACC0418,M002,StyleHub,Fashion,2374,UPI,2026-08-19 11:37:30,SUCCESS,11,31680.0
TXN002207,ACC0418,M001,TechKart,Electronics,1330,UPI,2026-08-15 11:37:30,SUCCESS,11,-5760.0
TXN002208,ACC0418,M002,StyleHub,Fashion,1318,UPI,2026-08-13 11:37:30,SUCCESS,11,-2880.0
TXN002209,ACC0419,M002,StyleHub,Fashion,1860,UPI,2026-08-19 11:37:30,SUCCESS,11,
TXN002210,ACC0419,M001,TechKart,Electronics,2670,Card,2026-08-30 11:37:30,SUCCESS,11,15840.0
TXN002211,ACC0419,M001,TechKart,Electronics,4064,Card,2026-09-02 11:37:30,SUCCESS,11,4320.0
TXN002212,ACC0419,M005,FitFuel,Health,575,UPI,2026-09-09 11:37:30,SUCCESS,11,10080.0
TXN002213,ACC0419,M005,FitFuel,Health,625,Wallet,2026-09-28 11:37:30,SUCCESS,11,27360.0
TXN002214,ACC0419,M004,HomeNest,Furniture,6642,UPI,2026-08-29 11:37:30,SUCCESS,11,-43200.0
TXN002215,ACC0420,M002,StyleHub,Fashion,1403,UPI,2026-08-02 11:37:30,SUCCESS,11,
TXN002216,ACC0420,M004,HomeNest,Furniture,3453,UPI,2026-08-15 11:37:30,SUCCESS,11,18720.0
TXN002217,ACC0420,M003,FreshMart,Grocery,1280,UPI,2026-08-24 11:37:30,SUCCESS,11,12960.0
TXN002218,ACC0421,M001,TechKart,Electronics,1885,UPI,2026-08-10 11:37:30,SUCCESS,11,
TXN002219,ACC0421,M002,StyleHub,Fashion,1332,UPI,2026-08-12 11:37:30,SUCCESS,11,2880.0
TXN002220,ACC0421,M005,FitFuel,Health,2254,UPI,2026-09-07 11:37:30,SUCCESS,11,37440.0
TXN002221,ACC0421,M001,TechKart,Electronics,3412,Card,2026-09-09 11:37:30,SUCCESS,11,2880.0
TXN002222,ACC0421,M002,StyleHub,Fashion,2359,UPI,2026-08-22 11:37:30,SUCCESS,11,-25920.0
TXN002223,ACC0421,M004,HomeNest,Furniture,3617,UPI,2026-08-25 11:37:30,SUCCESS,11,4320.0
TXN002224,ACC0421,M002,StyleHub,Fashion,2395,UPI,2026-10-15 11:37:30,SUCCESS,11,73440.0
TXN002225,ACC0422,M001,TechKart,Electronics,4426,Card,2026-06-21 11:37:30,SUCCESS,11,
TXN002226,ACC0422,M005,FitFuel,Health,2168,Wallet,2026-06-26 11:37:30,SUCCESS,11,7200.0
TXN002227,ACC0423,M003,FreshMart,Grocery,1158,Card,2026-07-13 11:37:30,SUCCESS,11,
TXN002228,ACC0423,M005,FitFuel,Health,2279,UPI,2026-07-20 11:37:30,SUCCESS,11,10080.0
TXN002229,ACC0423,M003,FreshMart,Grocery,691,NetBanking,2026-08-06 11:37:30,SUCCESS,11,24480.0
TXN002230,ACC0423,M003,FreshMart,Grocery,713,Card,2026-07-28 11:37:30,SUCCESS,11,-12960.0
TXN002231,ACC0424,M004,HomeNest,Furniture,2913,Wallet,2026-07-26 11:37:30,SUCCESS,11,
TXN002232,ACC0424,M004,HomeNest,Furniture,2053,UPI,2026-07-30 11:37:30,SUCCESS,11,5760.0
TXN002233,ACC0424,M004,HomeNest,Furniture,6061,UPI,2026-08-15 11:37:30,SUCCESS,11,23040.0
TXN002234,ACC0424,M004,HomeNest,Furniture,7513,UPI,2026-08-04 11:37:30,SUCCESS,11,-15840.0
TXN002235,ACC0424,M004,HomeNest,Furniture,4805,Card,2026-09-24 11:37:30,SUCCESS,11,73440.0
TXN002236,ACC0424,M002,StyleHub,Fashion,1192,Card,2026-09-14 11:37:30,SUCCESS,11,-14400.0
TXN002237,ACC0425,M003,FreshMart,Grocery,1177,UPI,2026-08-05 11:37:30,SUCCESS,11,
TXN002238,ACC0425,M005,FitFuel,Health,2232,UPI,2026-08-19 11:37:30,SUCCESS,11,20160.0
TXN002239,ACC0425,M005,FitFuel,Health,1161,Card,2026-08-17 11:37:30,SUCCESS,11,-2880.0
TXN002240,ACC0425,M003,FreshMart,Grocery,470,UPI,2026-08-17 11:37:30,SUCCESS,11,0.0
TXN002241,ACC0425,M002,StyleHub,Fashion,1046,Card,2026-09-06 11:37:30,SUCCESS,11,28800.0
TXN002242,ACC0425,M003,FreshMart,Grocery,1207,Wallet,2026-08-25 11:37:30,SUCCESS,11,-17280.0
TXN002243,ACC0425,M005,FitFuel,Health,2007,Card,2026-10-16 11:37:30,SUCCESS,11,74880.0
TXN002244,ACC0425,M002,StyleHub,Fashion,1476,UPI,2026-09-16 11:37:30,SUCCESS,11,-43200.0
TXN002245,ACC0426,M002,StyleHub,Fashion,1654,UPI,2026-07-27 11:37:30,SUCCESS,11,
TXN002246,ACC0426,M003,FreshMart,Grocery,1071,UPI,2026-08-03 11:37:30,SUCCESS,11,10080.0
TXN002247,ACC0426,M004,HomeNest,Furniture,8247,UPI,2026-08-18 11:37:30,SUCCESS,11,21600.0
TXN002248,ACC0426,M004,HomeNest,Furniture,2453,Wallet,2026-09-07 11:37:30,SUCCESS,11,28800.0
TXN002249,ACC0426,M002,StyleHub,Fashion,2271,Card,2026-08-24 11:37:30,SUCCESS,11,-20160.0
TXN002250,ACC0426,M002,StyleHub,Fashion,1254,Card,2026-08-06 11:37:30,SUCCESS,11,-25920.0
TXN002251,ACC0426,M003,FreshMart,Grocery,914,UPI,2026-09-01 11:37:30,SUCCESS,11,37440.0
TXN002252,ACC0426,M004,HomeNest,Furniture,4668,Card,2026-09-21 11:37:30,SUCCESS,11,28800.0
TXN002253,ACC0427,M002,StyleHub,Fashion,2460,UPI,2026-08-09 11:37:30,SUCCESS,11,
TXN002254,ACC0427,M001,TechKart,Electronics,1409,UPI,2026-08-15 11:37:30,SUCCESS,11,8640.0
TXN002255,ACC0427,M004,HomeNest,Furniture,9712,Card,2026-08-23 11:37:30,SUCCESS,11,11520.0
TXN002256,ACC0427,M001,TechKart,Electronics,3995,Card,2026-09-05 11:37:30,SUCCESS,11,18720.0
TXN002257,ACC0427,M004,HomeNest,Furniture,4046,UPI,2026-09-30 11:37:30,SUCCESS,11,36000.0
TXN002258,ACC0427,M005,FitFuel,Health,1836,UPI,2026-10-03 11:37:30,SUCCESS,11,4320.0
TXN002259,ACC0427,M003,FreshMart,Grocery,715,UPI,2026-08-21 11:37:30,SUCCESS,11,-61920.0
TXN002260,ACC0428,M004,HomeNest,Furniture,3100,NetBanking,2026-07-29 11:37:30,SUCCESS,11,
TXN002261,ACC0428,M003,FreshMart,Grocery,997,NetBanking,2026-08-01 11:37:30,SUCCESS,11,4320.0
TXN002262,ACC0428,M002,StyleHub,Fashion,1624,Card,2026-08-28 11:37:30,SUCCESS,11,38880.0
TXN002263,ACC0428,M001,TechKart,Electronics,4390,UPI,2026-08-28 11:37:30,SUCCESS,11,0.0
TXN002264,ACC0428,M005,FitFuel,Health,1367,Card,2026-09-11 11:37:30,SUCCESS,11,20160.0
TXN002265,ACC0429,M001,TechKart,Electronics,1950,Card,2026-07-28 11:37:30,SUCCESS,11,
TXN002266,ACC0429,M003,FreshMart,Grocery,889,Wallet,2026-07-31 11:37:30,SUCCESS,11,4320.0
TXN002267,ACC0429,M002,StyleHub,Fashion,1154,UPI,2026-08-15 11:37:30,SUCCESS,11,21600.0
TXN002268,ACC0429,M004,HomeNest,Furniture,4967,UPI,2026-08-12 11:37:30,SUCCESS,11,-4320.0
TXN002269,ACC0429,M003,FreshMart,Grocery,672,Card,2026-09-14 11:37:30,SUCCESS,11,47520.0
TXN002270,ACC0429,M002,StyleHub,Fashion,888,Card,2026-08-07 11:37:30,SUCCESS,11,-54720.0
TXN002271,ACC0429,M004,HomeNest,Furniture,8603,UPI,2026-09-14 11:37:30,SUCCESS,11,54720.0
TXN002272,ACC0429,M005,FitFuel,Health,546,Wallet,2026-08-11 11:37:30,SUCCESS,11,-48960.0
TXN002273,ACC0430,M005,FitFuel,Health,2090,Wallet,2026-07-18 11:37:30,SUCCESS,11,
TXN002274,ACC0430,M003,FreshMart,Grocery,1253,UPI,2026-07-28 11:37:30,SUCCESS,11,14400.0
TXN002275,ACC0430,M003,FreshMart,Grocery,1449,UPI,2026-08-09 11:37:30,SUCCESS,11,17280.0
TXN002276,ACC0430,M005,FitFuel,Health,677,Wallet,2026-07-27 11:37:30,SUCCESS,11,-18720.0
TXN002277,ACC0430,M001,TechKart,Electronics,2096,Card,2026-09-12 11:37:30,SUCCESS,11,67680.0
TXN002278,ACC0430,M001,TechKart,Electronics,4637,Card,2026-10-01 11:37:30,SUCCESS,11,27360.0
TXN002279,ACC0431,M004,HomeNest,Furniture,8699,UPI,2026-08-25 11:37:30,SUCCESS,11,
TXN002280,ACC0431,M002,StyleHub,Fashion,1753,UPI,2026-09-03 11:37:30,SUCCESS,11,12960.0
TXN002281,ACC0431,M005,FitFuel,Health,1691,UPI,2026-09-18 11:37:30,SUCCESS,11,21600.0
TXN002282,ACC0432,M004,HomeNest,Furniture,9285,UPI,2026-06-07 11:37:30,SUCCESS,11,
TXN002283,ACC0432,M003,FreshMart,Grocery,163,Card,2026-06-18 11:37:30,SUCCESS,11,15840.0
TXN002284,ACC0432,M001,TechKart,Electronics,869,UPI,2026-06-23 11:37:30,SUCCESS,11,7200.0
TXN002285,ACC0432,M002,StyleHub,Fashion,1460,NetBanking,2026-07-01 11:37:30,SUCCESS,11,11520.0
TXN002286,ACC0432,M003,FreshMart,Grocery,1240,UPI,2026-07-21 11:37:30,SUCCESS,11,28800.0
TXN002287,ACC0432,M002,StyleHub,Fashion,1852,NetBanking,2026-08-06 11:37:30,SUCCESS,11,23040.0
TXN002288,ACC0432,M005,FitFuel,Health,925,UPI,2026-08-24 11:37:30,SUCCESS,11,25920.0
TXN002289,ACC0432,M002,StyleHub,Fashion,1663,UPI,2026-07-05 11:37:30,SUCCESS,11,-72000.0
TXN002290,ACC0433,M001,TechKart,Electronics,1843,UPI,2026-06-27 11:37:30,SUCCESS,11,
TXN002291,ACC0433,M003,FreshMart,Grocery,795,Wallet,2026-06-30 11:37:30,SUCCESS,11,4320.0
TXN002292,ACC0434,M003,FreshMart,Grocery,484,UPI,2026-08-08 11:37:30,SUCCESS,11,
TXN002293,ACC0434,M002,StyleHub,Fashion,1289,Card,2026-08-14 11:37:30,SUCCESS,11,8640.0
TXN002294,ACC0434,M002,StyleHub,Fashion,2200,UPI,2026-08-12 11:37:30,SUCCESS,11,-2880.0
TXN002295,ACC0434,M001,TechKart,Electronics,4436,NetBanking,2026-09-01 11:37:30,SUCCESS,11,28800.0
TXN002296,ACC0434,M002,StyleHub,Fashion,1958,UPI,2026-10-07 11:37:30,SUCCESS,11,51840.0
TXN002297,ACC0434,M004,HomeNest,Furniture,3627,UPI,2026-09-22 11:37:30,SUCCESS,11,-21600.0
TXN002298,ACC0434,M005,FitFuel,Health,810,UPI,2026-09-25 11:37:30,SUCCESS,11,4320.0
TXN002299,ACC0435,M005,FitFuel,Health,798,UPI,2026-07-01 11:37:30,SUCCESS,11,
TXN002300,ACC0435,M001,TechKart,Electronics,4806,Card,2026-07-06 11:37:30,SUCCESS,11,7200.0
TXN002301,ACC0435,M003,FreshMart,Grocery,1000,UPI,2026-07-15 11:37:30,SUCCESS,11,12960.0
TXN002302,ACC0436,M004,HomeNest,Furniture,4091,UPI,2026-07-01 11:37:30,SUCCESS,11,
TXN002303,ACC0436,M001,TechKart,Electronics,859,UPI,2026-07-10 11:37:30,SUCCESS,11,12960.0
TXN002304,ACC0437,M001,TechKart,Electronics,3705,UPI,2026-07-14 11:37:30,SUCCESS,11,
TXN002305,ACC0437,M001,TechKart,Electronics,4356,Wallet,2026-07-20 11:37:30,SUCCESS,11,8640.0
TXN002306,ACC0437,M003,FreshMart,Grocery,619,Wallet,2026-08-07 11:37:30,SUCCESS,11,25920.0
TXN002307,ACC0437,M004,HomeNest,Furniture,9175,UPI,2026-07-23 11:37:30,SUCCESS,11,-21600.0
TXN002308,ACC0437,M003,FreshMart,Grocery,242,UPI,2026-08-07 11:37:30,SUCCESS,11,21600.0
TXN002309,ACC0438,M001,TechKart,Electronics,1848,UPI,2026-08-12 11:37:30,SUCCESS,11,
TXN002310,ACC0438,M004,HomeNest,Furniture,8244,UPI,2026-08-16 11:37:30,SUCCESS,11,5760.0
TXN002311,ACC0438,M002,StyleHub,Fashion,1600,UPI,2026-09-03 11:37:30,SUCCESS,11,25920.0
TXN002312,ACC0439,M002,StyleHub,Fashion,1115,Wallet,2026-08-14 11:37:30,SUCCESS,11,
TXN002313,ACC0439,M002,StyleHub,Fashion,1895,NetBanking,2026-08-18 11:37:30,SUCCESS,11,5760.0
TXN002314,ACC0439,M002,StyleHub,Fashion,522,UPI,2026-08-20 11:37:30,SUCCESS,11,2880.0
TXN002315,ACC0439,M004,HomeNest,Furniture,7122,UPI,2026-09-01 11:37:30,SUCCESS,11,17280.0
TXN002316,ACC0439,M003,FreshMart,Grocery,1423,UPI,2026-10-13 11:37:30,SUCCESS,11,60480.0
TXN002317,ACC0440,M001,TechKart,Electronics,4654,UPI,2026-08-31 11:37:30,SUCCESS,11,
TXN002318,ACC0440,M002,StyleHub,Fashion,2069,UPI,2026-09-15 11:37:30,SUCCESS,11,21600.0
TXN002319,ACC0440,M005,FitFuel,Health,2451,UPI,2026-09-16 11:37:30,SUCCESS,11,1440.0
TXN002320,ACC0440,M001,TechKart,Electronics,3656,NetBanking,2026-09-09 11:37:30,SUCCESS,11,-10080.0
TXN002321,ACC0440,M004,HomeNest,Furniture,2543,UPI,2026-09-12 11:37:30,SUCCESS,11,4320.0
TXN002322,ACC0440,M004,HomeNest,Furniture,5400,NetBanking,2026-10-15 11:37:30,SUCCESS,11,47520.0
TXN002323,ACC0440,M004,HomeNest,Furniture,3101,NetBanking,2026-10-30 11:37:30,SUCCESS,11,21600.0
TXN002324,ACC0440,M001,TechKart,Electronics,3351,UPI,2026-12-07 11:37:30,SUCCESS,11,54720.0
TXN002325,ACC0441,M005,FitFuel,Health,1797,Wallet,2026-08-18 11:37:30,SUCCESS,11,
TXN002326,ACC0441,M001,TechKart,Electronics,4714,UPI,2026-08-30 11:37:30,SUCCESS,11,17280.0
TXN002327,ACC0441,M005,FitFuel,Health,1103,UPI,2026-09-17 11:37:30,SUCCESS,11,25920.0
TXN002328,ACC0441,M002,StyleHub,Fashion,984,UPI,2026-09-17 11:37:30,SUCCESS,11,0.0
TXN002329,ACC0442,M004,HomeNest,Furniture,4312,NetBanking,2026-08-22 11:37:30,SUCCESS,11,
TXN002330,ACC0442,M002,StyleHub,Fashion,1326,UPI,2026-08-25 11:37:30,SUCCESS,11,4320.0
TXN002331,ACC0443,M003,FreshMart,Grocery,1096,Card,2026-06-11 11:37:30,SUCCESS,11,
TXN002332,ACC0443,M005,FitFuel,Health,1392,Card,2026-06-21 11:37:30,SUCCESS,11,14400.0
TXN002333,ACC0443,M003,FreshMart,Grocery,1014,UPI,2026-06-19 11:37:30,SUCCESS,11,-2880.0
TXN002334,ACC0443,M005,FitFuel,Health,440,Card,2026-06-23 11:37:30,SUCCESS,11,5760.0
TXN002335,ACC0443,M004,HomeNest,Furniture,7176,UPI,2026-08-06 11:37:30,SUCCESS,11,63360.0
TXN002336,ACC0443,M002,StyleHub,Fashion,458,UPI,2026-07-06 11:37:30,SUCCESS,11,-44640.0
TXN002337,ACC0443,M002,StyleHub,Fashion,1063,UPI,2026-06-23 11:37:30,SUCCESS,11,-18720.0
TXN002338,ACC0444,M004,HomeNest,Furniture,9026,UPI,2026-06-22 11:37:30,SUCCESS,11,
TXN002339,ACC0444,M005,FitFuel,Health,1961,UPI,2026-07-04 11:37:30,SUCCESS,11,17280.0
TXN002340,ACC0445,M003,FreshMart,Grocery,1267,UPI,2026-07-07 11:37:30,SUCCESS,11,
TXN002341,ACC0445,M003,FreshMart,Grocery,1492,Card,2026-07-20 11:37:30,SUCCESS,11,18720.0
TXN002342,ACC0445,M003,FreshMart,Grocery,531,UPI,2026-07-21 11:37:30,SUCCESS,11,1440.0
TXN002343,ACC0446,M005,FitFuel,Health,2169,Card,2026-07-03 11:37:30,SUCCESS,11,
TXN002344,ACC0446,M003,FreshMart,Grocery,1213,UPI,2026-07-15 11:37:30,SUCCESS,11,17280.0
TXN002345,ACC0446,M003,FreshMart,Grocery,1023,Card,2026-07-31 11:37:30,SUCCESS,11,23040.0
TXN002346,ACC0446,M002,StyleHub,Fashion,787,UPI,2026-08-02 11:37:30,SUCCESS,11,2880.0
TXN002347,ACC0446,M001,TechKart,Electronics,1785,Card,2026-08-08 11:37:30,SUCCESS,11,8640.0
TXN002348,ACC0446,M002,StyleHub,Fashion,1823,UPI,2026-08-02 11:37:30,SUCCESS,11,-8640.0
TXN002349,ACC0446,M005,FitFuel,Health,639,Wallet,2026-08-20 11:37:30,SUCCESS,11,25920.0
TXN002350,ACC0446,M002,StyleHub,Fashion,2028,NetBanking,2026-09-11 11:37:30,SUCCESS,11,31680.0
TXN002351,ACC0447,M002,StyleHub,Fashion,468,UPI,2026-08-10 11:37:30,SUCCESS,11,
TXN002352,ACC0447,M003,FreshMart,Grocery,1226,Card,2026-08-23 11:37:30,SUCCESS,11,18720.0
TXN002353,ACC0447,M005,FitFuel,Health,2473,UPI,2026-08-18 11:37:30,SUCCESS,11,-7200.0
TXN002354,ACC0447,M005,FitFuel,Health,1785,UPI,2026-09-21 11:37:30,SUCCESS,11,48960.0
TXN002355,ACC0447,M005,FitFuel,Health,983,UPI,2026-10-01 11:37:30,SUCCESS,11,14400.0
TXN002356,ACC0447,M002,StyleHub,Fashion,1326,NetBanking,2026-08-25 11:37:30,SUCCESS,11,-53280.0
TXN002357,ACC0448,M005,FitFuel,Health,2036,NetBanking,2026-08-15 11:37:30,SUCCESS,11,
TXN002358,ACC0448,M001,TechKart,Electronics,4083,UPI,2026-08-21 11:37:30,SUCCESS,11,8640.0
TXN002359,ACC0448,M004,HomeNest,Furniture,9321,UPI,2026-09-04 11:37:30,SUCCESS,11,20160.0
TXN002360,ACC0448,M002,StyleHub,Fashion,1628,UPI,2026-09-05 11:37:30,SUCCESS,11,1440.0
TXN002361,ACC0448,M005,FitFuel,Health,1576,UPI,2026-09-08 11:37:30,SUCCESS,11,4320.0
TXN002362,ACC0448,M005,FitFuel,Health,573,UPI,2026-10-19 11:37:30,SUCCESS,11,59040.0
TXN002363,ACC0448,M002,StyleHub,Fashion,988,UPI,2026-10-02 11:37:30,SUCCESS,11,-24480.0
TXN002364,ACC0448,M002,StyleHub,Fashion,2002,Card,2026-09-12 11:37:30,SUCCESS,11,-28800.0
TXN002365,ACC0449,M005,FitFuel,Health,1092,UPI,2026-07-12 11:37:30,SUCCESS,11,
TXN002366,ACC0449,M001,TechKart,Electronics,2653,Wallet,2026-07-19 11:37:30,SUCCESS,11,10080.0
TXN002367,ACC0449,M002,StyleHub,Fashion,2044,UPI,2026-07-24 11:37:30,SUCCESS,11,7200.0
TXN002368,ACC0449,M005,FitFuel,Health,921,UPI,2026-08-20 11:37:30,SUCCESS,11,38880.0
TXN002369,ACC0449,M003,FreshMart,Grocery,820,UPI,2026-07-28 11:37:30,SUCCESS,11,-33120.0
TXN002370,ACC0449,M005,FitFuel,Health,1574,UPI,2026-07-27 11:37:30,SUCCESS,11,-1440.0
TXN002371,ACC0449,M005,FitFuel,Health,2229,UPI,2026-10-04 11:37:30,SUCCESS,11,99360.0
TXN002372,ACC0450,M001,TechKart,Electronics,4522,UPI,2026-07-27 11:37:30,SUCCESS,11,
TXN002373,ACC0450,M003,FreshMart,Grocery,707,Wallet,2026-08-10 11:37:30,SUCCESS,11,20160.0
TXN002374,ACC0450,M004,HomeNest,Furniture,8864,NetBanking,2026-07-31 11:37:30,SUCCESS,11,-14400.0
TXN002375,ACC0450,M004,HomeNest,Furniture,5489,Card,2026-08-05 11:37:30,SUCCESS,11,7200.0
TXN002376,ACC0450,M004,HomeNest,Furniture,8213,UPI,2026-09-17 11:37:30,SUCCESS,11,61920.0
TXN002377,ACC0451,M005,FitFuel,Health,1785,UPI,2026-08-21 11:37:30,SUCCESS,11,
TXN002378,ACC0451,M004,HomeNest,Furniture,8854,Card,2026-09-05 11:37:30,SUCCESS,11,21600.0
TXN002379,ACC0451,M004,HomeNest,Furniture,2464,Card,2026-09-06 11:37:30,SUCCESS,11,1440.0
TXN002380,ACC0451,M003,FreshMart,Grocery,714,Wallet,2026-10-05 11:37:30,SUCCESS,11,41760.0
TXN002381,ACC0451,M005,FitFuel,Health,1646,UPI,2026-10-08 11:37:30,SUCCESS,11,4320.0
TXN002382,ACC0451,M003,FreshMart,Grocery,880,UPI,2026-11-04 11:37:30,SUCCESS,11,38880.0
TXN002383,ACC0452,M005,FitFuel,Health,2327,UPI,2026-07-03 11:37:30,SUCCESS,11,
TXN002384,ACC0452,M003,FreshMart,Grocery,362,Wallet,2026-07-11 11:37:30,SUCCESS,11,11520.0
TXN002385,ACC0453,M005,FitFuel,Health,1839,Card,2026-07-03 11:37:30,SUCCESS,11,
TXN002386,ACC0453,M004,HomeNest,Furniture,2344,Card,2026-07-18 11:37:30,SUCCESS,11,21600.0
TXN002387,ACC0453,M001,TechKart,Electronics,1577,UPI,2026-07-25 11:37:30,SUCCESS,11,10080.0
TXN002388,ACC0453,M002,StyleHub,Fashion,1877,Card,2026-08-14 11:37:30,SUCCESS,11,28800.0
TXN002389,ACC0453,M005,FitFuel,Health,2027,NetBanking,2026-08-24 11:37:30,SUCCESS,11,14400.0
TXN002390,ACC0453,M001,TechKart,Electronics,3645,Card,2026-09-06 11:37:30,SUCCESS,11,18720.0
TXN002391,ACC0453,M004,HomeNest,Furniture,6696,NetBanking,2026-08-26 11:37:30,SUCCESS,11,-15840.0
TXN002392,ACC0453,M004,HomeNest,Furniture,8661,NetBanking,2026-07-17 11:37:30,SUCCESS,11,-57600.0
TXN002393,ACC0454,M001,TechKart,Electronics,2569,Card,2026-07-10 11:37:30,SUCCESS,11,
TXN002394,ACC0454,M003,FreshMart,Grocery,352,UPI,2026-07-12 11:37:30,SUCCESS,11,2880.0
TXN002395,ACC0454,M001,TechKart,Electronics,4540,NetBanking,2026-07-26 11:37:30,SUCCESS,11,20160.0
TXN002396,ACC0454,M003,FreshMart,Grocery,854,UPI,2026-07-28 11:37:30,SUCCESS,11,2880.0
TXN002397,ACC0454,M003,FreshMart,Grocery,1063,Card,2026-07-30 11:37:30,SUCCESS,11,2880.0
TXN002398,ACC0454,M004,HomeNest,Furniture,7727,Wallet,2026-08-14 11:37:30,SUCCESS,11,21600.0
TXN002399,ACC0454,M002,StyleHub,Fashion,1257,Card,2026-08-15 11:37:30,SUCCESS,11,1440.0
TXN002400,ACC0455,M003,FreshMart,Grocery,971,Card,2026-06-25 11:37:30,SUCCESS,11,
TXN002401,ACC0455,M002,StyleHub,Fashion,2447,NetBanking,2026-07-09 11:37:30,SUCCESS,11,20160.0
TXN002402,ACC0455,M003,FreshMart,Grocery,1412,UPI,2026-07-09 11:37:30,SUCCESS,11,0.0
TXN002403,ACC0455,M002,StyleHub,Fashion,1696,NetBanking,2026-08-06 11:37:30,SUCCESS,11,40320.0
TXN002404,ACC0455,M001,TechKart,Electronics,4126,UPI,2026-07-07 11:37:30,SUCCESS,11,-43200.0
TXN002405,ACC0455,M002,StyleHub,Fashion,1967,UPI,2026-08-09 11:37:30,SUCCESS,11,47520.0
TXN002406,ACC0455,M004,HomeNest,Furniture,4872,UPI,2026-09-23 11:37:30,SUCCESS,11,64800.0
TXN002407,ACC0455,M003,FreshMart,Grocery,476,Wallet,2026-08-27 11:37:30,SUCCESS,11,-38880.0
TXN002408,ACC0456,M002,StyleHub,Fashion,1671,Wallet,2026-09-01 11:37:30,SUCCESS,11,
TXN002409,ACC0456,M005,FitFuel,Health,1513,Card,2026-09-14 11:37:30,SUCCESS,11,18720.0
TXN002410,ACC0456,M002,StyleHub,Fashion,2030,Card,2026-09-21 11:37:30,SUCCESS,11,10080.0
TXN002411,ACC0456,M002,StyleHub,Fashion,782,UPI,2026-09-10 11:37:30,SUCCESS,11,-15840.0
TXN002412,ACC0457,M003,FreshMart,Grocery,448,Card,2026-06-11 11:37:30,SUCCESS,11,
TXN002413,ACC0457,M003,FreshMart,Grocery,962,UPI,2026-06-21 11:37:30,SUCCESS,11,14400.0
TXN002414,ACC0457,M001,TechKart,Electronics,3207,Card,2026-06-27 11:37:30,SUCCESS,11,8640.0
TXN002415,ACC0457,M003,FreshMart,Grocery,610,UPI,2026-06-20 11:37:30,SUCCESS,11,-10080.0
TXN002416,ACC0457,M002,StyleHub,Fashion,1034,Card,2026-06-19 11:37:30,SUCCESS,11,-1440.0
TXN002417,ACC0457,M001,TechKart,Electronics,4850,UPI,2026-07-11 11:37:30,SUCCESS,11,31680.0
TXN002418,ACC0458,M002,StyleHub,Fashion,2203,Card,2026-08-06 11:37:30,SUCCESS,11,
TXN002419,ACC0458,M002,StyleHub,Fashion,450,UPI,2026-08-11 11:37:30,SUCCESS,11,7200.0
TXN002420,ACC0458,M005,FitFuel,Health,2279,NetBanking,2026-08-10 11:37:30,SUCCESS,11,-1440.0
TXN002421,ACC0458,M005,FitFuel,Health,1087,UPI,2026-08-30 11:37:30,SUCCESS,11,28800.0
TXN002422,ACC0458,M005,FitFuel,Health,1936,Card,2026-10-05 11:37:30,SUCCESS,11,51840.0
TXN002423,ACC0458,M003,FreshMart,Grocery,895,NetBanking,2026-09-15 11:37:30,SUCCESS,11,-28800.0
TXN002424,ACC0458,M004,HomeNest,Furniture,5032,UPI,2026-09-11 11:37:30,SUCCESS,11,-5760.0
TXN002425,ACC0459,M003,FreshMart,Grocery,307,Wallet,2026-07-25 11:37:30,SUCCESS,11,
TXN002426,ACC0459,M003,FreshMart,Grocery,655,Card,2026-07-29 11:37:30,SUCCESS,11,5760.0
TXN002427,ACC0459,M002,StyleHub,Fashion,795,Wallet,2026-08-16 11:37:30,SUCCESS,11,25920.0
TXN002428,ACC0460,M004,HomeNest,Furniture,6385,UPI,2026-07-01 11:37:30,SUCCESS,11,
TXN002429,ACC0460,M005,FitFuel,Health,1233,Card,2026-07-15 11:37:30,SUCCESS,11,20160.0
TXN002430,ACC0460,M005,FitFuel,Health,1217,UPI,2026-07-27 11:37:30,SUCCESS,11,17280.0
TXN002431,ACC0460,M001,TechKart,Electronics,4570,Card,2026-08-03 11:37:30,SUCCESS,11,10080.0
TXN002432,ACC0460,M005,FitFuel,Health,2086,UPI,2026-08-06 11:37:30,SUCCESS,11,4320.0
TXN002433,ACC0460,M001,TechKart,Electronics,4473,Card,2026-07-21 11:37:30,SUCCESS,11,-23040.0
TXN002434,ACC0460,M003,FreshMart,Grocery,1126,NetBanking,2026-07-13 11:37:30,SUCCESS,11,-11520.0
TXN002435,ACC0460,M001,TechKart,Electronics,3703,UPI,2026-07-29 11:37:30,SUCCESS,11,23040.0
TXN002436,ACC0461,M003,FreshMart,Grocery,206,Card,2026-07-30 11:37:30,SUCCESS,11,
TXN002437,ACC0461,M004,HomeNest,Furniture,7768,Card,2026-08-08 11:37:30,SUCCESS,11,12960.0
TXN002438,ACC0461,M004,HomeNest,Furniture,3762,Card,2026-08-07 11:37:30,SUCCESS,11,-1440.0
TXN002439,ACC0461,M005,FitFuel,Health,1547,UPI,2026-08-17 11:37:30,SUCCESS,11,14400.0
TXN002440,ACC0461,M005,FitFuel,Health,1967,UPI,2026-09-12 11:37:30,SUCCESS,11,37440.0
TXN002441,ACC0461,M005,FitFuel,Health,1588,NetBanking,2026-09-18 11:37:30,SUCCESS,11,8640.0
TXN002442,ACC0461,M001,TechKart,Electronics,3735,Card,2026-10-04 11:37:30,SUCCESS,11,23040.0
TXN002443,ACC0462,M001,TechKart,Electronics,4189,Card,2026-08-25 11:37:30,SUCCESS,11,
TXN002444,ACC0462,M002,StyleHub,Fashion,1419,Wallet,2026-09-07 11:37:30,SUCCESS,11,18720.0
TXN002445,ACC0462,M002,StyleHub,Fashion,1142,UPI,2026-09-22 11:37:30,SUCCESS,11,21600.0
TXN002446,ACC0462,M001,TechKart,Electronics,3518,UPI,2026-09-21 11:37:30,SUCCESS,11,-1440.0
TXN002447,ACC0462,M005,FitFuel,Health,1886,NetBanking,2026-09-26 11:37:30,SUCCESS,11,7200.0
TXN002448,ACC0462,M004,HomeNest,Furniture,3134,NetBanking,2026-10-04 11:37:30,SUCCESS,11,11520.0
TXN002449,ACC0462,M001,TechKart,Electronics,3349,UPI,2026-09-18 11:37:30,SUCCESS,11,-23040.0
TXN002450,ACC0462,M004,HomeNest,Furniture,9201,UPI,2026-11-24 11:37:30,SUCCESS,11,96480.0
TXN002451,ACC0463,M004,HomeNest,Furniture,3643,UPI,2026-08-11 11:37:30,SUCCESS,11,
TXN002452,ACC0463,M001,TechKart,Electronics,3582,UPI,2026-08-23 11:37:30,SUCCESS,11,17280.0
TXN002453,ACC0464,M001,TechKart,Electronics,1298,Wallet,2026-06-28 11:37:30,SUCCESS,11,
TXN002454,ACC0464,M003,FreshMart,Grocery,345,UPI,2026-06-30 11:37:30,SUCCESS,11,2880.0
TXN002455,ACC0465,M003,FreshMart,Grocery,937,UPI,2026-09-02 11:37:30,SUCCESS,11,
TXN002456,ACC0465,M005,FitFuel,Health,1835,NetBanking,2026-09-16 11:37:30,SUCCESS,11,20160.0
TXN002457,ACC0465,M002,StyleHub,Fashion,2440,UPI,2026-09-10 11:37:30,SUCCESS,11,-8640.0
TXN002458,ACC0465,M003,FreshMart,Grocery,348,NetBanking,2026-09-17 11:37:30,SUCCESS,11,10080.0
TXN002459,ACC0465,M005,FitFuel,Health,1832,Card,2026-09-18 11:37:30,SUCCESS,11,1440.0
TXN002460,ACC0465,M002,StyleHub,Fashion,2478,UPI,2026-10-17 11:37:30,SUCCESS,11,41760.0
TXN002461,ACC0466,M005,FitFuel,Health,458,Wallet,2026-07-09 11:37:30,SUCCESS,11,
TXN002462,ACC0466,M001,TechKart,Electronics,3353,Wallet,2026-07-23 11:37:30,SUCCESS,11,20160.0
TXN002463,ACC0466,M003,FreshMart,Grocery,519,Card,2026-07-15 11:37:30,SUCCESS,11,-11520.0
TXN002464,ACC0466,M001,TechKart,Electronics,4876,UPI,2026-07-21 11:37:30,SUCCESS,11,8640.0
TXN002465,ACC0466,M005,FitFuel,Health,1681,Wallet,2026-07-25 11:37:30,SUCCESS,11,5760.0
TXN002466,ACC0466,M005,FitFuel,Health,1892,Card,2026-09-07 11:37:30,SUCCESS,11,63360.0
TXN002467,ACC0466,M005,FitFuel,Health,568,UPI,2026-07-27 11:37:30,SUCCESS,11,-60480.0
TXN002468,ACC0466,M002,StyleHub,Fashion,1380,Wallet,2026-08-27 11:37:30,SUCCESS,11,44640.0
TXN002469,ACC0467,M004,HomeNest,Furniture,2340,UPI,2026-08-10 11:37:30,SUCCESS,11,
TXN002470,ACC0467,M005,FitFuel,Health,704,NetBanking,2026-08-19 11:37:30,SUCCESS,11,12960.0
TXN002471,ACC0467,M003,FreshMart,Grocery,1229,Card,2026-08-16 11:37:30,SUCCESS,11,-4320.0
TXN002472,ACC0467,M005,FitFuel,Health,2436,UPI,2026-09-18 11:37:30,SUCCESS,11,47520.0
TXN002473,ACC0467,M002,StyleHub,Fashion,1557,UPI,2026-09-19 11:37:30,SUCCESS,11,1440.0
TXN002474,ACC0468,M004,HomeNest,Furniture,5311,UPI,2026-08-09 11:37:30,SUCCESS,11,
TXN002475,ACC0468,M004,HomeNest,Furniture,2195,UPI,2026-08-12 11:37:30,SUCCESS,11,4320.0
TXN002476,ACC0468,M005,FitFuel,Health,2282,Card,2026-08-23 11:37:30,SUCCESS,11,15840.0
TXN002477,ACC0468,M004,HomeNest,Furniture,8441,Card,2026-08-27 11:37:30,SUCCESS,11,5760.0
TXN002478,ACC0468,M001,TechKart,Electronics,1141,UPI,2026-10-04 11:37:30,SUCCESS,11,54720.0
TXN002479,ACC0469,M005,FitFuel,Health,1010,Card,2026-07-26 11:37:30,SUCCESS,11,
TXN002480,ACC0469,M001,TechKart,Electronics,1029,UPI,2026-08-08 11:37:30,SUCCESS,11,18720.0
TXN002481,ACC0470,M003,FreshMart,Grocery,1251,UPI,2026-07-16 11:37:30,SUCCESS,11,
TXN002482,ACC0470,M004,HomeNest,Furniture,8050,UPI,2026-07-31 11:37:30,SUCCESS,11,21600.0
TXN002483,ACC0470,M002,StyleHub,Fashion,2483,UPI,2026-08-15 11:37:30,SUCCESS,11,21600.0
TXN002484,ACC0470,M001,TechKart,Electronics,2557,UPI,2026-08-24 11:37:30,SUCCESS,11,12960.0
TXN002485,ACC0471,M003,FreshMart,Grocery,299,Card,2026-08-06 11:37:30,SUCCESS,11,
TXN002486,ACC0471,M002,StyleHub,Fashion,463,UPI,2026-08-15 11:37:30,SUCCESS,11,12960.0
TXN002487,ACC0471,M002,StyleHub,Fashion,876,Wallet,2026-08-22 11:37:30,SUCCESS,11,10080.0
TXN002488,ACC0472,M003,FreshMart,Grocery,512,Wallet,2026-08-04 11:37:30,SUCCESS,11,
TXN002489,ACC0472,M002,StyleHub,Fashion,1922,Wallet,2026-08-19 11:37:30,SUCCESS,11,21600.0
TXN002490,ACC0473,M002,StyleHub,Fashion,1408,Card,2026-08-29 11:37:30,SUCCESS,11,
TXN002491,ACC0473,M004,HomeNest,Furniture,7573,Card,2026-09-04 11:37:30,SUCCESS,11,8640.0
TXN002492,ACC0473,M003,FreshMart,Grocery,569,Wallet,2026-09-28 11:37:30,SUCCESS,11,34560.0
TXN002493,ACC0473,M003,FreshMart,Grocery,988,Card,2026-10-04 11:37:30,SUCCESS,11,8640.0
TXN002494,ACC0473,M004,HomeNest,Furniture,5089,UPI,2026-09-30 11:37:30,SUCCESS,11,-5760.0
TXN002495,ACC0474,M005,FitFuel,Health,342,Card,2026-07-03 11:37:30,SUCCESS,11,
TXN002496,ACC0474,M001,TechKart,Electronics,4479,UPI,2026-07-11 11:37:30,SUCCESS,11,11520.0
TXN002497,ACC0474,M002,StyleHub,Fashion,688,Card,2026-07-29 11:37:30,SUCCESS,11,25920.0
TXN002498,ACC0475,M004,HomeNest,Furniture,2544,UPI,2026-08-14 11:37:30,SUCCESS,11,
TXN002499,ACC0475,M002,StyleHub,Fashion,1450,Wallet,2026-08-21 11:37:30,SUCCESS,11,10080.0
TXN002500,ACC0476,M003,FreshMart,Grocery,1248,UPI,2026-06-07 11:37:30,SUCCESS,11,
TXN002501,ACC0476,M005,FitFuel,Health,1371,UPI,2026-06-22 11:37:30,SUCCESS,11,21600.0
TXN002502,ACC0476,M004,HomeNest,Furniture,8741,NetBanking,2026-06-13 11:37:30,SUCCESS,11,-12960.0
TXN002503,ACC0476,M001,TechKart,Electronics,4879,UPI,2026-06-22 11:37:30,SUCCESS,11,12960.0
TXN002504,ACC0476,M001,TechKart,Electronics,4641,UPI,2026-07-17 11:37:30,SUCCESS,11,36000.0
TXN002505,ACC0476,M002,StyleHub,Fashion,555,NetBanking,2026-06-22 11:37:30,SUCCESS,11,-36000.0
TXN002506,ACC0476,M001,TechKart,Electronics,1352,UPI,2026-07-01 11:37:30,SUCCESS,11,12960.0
TXN002507,ACC0477,M002,StyleHub,Fashion,2210,Card,2026-07-18 11:37:30,SUCCESS,11,
TXN002508,ACC0477,M005,FitFuel,Health,1074,Card,2026-07-20 11:37:30,SUCCESS,11,2880.0
TXN002509,ACC0477,M003,FreshMart,Grocery,239,Card,2026-08-13 11:37:30,SUCCESS,11,34560.0
TXN002510,ACC0477,M003,FreshMart,Grocery,663,Wallet,2026-07-30 11:37:30,SUCCESS,11,-20160.0
TXN002511,ACC0477,M004,HomeNest,Furniture,3643,Wallet,2026-08-15 11:37:30,SUCCESS,11,23040.0
TXN002512,ACC0477,M004,HomeNest,Furniture,5113,UPI,2026-07-28 11:37:30,SUCCESS,11,-25920.0
TXN002513,ACC0478,M002,StyleHub,Fashion,1153,Card,2026-07-01 11:37:30,SUCCESS,11,
TXN002514,ACC0478,M004,HomeNest,Furniture,2207,NetBanking,2026-07-08 11:37:30,SUCCESS,11,10080.0
TXN002515,ACC0478,M002,StyleHub,Fashion,1578,Card,2026-07-07 11:37:30,SUCCESS,11,-1440.0
TXN002516,ACC0478,M005,FitFuel,Health,1600,UPI,2026-07-13 11:37:30,SUCCESS,11,8640.0
TXN002517,ACC0479,M005,FitFuel,Health,2488,UPI,2026-08-26 11:37:30,SUCCESS,11,
TXN002518,ACC0479,M002,StyleHub,Fashion,1717,UPI,2026-09-08 11:37:30,SUCCESS,11,18720.0
TXN002519,ACC0479,M001,TechKart,Electronics,2714,UPI,2026-09-03 11:37:30,SUCCESS,11,-7200.0
TXN002520,ACC0479,M005,FitFuel,Health,539,NetBanking,2026-09-01 11:37:30,SUCCESS,11,-2880.0
TXN002521,ACC0479,M005,FitFuel,Health,790,NetBanking,2026-10-21 11:37:30,SUCCESS,11,72000.0
TXN002522,ACC0479,M001,TechKart,Electronics,1405,UPI,2026-11-04 11:37:30,SUCCESS,11,20160.0
TXN002523,ACC0479,M004,HomeNest,Furniture,9677,Card,2026-11-24 11:37:30,SUCCESS,11,28800.0
TXN002524,ACC0480,M005,FitFuel,Health,1884,UPI,2026-07-29 11:37:30,SUCCESS,11,
TXN002525,ACC0480,M002,StyleHub,Fashion,2409,Card,2026-08-11 11:37:30,SUCCESS,11,18720.0
TXN002526,ACC0480,M004,HomeNest,Furniture,5925,Wallet,2026-08-12 11:37:30,SUCCESS,11,1440.0
TXN002527,ACC0480,M004,HomeNest,Furniture,6394,NetBanking,2026-08-10 11:37:30,SUCCESS,11,-2880.0
TXN002528,ACC0480,M002,StyleHub,Fashion,1574,Card,2026-08-18 11:37:30,SUCCESS,11,11520.0
TXN002529,ACC0481,M002,StyleHub,Fashion,1907,Card,2026-07-16 11:37:30,SUCCESS,11,
TXN002530,ACC0481,M003,FreshMart,Grocery,444,UPI,2026-07-24 11:37:30,SUCCESS,11,11520.0
TXN002531,ACC0481,M005,FitFuel,Health,1229,Wallet,2026-08-01 11:37:30,SUCCESS,11,11520.0
TXN002532,ACC0482,M002,StyleHub,Fashion,2062,UPI,2026-06-15 11:37:30,SUCCESS,11,
TXN002533,ACC0482,M004,HomeNest,Furniture,8008,UPI,2026-06-23 11:37:30,SUCCESS,11,11520.0
TXN002534,ACC0482,M004,HomeNest,Furniture,4978,UPI,2026-07-01 11:37:30,SUCCESS,11,11520.0
TXN002535,ACC0483,M005,FitFuel,Health,1143,UPI,2026-07-14 11:37:30,SUCCESS,11,
TXN002536,ACC0483,M002,StyleHub,Fashion,1197,Wallet,2026-07-27 11:37:30,SUCCESS,11,18720.0
TXN002537,ACC0483,M005,FitFuel,Health,1788,Wallet,2026-08-09 11:37:30,SUCCESS,11,18720.0
TXN002538,ACC0483,M004,HomeNest,Furniture,5070,Card,2026-08-13 11:37:30,SUCCESS,11,5760.0
TXN002539,ACC0483,M004,HomeNest,Furniture,3157,UPI,2026-08-03 11:37:30,SUCCESS,11,-14400.0
TXN002540,ACC0483,M004,HomeNest,Furniture,4460,Wallet,2026-09-02 11:37:30,SUCCESS,11,43200.0
TXN002541,ACC0483,M005,FitFuel,Health,1988,UPI,2026-10-06 11:37:30,SUCCESS,11,48960.0
TXN002542,ACC0484,M002,StyleHub,Fashion,1974,Wallet,2026-07-22 11:37:30,SUCCESS,11,
TXN002543,ACC0484,M002,StyleHub,Fashion,2214,UPI,2026-07-30 11:37:30,SUCCESS,11,11520.0
TXN002544,ACC0484,M004,HomeNest,Furniture,6648,Card,2026-08-01 11:37:30,SUCCESS,11,2880.0
TXN002545,ACC0485,M002,StyleHub,Fashion,2046,Card,2026-06-08 11:37:30,SUCCESS,11,
TXN002546,ACC0485,M002,StyleHub,Fashion,1017,UPI,2026-06-22 11:37:30,SUCCESS,11,20160.0
TXN002547,ACC0485,M002,StyleHub,Fashion,934,Card,2026-06-26 11:37:30,SUCCESS,11,5760.0
TXN002548,ACC0485,M003,FreshMart,Grocery,1400,Wallet,2026-07-05 11:37:30,SUCCESS,11,12960.0
TXN002549,ACC0486,M001,TechKart,Electronics,1595,Card,2026-06-28 11:37:30,SUCCESS,11,
TXN002550,ACC0486,M001,TechKart,Electronics,871,Wallet,2026-07-01 11:37:30,SUCCESS,11,4320.0
TXN002551,ACC0486,M001,TechKart,Electronics,3515,NetBanking,2026-07-28 11:37:30,SUCCESS,11,38880.0
TXN002552,ACC0486,M003,FreshMart,Grocery,565,Card,2026-07-19 11:37:30,SUCCESS,11,-12960.0
TXN002553,ACC0486,M003,FreshMart,Grocery,285,UPI,2026-07-18 11:37:30,SUCCESS,11,-1440.0
TXN002554,ACC0486,M005,FitFuel,Health,2129,UPI,2026-08-02 11:37:30,SUCCESS,11,21600.0
TXN002555,ACC0487,M003,FreshMart,Grocery,357,NetBanking,2026-08-12 11:37:30,SUCCESS,11,
TXN002556,ACC0487,M002,StyleHub,Fashion,1068,UPI,2026-08-16 11:37:30,SUCCESS,11,5760.0
TXN002557,ACC0487,M005,FitFuel,Health,1978,UPI,2026-09-01 11:37:30,SUCCESS,11,23040.0
TXN002558,ACC0487,M004,HomeNest,Furniture,7733,Wallet,2026-09-11 11:37:30,SUCCESS,11,14400.0
TXN002559,ACC0487,M002,StyleHub,Fashion,864,Card,2026-10-03 11:37:30,SUCCESS,11,31680.0
TXN002560,ACC0487,M004,HomeNest,Furniture,2795,Card,2026-09-01 11:37:30,SUCCESS,11,-46080.0
TXN002561,ACC0487,M004,HomeNest,Furniture,5873,UPI,2026-09-05 11:37:30,SUCCESS,11,5760.0
TXN002562,ACC0488,M003,FreshMart,Grocery,1053,Card,2026-09-01 11:37:30,SUCCESS,11,
TXN002563,ACC0488,M004,HomeNest,Furniture,9323,UPI,2026-09-05 11:37:30,SUCCESS,11,5760.0
TXN002564,ACC0488,M005,FitFuel,Health,1708,NetBanking,2026-09-19 11:37:30,SUCCESS,11,20160.0
TXN002565,ACC0489,M002,StyleHub,Fashion,952,Card,2026-07-18 11:37:30,SUCCESS,11,
TXN002566,ACC0489,M004,HomeNest,Furniture,9510,UPI,2026-07-30 11:37:30,SUCCESS,11,17280.0
TXN002567,ACC0490,M003,FreshMart,Grocery,748,Card,2026-06-10 11:37:30,SUCCESS,11,
TXN002568,ACC0490,M001,TechKart,Electronics,3705,Card,2026-06-24 11:37:30,SUCCESS,11,20160.0
TXN002569,ACC0490,M004,HomeNest,Furniture,2130,Card,2026-07-08 11:37:30,SUCCESS,11,20160.0
TXN002570,ACC0490,M004,HomeNest,Furniture,3384,UPI,2026-07-13 11:37:30,SUCCESS,11,7200.0
TXN002571,ACC0490,M002,StyleHub,Fashion,1547,Wallet,2026-07-04 11:37:30,SUCCESS,11,-12960.0
TXN002572,ACC0490,M004,HomeNest,Furniture,4609,Wallet,2026-06-20 11:37:30,SUCCESS,11,-20160.0
TXN002573,ACC0490,M002,StyleHub,Fashion,1655,UPI,2026-06-22 11:37:30,SUCCESS,11,2880.0
TXN002574,ACC0490,M003,FreshMart,Grocery,232,UPI,2026-08-05 11:37:30,SUCCESS,11,63360.0
TXN002575,ACC0491,M001,TechKart,Electronics,3527,Card,2026-06-11 11:37:30,SUCCESS,11,
TXN002576,ACC0491,M005,FitFuel,Health,343,Card,2026-06-15 11:37:30,SUCCESS,11,5760.0
TXN002577,ACC0491,M003,FreshMart,Grocery,929,UPI,2026-06-15 11:37:30,SUCCESS,11,0.0
TXN002578,ACC0491,M004,HomeNest,Furniture,5181,UPI,2026-07-08 11:37:30,SUCCESS,11,33120.0
TXN002579,ACC0491,M003,FreshMart,Grocery,918,UPI,2026-07-29 11:37:30,SUCCESS,11,30240.0
TXN002580,ACC0491,M005,FitFuel,Health,2038,UPI,2026-08-20 11:37:30,SUCCESS,11,31680.0
TXN002581,ACC0491,M002,StyleHub,Fashion,1818,Card,2026-07-23 11:37:30,SUCCESS,11,-40320.0
TXN002582,ACC0491,M002,StyleHub,Fashion,2402,UPI,2026-08-20 11:37:30,SUCCESS,11,40320.0
TXN002583,ACC0492,M001,TechKart,Electronics,3410,NetBanking,2026-07-08 11:37:30,SUCCESS,11,
TXN002584,ACC0492,M001,TechKart,Electronics,1852,NetBanking,2026-07-11 11:37:30,SUCCESS,11,4320.0
TXN002585,ACC0493,M002,StyleHub,Fashion,1929,UPI,2026-08-03 11:37:30,SUCCESS,11,
TXN002586,ACC0493,M002,StyleHub,Fashion,757,NetBanking,2026-08-14 11:37:30,SUCCESS,11,15840.0
TXN002587,ACC0494,M003,FreshMart,Grocery,1414,UPI,2026-09-02 11:37:30,SUCCESS,11,
TXN002588,ACC0494,M004,HomeNest,Furniture,7169,NetBanking,2026-09-13 11:37:30,SUCCESS,11,15840.0
TXN002589,ACC0495,M005,FitFuel,Health,799,UPI,2026-06-10 11:37:30,SUCCESS,11,
TXN002590,ACC0495,M002,StyleHub,Fashion,732,UPI,2026-06-14 11:37:30,SUCCESS,11,5760.0
TXN002591,ACC0495,M001,TechKart,Electronics,831,UPI,2026-07-06 11:37:30,SUCCESS,11,31680.0
TXN002592,ACC0495,M002,StyleHub,Fashion,1261,UPI,2026-07-16 11:37:30,SUCCESS,11,14400.0
TXN002593,ACC0495,M004,HomeNest,Furniture,4624,Card,2026-06-22 11:37:30,SUCCESS,11,-34560.0
TXN002594,ACC0495,M004,HomeNest,Furniture,8697,UPI,2026-07-05 11:37:30,SUCCESS,11,18720.0
TXN002595,ACC0495,M005,FitFuel,Health,1062,UPI,2026-08-03 11:37:30,SUCCESS,11,41760.0
TXN002596,ACC0495,M005,FitFuel,Health,550,UPI,2026-09-09 11:37:30,SUCCESS,11,53280.0
TXN002597,ACC0496,M002,StyleHub,Fashion,1209,UPI,2026-09-03 11:37:30,SUCCESS,11,
TXN002598,ACC0496,M005,FitFuel,Health,1075,Card,2026-09-13 11:37:30,SUCCESS,11,14400.0
TXN002599,ACC0496,M001,TechKart,Electronics,2341,UPI,2026-09-29 11:37:30,SUCCESS,11,23040.0
TXN002600,ACC0496,M002,StyleHub,Fashion,1065,UPI,2026-09-24 11:37:30,SUCCESS,11,-7200.0
TXN002601,ACC0496,M005,FitFuel,Health,1515,Card,2026-11-02 11:37:30,SUCCESS,11,56160.0
TXN002602,ACC0496,M003,FreshMart,Grocery,596,UPI,2026-10-23 11:37:30,SUCCESS,11,-14400.0
TXN002603,ACC0497,M002,StyleHub,Fashion,428,Card,2026-07-21 11:37:30,SUCCESS,11,
TXN002604,ACC0497,M003,FreshMart,Grocery,726,Card,2026-08-02 11:37:30,SUCCESS,11,17280.0
TXN002605,ACC0497,M001,TechKart,Electronics,1314,UPI,2026-07-27 11:37:30,SUCCESS,11,-8640.0
TXN002606,ACC0497,M001,TechKart,Electronics,4323,UPI,2026-08-29 11:37:30,SUCCESS,11,47520.0
TXN002607,ACC0497,M004,HomeNest,Furniture,2098,Wallet,2026-09-15 11:37:30,SUCCESS,11,24480.0
TXN002608,ACC0497,M001,TechKart,Electronics,3408,Card,2026-09-19 11:37:30,SUCCESS,11,5760.0
TXN002609,ACC0497,M005,FitFuel,Health,569,Card,2026-09-01 11:37:30,SUCCESS,11,-25920.0
TXN002610,ACC0497,M003,FreshMart,Grocery,1073,UPI,2026-10-20 11:37:30,SUCCESS,11,70560.0
TXN002611,ACC0498,M004,HomeNest,Furniture,4459,Card,2026-07-04 11:37:30,SUCCESS,11,
TXN002612,ACC0498,M005,FitFuel,Health,1079,UPI,2026-07-11 11:37:30,SUCCESS,11,10080.0
TXN002613,ACC0498,M001,TechKart,Electronics,3690,UPI,2026-07-12 11:37:30,SUCCESS,11,1440.0
TXN002614,ACC0498,M003,FreshMart,Grocery,975,UPI,2026-07-31 11:37:30,SUCCESS,11,27360.0
TXN002615,ACC0498,M004,HomeNest,Furniture,3250,UPI,2026-08-09 11:37:30,SUCCESS,11,12960.0
TXN002616,ACC0498,M004,HomeNest,Furniture,5437,Wallet,2026-09-12 11:37:30,SUCCESS,11,48960.0
TXN002617,ACC0498,M002,StyleHub,Fashion,1697,UPI,2026-10-02 11:37:30,SUCCESS,11,28800.0
TXN002618,ACC0498,M002,StyleHub,Fashion,2036,UPI,2026-10-17 11:37:30,SUCCESS,11,21600.0
TXN002619,ACC0499,M002,StyleHub,Fashion,1153,UPI,2026-06-11 11:37:30,SUCCESS,11,
TXN002620,ACC0499,M004,HomeNest,Furniture,5868,UPI,2026-06-13 11:37:30,SUCCESS,11,2880.0
TXN002621,ACC0499,M002,StyleHub,Fashion,488,UPI,2026-06-25 11:37:30,SUCCESS,11,17280.0
TXN002622,ACC0499,M003,FreshMart,Grocery,1275,UPI,2026-06-23 11:37:30,SUCCESS,11,-2880.0
TXN002623,ACC0499,M004,HomeNest,Furniture,6971,Card,2026-07-01 11:37:30,SUCCESS,11,11520.0
TXN002624,ACC0500,M002,StyleHub,Fashion,2396,Wallet,2026-07-10 11:37:30,SUCCESS,11,
TXN002625,ACC0500,M003,FreshMart,Grocery,367,UPI,2026-07-12 11:37:30,SUCCESS,11,2880.0
TXN002626,ACC0500,M004,HomeNest,Furniture,6979,UPI,2026-07-24 11:37:30,SUCCESS,11,17280.0
TXN002627,ACC0500,M005,FitFuel,Health,2324,NetBanking,2026-07-25 11:37:30,SUCCESS,11,1440.0
TXN002628,ACC0500,M004,HomeNest,Furniture,2106,Wallet,2026-08-11 11:37:30,SUCCESS,11,24480.0
TXN002629,ACC0501,M003,FreshMart,Grocery,1416,UPI,2026-08-14 11:37:30,SUCCESS,11,
TXN002630,ACC0501,M005,FitFuel,Health,830,UPI,2026-08-17 11:37:30,SUCCESS,11,4320.0
TXN002631,ACC0501,M003,FreshMart,Grocery,412,UPI,2026-08-28 11:37:30,SUCCESS,11,15840.0
TXN002632,ACC0501,M001,TechKart,Electronics,945,UPI,2026-09-10 11:37:30,SUCCESS,11,18720.0
TXN002633,ACC0501,M002,StyleHub,Fashion,1257,Wallet,2026-09-15 11:37:30,SUCCESS,11,7200.0
TXN002634,ACC0501,M002,StyleHub,Fashion,1680,Card,2026-10-18 11:37:30,SUCCESS,11,47520.0
TXN002635,ACC0501,M003,FreshMart,Grocery,1286,UPI,2026-10-07 11:37:30,SUCCESS,11,-15840.0
TXN002636,ACC0502,M002,StyleHub,Fashion,920,Wallet,2026-07-23 11:37:30,SUCCESS,11,
TXN002637,ACC0502,M005,FitFuel,Health,1237,Card,2026-08-06 11:37:30,SUCCESS,11,20160.0
TXN002638,ACC0502,M002,StyleHub,Fashion,1420,UPI,2026-08-14 11:37:30,SUCCESS,11,11520.0
TXN002639,ACC0502,M001,TechKart,Electronics,3367,UPI,2026-08-19 11:37:30,SUCCESS,11,7200.0
TXN002640,ACC0502,M004,HomeNest,Furniture,8145,UPI,2026-08-04 11:37:30,SUCCESS,11,-21600.0
TXN002641,ACC0502,M001,TechKart,Electronics,4821,UPI,2026-08-27 11:37:30,SUCCESS,11,33120.0
TXN002642,ACC0502,M003,FreshMart,Grocery,287,UPI,2026-10-09 11:37:30,SUCCESS,11,61920.0
TXN002643,ACC0502,M002,StyleHub,Fashion,1531,Card,2026-10-29 11:37:30,SUCCESS,11,28800.0
TXN002644,ACC0503,M002,StyleHub,Fashion,1314,Card,2026-08-27 11:37:30,SUCCESS,11,
TXN002645,ACC0503,M003,FreshMart,Grocery,1421,UPI,2026-09-03 11:37:30,SUCCESS,11,10080.0
TXN002646,ACC0503,M003,FreshMart,Grocery,805,UPI,2026-09-04 11:37:30,SUCCESS,11,1440.0
TXN002647,ACC0503,M005,FitFuel,Health,2496,UPI,2026-09-17 11:37:30,SUCCESS,11,18720.0
TXN002648,ACC0504,M005,FitFuel,Health,793,UPI,2026-06-13 11:37:30,SUCCESS,11,
TXN002649,ACC0504,M002,StyleHub,Fashion,2464,UPI,2026-06-15 11:37:30,SUCCESS,11,2880.0
TXN002650,ACC0504,M004,HomeNest,Furniture,5465,Card,2026-07-11 11:37:30,SUCCESS,11,37440.0
TXN002651,ACC0504,M001,TechKart,Electronics,3242,UPI,2026-07-28 11:37:30,SUCCESS,11,24480.0
TXN002652,ACC0504,M003,FreshMart,Grocery,201,UPI,2026-06-29 11:37:30,SUCCESS,11,-41760.0
TXN002653,ACC0504,M004,HomeNest,Furniture,2644,UPI,2026-08-12 11:37:30,SUCCESS,11,63360.0
TXN002654,ACC0504,M002,StyleHub,Fashion,2229,Card,2026-09-05 11:37:30,SUCCESS,11,34560.0
TXN002655,ACC0504,M002,StyleHub,Fashion,2219,Card,2026-08-22 11:37:30,SUCCESS,11,-20160.0
TXN002656,ACC0505,M003,FreshMart,Grocery,555,Card,2026-07-30 11:37:30,SUCCESS,11,
TXN002657,ACC0505,M003,FreshMart,Grocery,483,Card,2026-08-08 11:37:30,SUCCESS,11,12960.0
TXN002658,ACC0506,M001,TechKart,Electronics,3474,Card,2026-09-01 11:37:30,SUCCESS,11,
TXN002659,ACC0506,M002,StyleHub,Fashion,1691,NetBanking,2026-09-08 11:37:30,SUCCESS,11,10080.0
TXN002660,ACC0506,M005,FitFuel,Health,404,Card,2026-09-17 11:37:30,SUCCESS,11,12960.0
TXN002661,ACC0506,M003,FreshMart,Grocery,960,UPI,2026-10-07 11:37:30,SUCCESS,11,28800.0
TXN002662,ACC0507,M003,FreshMart,Grocery,813,Card,2026-08-30 11:37:30,SUCCESS,11,
TXN002663,ACC0507,M001,TechKart,Electronics,4991,UPI,2026-09-10 11:37:30,SUCCESS,11,15840.0
TXN002664,ACC0507,M002,StyleHub,Fashion,2434,UPI,2026-09-25 11:37:30,SUCCESS,11,21600.0
TXN002665,ACC0507,M002,StyleHub,Fashion,1020,UPI,2026-09-08 11:37:30,SUCCESS,11,-24480.0
TXN002666,ACC0507,M002,StyleHub,Fashion,776,Card,2026-09-15 11:37:30,SUCCESS,11,10080.0
TXN002667,ACC0507,M003,FreshMart,Grocery,316,UPI,2026-10-04 11:37:30,SUCCESS,11,27360.0
TXN002668,ACC0508,M004,HomeNest,Furniture,6465,UPI,2026-08-26 11:37:30,SUCCESS,11,
TXN002669,ACC0508,M004,HomeNest,Furniture,7690,UPI,2026-09-03 11:37:30,SUCCESS,11,11520.0
TXN002670,ACC0508,M001,TechKart,Electronics,2497,UPI,2026-09-25 11:37:30,SUCCESS,11,31680.0
TXN002671,ACC0508,M003,FreshMart,Grocery,615,UPI,2026-09-04 11:37:30,SUCCESS,11,-30240.0
TXN002672,ACC0508,M005,FitFuel,Health,399,UPI,2026-10-13 11:37:30,SUCCESS,11,56160.0
TXN002673,ACC0508,M002,StyleHub,Fashion,2360,UPI,2026-11-09 11:37:30,SUCCESS,11,38880.0
TXN002674,ACC0508,M002,StyleHub,Fashion,1025,Wallet,2026-09-25 11:37:30,SUCCESS,11,-64800.0
TXN002675,ACC0508,M005,FitFuel,Health,1608,UPI,2026-09-23 11:37:30,SUCCESS,11,-2880.0
TXN002676,ACC0509,M004,HomeNest,Furniture,2157,UPI,2026-06-14 11:37:30,SUCCESS,11,
TXN002677,ACC0509,M004,HomeNest,Furniture,2192,Card,2026-06-20 11:37:30,SUCCESS,11,8640.0
TXN002678,ACC0509,M004,HomeNest,Furniture,6505,UPI,2026-07-10 11:37:30,SUCCESS,11,28800.0
TXN002679,ACC0509,M005,FitFuel,Health,447,UPI,2026-06-29 11:37:30,SUCCESS,11,-15840.0
TXN002680,ACC0509,M004,HomeNest,Furniture,2058,UPI,2026-07-28 11:37:30,SUCCESS,11,41760.0
TXN002681,ACC0509,M005,FitFuel,Health,1807,UPI,2026-06-29 11:37:30,SUCCESS,11,-41760.0
TXN002682,ACC0509,M002,StyleHub,Fashion,2026,UPI,2026-09-12 11:37:30,SUCCESS,11,108000.0
TXN002683,ACC0509,M001,TechKart,Electronics,3105,UPI,2026-08-23 11:37:30,SUCCESS,11,-28800.0
TXN002684,ACC0510,M002,StyleHub,Fashion,1225,Card,2026-06-30 11:37:30,SUCCESS,11,
TXN002685,ACC0510,M003,FreshMart,Grocery,550,UPI,2026-07-06 11:37:30,SUCCESS,11,8640.0
TXN002686,ACC0510,M004,HomeNest,Furniture,2976,Card,2026-07-12 11:37:30,SUCCESS,11,8640.0
TXN002687,ACC0510,M001,TechKart,Electronics,4449,Card,2026-07-27 11:37:30,SUCCESS,11,21600.0
TXN002688,ACC0511,M004,HomeNest,Furniture,3676,UPI,2026-06-10 11:37:30,SUCCESS,11,
TXN002689,ACC0511,M004,HomeNest,Furniture,8591,UPI,2026-06-12 11:37:30,SUCCESS,11,2880.0
TXN002690,ACC0511,M002,StyleHub,Fashion,1219,Card,2026-07-10 11:37:30,SUCCESS,11,40320.0
TXN002691,ACC0511,M003,FreshMart,Grocery,588,NetBanking,2026-07-19 11:37:30,SUCCESS,11,12960.0
TXN002692,ACC0511,M003,FreshMart,Grocery,889,UPI,2026-08-09 11:37:30,SUCCESS,11,30240.0
TXN002693,ACC0511,M002,StyleHub,Fashion,1433,UPI,2026-08-09 11:37:30,SUCCESS,11,0.0
TXN002694,ACC0511,M003,FreshMart,Grocery,175,UPI,2026-06-22 11:37:30,SUCCESS,11,-69120.0
TXN002695,ACC0512,M004,HomeNest,Furniture,9756,Card,2026-07-23 11:37:30,SUCCESS,11,
TXN002696,ACC0512,M003,FreshMart,Grocery,1087,Wallet,2026-08-05 11:37:30,SUCCESS,11,18720.0
TXN002697,ACC0512,M002,StyleHub,Fashion,2413,UPI,2026-08-14 11:37:30,SUCCESS,11,12960.0
TXN002698,ACC0513,M002,StyleHub,Fashion,718,Card,2026-07-29 11:37:30,SUCCESS,11,
TXN002699,ACC0513,M001,TechKart,Electronics,1209,NetBanking,2026-07-31 11:37:30,SUCCESS,11,2880.0
TXN002700,ACC0513,M001,TechKart,Electronics,3285,UPI,2026-08-10 11:37:30,SUCCESS,11,14400.0
TXN002701,ACC0513,M005,FitFuel,Health,953,UPI,2026-09-06 11:37:30,SUCCESS,11,38880.0
TXN002702,ACC0513,M002,StyleHub,Fashion,1181,Wallet,2026-08-26 11:37:30,SUCCESS,11,-15840.0
TXN002703,ACC0513,M003,FreshMart,Grocery,305,UPI,2026-10-02 11:37:30,SUCCESS,11,53280.0
TXN002704,ACC0514,M001,TechKart,Electronics,1783,UPI,2026-09-01 11:37:30,SUCCESS,11,
TXN002705,ACC0514,M004,HomeNest,Furniture,9619,Wallet,2026-09-07 11:37:30,SUCCESS,11,8640.0
TXN002706,ACC0514,M002,StyleHub,Fashion,892,Wallet,2026-09-29 11:37:30,SUCCESS,11,31680.0
TXN002707,ACC0514,M001,TechKart,Electronics,4703,UPI,2026-10-10 11:37:30,SUCCESS,11,15840.0
TXN002708,ACC0514,M001,TechKart,Electronics,2723,UPI,2026-09-13 11:37:30,SUCCESS,11,-38880.0
TXN002709,ACC0514,M005,FitFuel,Health,1418,UPI,2026-10-26 11:37:30,SUCCESS,11,61920.0
TXN002710,ACC0514,M005,FitFuel,Health,2264,UPI,2026-11-18 11:37:30,SUCCESS,11,33120.0
TXN002711,ACC0515,M001,TechKart,Electronics,4056,Card,2026-08-15 11:37:30,SUCCESS,11,
TXN002712,ACC0515,M001,TechKart,Electronics,4874,UPI,2026-08-17 11:37:30,SUCCESS,11,2880.0
TXN002713,ACC0515,M004,HomeNest,Furniture,3433,Wallet,2026-09-02 11:37:30,SUCCESS,11,23040.0
TXN002714,ACC0515,M001,TechKart,Electronics,1316,Wallet,2026-09-17 11:37:30,SUCCESS,11,21600.0
TXN002715,ACC0515,M003,FreshMart,Grocery,1131,UPI,2026-09-08 11:37:30,SUCCESS,11,-12960.0
TXN002716,ACC0515,M001,TechKart,Electronics,3027,Wallet,2026-09-14 11:37:30,SUCCESS,11,8640.0
TXN002717,ACC0515,M002,StyleHub,Fashion,2234,NetBanking,2026-09-14 11:37:30,SUCCESS,11,0.0
TXN002718,ACC0516,M005,FitFuel,Health,2083,Card,2026-08-29 11:37:30,SUCCESS,11,
TXN002719,ACC0516,M004,HomeNest,Furniture,8487,UPI,2026-09-11 11:37:30,SUCCESS,11,18720.0
TXN002720,ACC0516,M001,TechKart,Electronics,3147,UPI,2026-09-28 11:37:30,SUCCESS,11,24480.0
TXN002721,ACC0516,M003,FreshMart,Grocery,1084,NetBanking,2026-10-01 11:37:30,SUCCESS,11,4320.0
TXN002722,ACC0516,M002,StyleHub,Fashion,1928,Card,2026-10-08 11:37:30,SUCCESS,11,10080.0
TXN002723,ACC0516,M005,FitFuel,Health,896,UPI,2026-10-03 11:37:30,SUCCESS,11,-7200.0
TXN002724,ACC0516,M003,FreshMart,Grocery,983,UPI,2026-11-09 11:37:30,SUCCESS,11,53280.0
TXN002725,ACC0517,M003,FreshMart,Grocery,748,UPI,2026-07-18 11:37:30,SUCCESS,11,
TXN002726,ACC0517,M004,HomeNest,Furniture,7535,UPI,2026-07-30 11:37:30,SUCCESS,11,17280.0
TXN002727,ACC0517,M004,HomeNest,Furniture,2708,Card,2026-08-01 11:37:30,SUCCESS,11,2880.0
TXN002728,ACC0517,M003,FreshMart,Grocery,884,Card,2026-07-30 11:37:30,SUCCESS,11,-2880.0
TXN002729,ACC0517,M005,FitFuel,Health,972,NetBanking,2026-08-23 11:37:30,SUCCESS,11,34560.0
TXN002730,ACC0518,M002,StyleHub,Fashion,1799,UPI,2026-07-01 11:37:30,SUCCESS,11,
TXN002731,ACC0518,M002,StyleHub,Fashion,971,Wallet,2026-07-16 11:37:30,SUCCESS,11,21600.0
TXN002732,ACC0518,M002,StyleHub,Fashion,2023,UPI,2026-07-29 11:37:30,SUCCESS,11,18720.0
TXN002733,ACC0518,M001,TechKart,Electronics,4907,UPI,2026-07-25 11:37:30,SUCCESS,11,-5760.0
TXN002734,ACC0519,M001,TechKart,Electronics,2886,Wallet,2026-08-21 11:37:30,SUCCESS,11,
TXN002735,ACC0519,M002,StyleHub,Fashion,1328,Card,2026-09-02 11:37:30,SUCCESS,11,17280.0
TXN002736,ACC0519,M003,FreshMart,Grocery,1151,UPI,2026-09-18 11:37:30,SUCCESS,11,23040.0
TXN002737,ACC0519,M003,FreshMart,Grocery,1273,Wallet,2026-09-29 11:37:30,SUCCESS,11,15840.0
TXN002738,ACC0519,M004,HomeNest,Furniture,3794,Card,2026-09-30 11:37:30,SUCCESS,11,1440.0
TXN002739,ACC0519,M004,HomeNest,Furniture,7634,Card,2026-10-25 11:37:30,SUCCESS,11,36000.0
TXN002740,ACC0520,M004,HomeNest,Furniture,3275,NetBanking,2026-08-06 11:37:30,SUCCESS,11,
TXN002741,ACC0520,M002,StyleHub,Fashion,402,NetBanking,2026-08-20 11:37:30,SUCCESS,11,20160.0
TXN002742,ACC0521,M002,StyleHub,Fashion,695,Card,2026-08-21 11:37:30,SUCCESS,11,
TXN002743,ACC0521,M002,StyleHub,Fashion,2063,UPI,2026-08-27 11:37:30,SUCCESS,11,8640.0
TXN002744,ACC0521,M005,FitFuel,Health,695,Wallet,2026-08-31 11:37:30,SUCCESS,11,5760.0
TXN002745,ACC0521,M001,TechKart,Electronics,932,UPI,2026-09-05 11:37:30,SUCCESS,11,7200.0
TXN002746,ACC0521,M002,StyleHub,Fashion,1160,NetBanking,2026-09-02 11:37:30,SUCCESS,11,-4320.0
TXN002747,ACC0521,M001,TechKart,Electronics,1349,UPI,2026-10-20 11:37:30,SUCCESS,11,69120.0
TXN002748,ACC0522,M004,HomeNest,Furniture,2086,Card,2026-07-11 11:37:30,SUCCESS,11,
TXN002749,ACC0522,M003,FreshMart,Grocery,944,UPI,2026-07-17 11:37:30,SUCCESS,11,8640.0
TXN002750,ACC0523,M005,FitFuel,Health,2259,Card,2026-07-11 11:37:30,SUCCESS,11,
TXN002751,ACC0523,M001,TechKart,Electronics,4825,Wallet,2026-07-22 11:37:30,SUCCESS,11,15840.0
TXN002752,ACC0523,M003,FreshMart,Grocery,869,UPI,2026-07-29 11:37:30,SUCCESS,11,10080.0
TXN002753,ACC0523,M004,HomeNest,Furniture,9054,Card,2026-08-19 11:37:30,SUCCESS,11,30240.0
TXN002754,ACC0524,M001,TechKart,Electronics,4262,Card,2026-06-27 11:37:30,SUCCESS,11,
TXN002755,ACC0524,M003,FreshMart,Grocery,1154,Wallet,2026-07-08 11:37:30,SUCCESS,11,15840.0
TXN002756,ACC0524,M001,TechKart,Electronics,4793,Card,2026-07-13 11:37:30,SUCCESS,11,7200.0
TXN002757,ACC0524,M004,HomeNest,Furniture,4065,UPI,2026-07-06 11:37:30,SUCCESS,11,-10080.0
TXN002758,ACC0524,M002,StyleHub,Fashion,785,UPI,2026-07-09 11:37:30,SUCCESS,11,4320.0
TXN002759,ACC0524,M003,FreshMart,Grocery,644,Card,2026-08-31 11:37:30,SUCCESS,11,76320.0
TXN002760,ACC0524,M001,TechKart,Electronics,3444,UPI,2026-08-20 11:37:30,SUCCESS,11,-15840.0
TXN002761,ACC0524,M004,HomeNest,Furniture,3774,Card,2026-10-03 11:37:30,SUCCESS,11,63360.0
TXN002762,ACC0525,M002,StyleHub,Fashion,515,Wallet,2026-09-02 11:37:30,SUCCESS,11,
TXN002763,ACC0525,M001,TechKart,Electronics,4912,UPI,2026-09-11 11:37:30,SUCCESS,11,12960.0
TXN002764,ACC0526,M004,HomeNest,Furniture,8564,Wallet,2026-06-06 11:37:30,SUCCESS,11,
TXN002765,ACC0526,M001,TechKart,Electronics,2874,Card,2026-06-18 11:37:30,SUCCESS,11,17280.0
TXN002766,ACC0526,M005,FitFuel,Health,2311,UPI,2026-07-02 11:37:30,SUCCESS,11,20160.0
TXN002767,ACC0526,M003,FreshMart,Grocery,483,UPI,2026-07-03 11:37:30,SUCCESS,11,1440.0
TXN002768,ACC0527,M001,TechKart,Electronics,2068,Wallet,2026-07-23 11:37:30,SUCCESS,11,
TXN002769,ACC0527,M002,StyleHub,Fashion,2374,UPI,2026-07-26 11:37:30,SUCCESS,11,4320.0
TXN002770,ACC0527,M004,HomeNest,Furniture,8354,Card,2026-07-27 11:37:30,SUCCESS,11,1440.0
TXN002771,ACC0527,M002,StyleHub,Fashion,1943,UPI,2026-08-28 11:37:30,SUCCESS,11,46080.0
TXN002772,ACC0527,M002,StyleHub,Fashion,1792,NetBanking,2026-08-08 11:37:30,SUCCESS,11,-28800.0
TXN002773,ACC0527,M004,HomeNest,Furniture,3873,Card,2026-09-16 11:37:30,SUCCESS,11,56160.0
TXN002774,ACC0528,M001,TechKart,Electronics,2147,UPI,2026-06-06 11:37:30,SUCCESS,11,
TXN002775,ACC0528,M005,FitFuel,Health,396,UPI,2026-06-19 11:37:30,SUCCESS,11,18720.0
TXN002776,ACC0528,M004,HomeNest,Furniture,2168,Card,2026-06-20 11:37:30,SUCCESS,11,1440.0
TXN002777,ACC0528,M003,FreshMart,Grocery,1450,UPI,2026-07-15 11:37:30,SUCCESS,11,36000.0
TXN002778,ACC0528,M004,HomeNest,Furniture,2274,UPI,2026-07-08 11:37:30,SUCCESS,11,-10080.0
TXN002779,ACC0528,M004,HomeNest,Furniture,2548,UPI,2026-07-26 11:37:30,SUCCESS,11,25920.0
TXN002780,ACC0528,M003,FreshMart,Grocery,1122,UPI,2026-07-12 11:37:30,SUCCESS,11,-20160.0
TXN002781,ACC0528,M002,StyleHub,Fashion,895,UPI,2026-07-11 11:37:30,SUCCESS,11,-1440.0
TXN002782,ACC0529,M002,StyleHub,Fashion,2227,Card,2026-06-22 11:37:30,SUCCESS,11,
TXN002783,ACC0529,M003,FreshMart,Grocery,1291,UPI,2026-07-02 11:37:30,SUCCESS,11,14400.0
TXN002784,ACC0530,M005,FitFuel,Health,1992,UPI,2026-06-11 11:37:30,SUCCESS,11,
TXN002785,ACC0530,M002,StyleHub,Fashion,1229,UPI,2026-06-13 11:37:30,SUCCESS,11,2880.0
TXN002786,ACC0531,M001,TechKart,Electronics,3846,UPI,2026-06-06 11:37:30,SUCCESS,11,
TXN002787,ACC0531,M001,TechKart,Electronics,1723,UPI,2026-06-20 11:37:30,SUCCESS,11,20160.0
TXN002788,ACC0531,M005,FitFuel,Health,2473,UPI,2026-06-18 11:37:30,SUCCESS,11,-2880.0
TXN002789,ACC0532,M002,StyleHub,Fashion,2367,NetBanking,2026-08-17 11:37:30,SUCCESS,11,
TXN002790,ACC0532,M004,HomeNest,Furniture,5918,UPI,2026-08-22 11:37:30,SUCCESS,11,7200.0
TXN002791,ACC0532,M002,StyleHub,Fashion,1988,Card,2026-08-23 11:37:30,SUCCESS,11,1440.0
TXN002792,ACC0532,M005,FitFuel,Health,590,UPI,2026-09-22 11:37:30,SUCCESS,11,43200.0
TXN002793,ACC0532,M005,FitFuel,Health,895,NetBanking,2026-09-02 11:37:30,SUCCESS,11,-28800.0
TXN002794,ACC0532,M004,HomeNest,Furniture,6205,Wallet,2026-09-01 11:37:30,SUCCESS,11,-1440.0
TXN002795,ACC0532,M005,FitFuel,Health,974,UPI,2026-09-04 11:37:30,SUCCESS,11,4320.0
TXN002796,ACC0532,M004,HomeNest,Furniture,8879,Card,2026-11-23 11:37:30,SUCCESS,11,115200.0
TXN002797,ACC0533,M001,TechKart,Electronics,4337,UPI,2026-08-01 11:37:30,SUCCESS,11,
TXN002798,ACC0533,M004,HomeNest,Furniture,2226,UPI,2026-08-08 11:37:30,SUCCESS,11,10080.0
TXN002799,ACC0533,M003,FreshMart,Grocery,950,UPI,2026-08-27 11:37:30,SUCCESS,11,27360.0
TXN002800,ACC0534,M002,StyleHub,Fashion,2363,Card,2026-08-06 11:37:30,SUCCESS,11,
TXN002801,ACC0534,M005,FitFuel,Health,1965,Card,2026-08-20 11:37:30,SUCCESS,11,20160.0
TXN002802,ACC0534,M002,StyleHub,Fashion,1388,Card,2026-09-03 11:37:30,SUCCESS,11,20160.0
TXN002803,ACC0534,M004,HomeNest,Furniture,8333,UPI,2026-08-24 11:37:30,SUCCESS,11,-14400.0
TXN002804,ACC0534,M001,TechKart,Electronics,4218,UPI,2026-09-19 11:37:30,SUCCESS,11,37440.0
TXN002805,ACC0534,M002,StyleHub,Fashion,563,UPI,2026-08-21 11:37:30,SUCCESS,11,-41760.0
TXN002806,ACC0534,M003,FreshMart,Grocery,1101,Card,2026-09-23 11:37:30,SUCCESS,11,47520.0
TXN002807,ACC0534,M003,FreshMart,Grocery,1246,Card,2026-09-24 11:37:30,SUCCESS,11,1440.0
TXN002808,ACC0535,M004,HomeNest,Furniture,5162,Card,2026-07-05 11:37:30,SUCCESS,11,
TXN002809,ACC0535,M005,FitFuel,Health,862,UPI,2026-07-20 11:37:30,SUCCESS,11,21600.0
TXN002810,ACC0535,M004,HomeNest,Furniture,9989,UPI,2026-07-11 11:37:30,SUCCESS,11,-12960.0
TXN002811,ACC0535,M005,FitFuel,Health,557,UPI,2026-08-04 11:37:30,SUCCESS,11,34560.0
TXN002812,ACC0536,M003,FreshMart,Grocery,1367,UPI,2026-07-31 11:37:30,SUCCESS,11,
TXN002813,ACC0536,M003,FreshMart,Grocery,640,Card,2026-08-07 11:37:30,SUCCESS,11,10080.0
TXN002814,ACC0536,M003,FreshMart,Grocery,542,NetBanking,2026-08-14 11:37:30,SUCCESS,11,10080.0
TXN002815,ACC0536,M004,HomeNest,Furniture,4281,UPI,2026-08-30 11:37:30,SUCCESS,11,23040.0
TXN002816,ACC0537,M002,StyleHub,Fashion,970,NetBanking,2026-06-10 11:37:30,SUCCESS,11,
TXN002817,ACC0537,M003,FreshMart,Grocery,539,Card,2026-06-23 11:37:30,SUCCESS,11,18720.0
TXN002818,ACC0537,M005,FitFuel,Health,1615,UPI,2026-06-24 11:37:30,SUCCESS,11,1440.0
TXN002819,ACC0537,M005,FitFuel,Health,2430,UPI,2026-07-07 11:37:30,SUCCESS,11,18720.0
TXN002820,ACC0537,M003,FreshMart,Grocery,1457,UPI,2026-08-01 11:37:30,SUCCESS,11,36000.0
TXN002821,ACC0538,M003,FreshMart,Grocery,524,NetBanking,2026-06-14 11:37:30,SUCCESS,11,
TXN002822,ACC0538,M004,HomeNest,Furniture,5071,UPI,2026-06-28 11:37:30,SUCCESS,11,20160.0
TXN002823,ACC0538,M003,FreshMart,Grocery,1313,UPI,2026-07-02 11:37:30,SUCCESS,11,5760.0
TXN002824,ACC0538,M002,StyleHub,Fashion,1443,Card,2026-07-05 11:37:30,SUCCESS,11,4320.0
TXN002825,ACC0538,M001,TechKart,Electronics,3884,NetBanking,2026-07-08 11:37:30,SUCCESS,11,4320.0
TXN002826,ACC0538,M001,TechKart,Electronics,1345,UPI,2026-07-24 11:37:30,SUCCESS,11,23040.0
TXN002827,ACC0539,M005,FitFuel,Health,1434,UPI,2026-07-02 11:37:30,SUCCESS,11,
TXN002828,ACC0539,M002,StyleHub,Fashion,1488,UPI,2026-07-10 11:37:30,SUCCESS,11,11520.0
TXN002829,ACC0539,M004,HomeNest,Furniture,6876,UPI,2026-07-18 11:37:30,SUCCESS,11,11520.0
TXN002830,ACC0539,M004,HomeNest,Furniture,4565,UPI,2026-07-26 11:37:30,SUCCESS,11,11520.0
TXN002831,ACC0540,M001,TechKart,Electronics,1136,NetBanking,2026-08-19 11:37:30,SUCCESS,11,
TXN002832,ACC0540,M001,TechKart,Electronics,2998,UPI,2026-08-25 11:37:30,SUCCESS,11,8640.0
TXN002833,ACC0540,M004,HomeNest,Furniture,3678,UPI,2026-08-25 11:37:30,SUCCESS,11,0.0
TXN002834,ACC0541,M001,TechKart,Electronics,1712,UPI,2026-06-23 11:37:30,SUCCESS,11,
TXN002835,ACC0541,M003,FreshMart,Grocery,732,UPI,2026-07-04 11:37:30,SUCCESS,11,15840.0
TXN002836,ACC0541,M002,StyleHub,Fashion,1492,Wallet,2026-07-03 11:37:30,SUCCESS,11,-1440.0
TXN002837,ACC0541,M002,StyleHub,Fashion,1021,UPI,2026-07-14 11:37:30,SUCCESS,11,15840.0
TXN002838,ACC0541,M003,FreshMart,Grocery,600,UPI,2026-08-06 11:37:30,SUCCESS,11,33120.0
TXN002839,ACC0541,M004,HomeNest,Furniture,3664,UPI,2026-09-06 11:37:30,SUCCESS,11,44640.0
TXN002840,ACC0541,M002,StyleHub,Fashion,773,Card,2026-07-05 11:37:30,SUCCESS,11,-90720.0
TXN002841,ACC0542,M004,HomeNest,Furniture,3020,UPI,2026-07-31 11:37:30,SUCCESS,11,
TXN002842,ACC0542,M004,HomeNest,Furniture,3810,UPI,2026-08-15 11:37:30,SUCCESS,11,21600.0
TXN002843,ACC0542,M002,StyleHub,Fashion,1110,Wallet,2026-08-22 11:37:30,SUCCESS,11,10080.0
TXN002844,ACC0542,M001,TechKart,Electronics,825,UPI,2026-08-18 11:37:30,SUCCESS,11,-5760.0
TXN002845,ACC0542,M004,HomeNest,Furniture,6748,NetBanking,2026-08-24 11:37:30,SUCCESS,11,8640.0
TXN002846,ACC0542,M004,HomeNest,Furniture,5654,UPI,2026-10-14 11:37:30,SUCCESS,11,73440.0
TXN002847,ACC0543,M004,HomeNest,Furniture,5625,UPI,2026-08-24 11:37:30,SUCCESS,11,
TXN002848,ACC0543,M005,FitFuel,Health,1857,UPI,2026-09-01 11:37:30,SUCCESS,11,11520.0
TXN002849,ACC0544,M004,HomeNest,Furniture,5577,Card,2026-07-31 11:37:30,SUCCESS,11,
TXN002850,ACC0544,M003,FreshMart,Grocery,809,UPI,2026-08-10 11:37:30,SUCCESS,11,14400.0
TXN002851,ACC0544,M005,FitFuel,Health,1888,NetBanking,2026-08-20 11:37:30,SUCCESS,11,14400.0
TXN002852,ACC0544,M002,StyleHub,Fashion,1927,UPI,2026-09-02 11:37:30,SUCCESS,11,18720.0
TXN002853,ACC0544,M005,FitFuel,Health,1846,UPI,2026-08-12 11:37:30,SUCCESS,11,-30240.0
TXN002854,ACC0544,M002,StyleHub,Fashion,1292,UPI,2026-09-09 11:37:30,SUCCESS,11,40320.0
TXN002855,ACC0544,M003,FreshMart,Grocery,659,Card,2026-09-17 11:37:30,SUCCESS,11,11520.0
TXN002856,ACC0544,M004,HomeNest,Furniture,6918,NetBanking,2026-09-04 11:37:30,SUCCESS,11,-18720.0
TXN002857,ACC0545,M002,StyleHub,Fashion,664,UPI,2026-06-08 11:37:30,SUCCESS,11,
TXN002858,ACC0545,M001,TechKart,Electronics,3985,Card,2026-06-22 11:37:30,SUCCESS,11,20160.0
TXN002859,ACC0546,M004,HomeNest,Furniture,5574,Card,2026-07-17 11:37:30,SUCCESS,11,
TXN002860,ACC0546,M001,TechKart,Electronics,4382,UPI,2026-07-25 11:37:30,SUCCESS,11,11520.0
TXN002861,ACC0546,M003,FreshMart,Grocery,900,Wallet,2026-07-27 11:37:30,SUCCESS,11,2880.0
TXN002862,ACC0546,M004,HomeNest,Furniture,3295,UPI,2026-08-04 11:37:30,SUCCESS,11,11520.0
TXN002863,ACC0547,M005,FitFuel,Health,2474,NetBanking,2026-06-21 11:37:30,SUCCESS,11,
TXN002864,ACC0547,M001,TechKart,Electronics,3924,UPI,2026-07-06 11:37:30,SUCCESS,11,21600.0
TXN002865,ACC0547,M002,StyleHub,Fashion,768,Card,2026-07-19 11:37:30,SUCCESS,11,18720.0
TXN002866,ACC0547,M001,TechKart,Electronics,1210,UPI,2026-07-03 11:37:30,SUCCESS,11,-23040.0
TXN002867,ACC0547,M003,FreshMart,Grocery,1077,UPI,2026-07-31 11:37:30,SUCCESS,11,40320.0
TXN002868,ACC0547,M004,HomeNest,Furniture,4281,NetBanking,2026-07-11 11:37:30,SUCCESS,11,-28800.0
TXN002869,ACC0547,M002,StyleHub,Fashion,2077,UPI,2026-07-15 11:37:30,SUCCESS,11,5760.0
TXN002870,ACC0547,M001,TechKart,Electronics,2699,NetBanking,2026-08-30 11:37:30,SUCCESS,11,66240.0
TXN002871,ACC0548,M002,StyleHub,Fashion,1580,UPI,2026-08-28 11:37:30,SUCCESS,11,
TXN002872,ACC0548,M002,StyleHub,Fashion,1367,UPI,2026-09-05 11:37:30,SUCCESS,11,11520.0
TXN002873,ACC0548,M005,FitFuel,Health,615,UPI,2026-09-07 11:37:30,SUCCESS,11,2880.0
TXN002874,ACC0548,M003,FreshMart,Grocery,516,UPI,2026-09-06 11:37:30,SUCCESS,11,-1440.0
TXN002875,ACC0548,M004,HomeNest,Furniture,6533,Card,2026-10-23 11:37:30,SUCCESS,11,67680.0
TXN002876,ACC0548,M002,StyleHub,Fashion,1025,UPI,2026-11-01 11:37:30,SUCCESS,11,12960.0
TXN002877,ACC0549,M001,TechKart,Electronics,3466,NetBanking,2026-08-03 11:37:30,SUCCESS,11,
TXN002878,ACC0549,M003,FreshMart,Grocery,1201,NetBanking,2026-08-17 11:37:30,SUCCESS,11,20160.0
TXN002879,ACC0549,M005,FitFuel,Health,532,UPI,2026-08-23 11:37:30,SUCCESS,11,8640.0
TXN002880,ACC0550,M002,StyleHub,Fashion,941,UPI,2026-08-28 11:37:30,SUCCESS,11,
TXN002881,ACC0550,M003,FreshMart,Grocery,1325,Card,2026-09-08 11:37:30,SUCCESS,11,15840.0
TXN002882,ACC0550,M002,StyleHub,Fashion,2263,UPI,2026-09-15 11:37:30,SUCCESS,11,10080.0
TXN002883,ACC0551,M005,FitFuel,Health,473,UPI,2026-08-03 11:37:30,SUCCESS,11,
TXN002884,ACC0551,M002,StyleHub,Fashion,402,UPI,2026-08-11 11:37:30,SUCCESS,11,11520.0
TXN002885,ACC0552,M004,HomeNest,Furniture,6508,UPI,2026-07-03 11:37:30,SUCCESS,11,
TXN002886,ACC0552,M005,FitFuel,Health,2211,Wallet,2026-07-11 11:37:30,SUCCESS,11,11520.0
TXN002887,ACC0552,M003,FreshMart,Grocery,1390,Card,2026-07-23 11:37:30,SUCCESS,11,17280.0
TXN002888,ACC0552,M004,HomeNest,Furniture,8157,UPI,2026-08-17 11:37:30,SUCCESS,11,36000.0
TXN002889,ACC0552,M002,StyleHub,Fashion,2460,NetBanking,2026-08-04 11:37:30,SUCCESS,11,-18720.0
TXN002890,ACC0552,M001,TechKart,Electronics,2494,UPI,2026-07-23 11:37:30,SUCCESS,11,-17280.0
TXN002891,ACC0553,M005,FitFuel,Health,1989,UPI,2026-07-27 11:37:30,SUCCESS,11,
TXN002892,ACC0553,M003,FreshMart,Grocery,198,UPI,2026-08-02 11:37:30,SUCCESS,11,8640.0
TXN002893,ACC0553,M001,TechKart,Electronics,2565,UPI,2026-08-06 11:37:30,SUCCESS,11,5760.0
TXN002894,ACC0553,M002,StyleHub,Fashion,2242,NetBanking,2026-09-01 11:37:30,SUCCESS,11,37440.0
TXN002895,ACC0554,M003,FreshMart,Grocery,961,UPI,2026-08-17 11:37:30,SUCCESS,11,
TXN002896,ACC0554,M002,StyleHub,Fashion,2198,UPI,2026-08-19 11:37:30,SUCCESS,11,2880.0
TXN002897,ACC0554,M004,HomeNest,Furniture,7839,UPI,2026-09-02 11:37:30,SUCCESS,11,20160.0
TXN002898,ACC0554,M004,HomeNest,Furniture,3068,UPI,2026-09-01 11:37:30,SUCCESS,11,-1440.0
TXN002899,ACC0554,M002,StyleHub,Fashion,996,NetBanking,2026-08-25 11:37:30,SUCCESS,11,-10080.0
TXN002900,ACC0554,M003,FreshMart,Grocery,916,UPI,2026-09-01 11:37:30,SUCCESS,11,10080.0
TXN002901,ACC0554,M004,HomeNest,Furniture,9266,Card,2026-10-10 11:37:30,SUCCESS,11,56160.0
TXN002902,ACC0554,M001,TechKart,Electronics,3208,UPI,2026-10-12 11:37:30,SUCCESS,11,2880.0
TXN002903,ACC0555,M001,TechKart,Electronics,4727,UPI,2026-06-25 11:37:30,SUCCESS,11,
TXN002904,ACC0555,M002,StyleHub,Fashion,1671,Wallet,2026-07-02 11:37:30,SUCCESS,11,10080.0
TXN002905,ACC0555,M001,TechKart,Electronics,1629,UPI,2026-07-03 11:37:30,SUCCESS,11,1440.0
TXN002906,ACC0555,M005,FitFuel,Health,1404,UPI,2026-08-03 11:37:30,SUCCESS,11,44640.0
TXN002907,ACC0555,M002,StyleHub,Fashion,1920,UPI,2026-08-04 11:37:30,SUCCESS,11,1440.0
TXN002908,ACC0555,M003,FreshMart,Grocery,1405,UPI,2026-08-04 11:37:30,SUCCESS,11,0.0
TXN002909,ACC0556,M003,FreshMart,Grocery,254,NetBanking,2026-07-24 11:37:30,SUCCESS,11,
TXN002910,ACC0556,M001,TechKart,Electronics,4391,Card,2026-08-04 11:37:30,SUCCESS,11,15840.0
TXN002911,ACC0556,M005,FitFuel,Health,448,Card,2026-08-09 11:37:30,SUCCESS,11,7200.0
TXN002912,ACC0556,M005,FitFuel,Health,2372,UPI,2026-08-23 11:37:30,SUCCESS,11,20160.0
TXN002913,ACC0556,M004,HomeNest,Furniture,4704,Card,2026-08-09 11:37:30,SUCCESS,11,-20160.0
TXN002914,ACC0556,M003,FreshMart,Grocery,444,UPI,2026-09-07 11:37:30,SUCCESS,11,41760.0
TXN002915,ACC0557,M004,HomeNest,Furniture,4259,UPI,2026-08-23 11:37:30,SUCCESS,11,
TXN002916,ACC0557,M001,TechKart,Electronics,3281,UPI,2026-08-25 11:37:30,SUCCESS,11,2880.0
TXN002917,ACC0557,M002,StyleHub,Fashion,2113,Card,2026-08-31 11:37:30,SUCCESS,11,8640.0
TXN002918,ACC0558,M005,FitFuel,Health,1345,Wallet,2026-08-15 11:37:30,SUCCESS,11,
TXN002919,ACC0558,M001,TechKart,Electronics,1342,UPI,2026-08-20 11:37:30,SUCCESS,11,7200.0
TXN002920,ACC0558,M003,FreshMart,Grocery,1138,Card,2026-08-19 11:37:30,SUCCESS,11,-1440.0
TXN002921,ACC0558,M004,HomeNest,Furniture,9496,Wallet,2026-08-30 11:37:30,SUCCESS,11,15840.0
TXN002922,ACC0558,M004,HomeNest,Furniture,2935,UPI,2026-10-02 11:37:30,SUCCESS,11,47520.0
TXN002923,ACC0559,M003,FreshMart,Grocery,1110,Wallet,2026-07-22 11:37:30,SUCCESS,11,
TXN002924,ACC0559,M005,FitFuel,Health,1654,Card,2026-07-28 11:37:30,SUCCESS,11,8640.0
TXN002925,ACC0559,M005,FitFuel,Health,937,Card,2026-08-05 11:37:30,SUCCESS,11,11520.0
TXN002926,ACC0559,M005,FitFuel,Health,2430,Card,2026-09-05 11:37:30,SUCCESS,11,44640.0
TXN002927,ACC0559,M005,FitFuel,Health,1304,UPI,2026-09-16 11:37:30,SUCCESS,11,15840.0
TXN002928,ACC0560,M003,FreshMart,Grocery,822,Wallet,2026-07-10 11:37:30,SUCCESS,11,
TXN002929,ACC0560,M004,HomeNest,Furniture,9968,Card,2026-07-16 11:37:30,SUCCESS,11,8640.0
TXN002930,ACC0561,M003,FreshMart,Grocery,677,UPI,2026-08-28 11:37:30,SUCCESS,11,
TXN002931,ACC0561,M005,FitFuel,Health,1215,NetBanking,2026-09-01 11:37:30,SUCCESS,11,5760.0
TXN002932,ACC0561,M002,StyleHub,Fashion,2301,Wallet,2026-09-07 11:37:30,SUCCESS,11,8640.0
TXN002933,ACC0561,M005,FitFuel,Health,2371,UPI,2026-09-06 11:37:30,SUCCESS,11,-1440.0
TXN002934,ACC0561,M004,HomeNest,Furniture,5434,Card,2026-10-19 11:37:30,SUCCESS,11,61920.0
TXN002935,ACC0562,M002,StyleHub,Fashion,2370,Wallet,2026-08-24 11:37:30,SUCCESS,11,
TXN002936,ACC0562,M001,TechKart,Electronics,3371,Wallet,2026-09-05 11:37:30,SUCCESS,11,17280.0
TXN002937,ACC0562,M004,HomeNest,Furniture,5325,NetBanking,2026-08-28 11:37:30,SUCCESS,11,-11520.0
TXN002938,ACC0562,M004,HomeNest,Furniture,5876,Wallet,2026-09-05 11:37:30,SUCCESS,11,11520.0
TXN002939,ACC0563,M003,FreshMart,Grocery,632,UPI,2026-07-18 11:37:30,SUCCESS,11,
TXN002940,ACC0563,M004,HomeNest,Furniture,6820,UPI,2026-07-27 11:37:30,SUCCESS,11,12960.0
TXN002941,ACC0563,M002,StyleHub,Fashion,1573,UPI,2026-08-03 11:37:30,SUCCESS,11,10080.0
TXN002942,ACC0563,M002,StyleHub,Fashion,1776,UPI,2026-08-29 11:37:30,SUCCESS,11,37440.0
TXN002943,ACC0564,M001,TechKart,Electronics,1624,UPI,2026-06-20 11:37:30,SUCCESS,11,
TXN002944,ACC0564,M001,TechKart,Electronics,2029,UPI,2026-07-04 11:37:30,SUCCESS,11,20160.0
TXN002945,ACC0564,M001,TechKart,Electronics,2044,Wallet,2026-07-08 11:37:30,SUCCESS,11,5760.0
TXN002946,ACC0564,M004,HomeNest,Furniture,3454,UPI,2026-06-26 11:37:30,SUCCESS,11,-17280.0
TXN002947,ACC0565,M003,FreshMart,Grocery,1321,UPI,2026-07-19 11:37:30,SUCCESS,11,
TXN002948,ACC0565,M003,FreshMart,Grocery,826,UPI,2026-07-23 11:37:30,SUCCESS,11,5760.0
TXN002949,ACC0565,M001,TechKart,Electronics,1123,Card,2026-08-10 11:37:30,SUCCESS,11,25920.0
TXN002950,ACC0565,M002,StyleHub,Fashion,1096,NetBanking,2026-09-02 11:37:30,SUCCESS,11,33120.0
TXN002951,ACC0566,M003,FreshMart,Grocery,1365,UPI,2026-07-03 11:37:30,SUCCESS,11,
TXN002952,ACC0566,M005,FitFuel,Health,593,NetBanking,2026-07-18 11:37:30,SUCCESS,11,21600.0
TXN002953,ACC0566,M002,StyleHub,Fashion,666,UPI,2026-07-15 11:37:30,SUCCESS,11,-4320.0
TXN002954,ACC0566,M003,FreshMart,Grocery,472,Card,2026-08-17 11:37:30,SUCCESS,11,47520.0
TXN002955,ACC0566,M005,FitFuel,Health,693,UPI,2026-08-24 11:37:30,SUCCESS,11,10080.0
TXN002956,ACC0566,M003,FreshMart,Grocery,215,UPI,2026-07-28 11:37:30,SUCCESS,11,-38880.0
TXN002957,ACC0566,M002,StyleHub,Fashion,2336,NetBanking,2026-08-14 11:37:30,SUCCESS,11,24480.0
TXN002958,ACC0566,M005,FitFuel,Health,1555,UPI,2026-08-21 11:37:30,SUCCESS,11,10080.0
TXN002959,ACC0567,M002,StyleHub,Fashion,1666,Card,2026-07-14 11:37:30,SUCCESS,11,
TXN002960,ACC0567,M002,StyleHub,Fashion,2289,UPI,2026-07-19 11:37:30,SUCCESS,11,7200.0
TXN002961,ACC0567,M001,TechKart,Electronics,1450,UPI,2026-07-22 11:37:30,SUCCESS,11,4320.0
TXN002962,ACC0567,M002,StyleHub,Fashion,841,Wallet,2026-07-23 11:37:30,SUCCESS,11,1440.0
TXN002963,ACC0567,M002,StyleHub,Fashion,700,UPI,2026-07-30 11:37:30,SUCCESS,11,10080.0
TXN002964,ACC0567,M003,FreshMart,Grocery,1336,UPI,2026-08-18 11:37:30,SUCCESS,11,27360.0
TXN002965,ACC0567,M004,HomeNest,Furniture,5357,UPI,2026-09-06 11:37:30,SUCCESS,11,27360.0
TXN002966,ACC0568,M005,FitFuel,Health,1539,Wallet,2026-06-10 11:37:30,SUCCESS,11,
TXN002967,ACC0568,M004,HomeNest,Furniture,7375,UPI,2026-06-15 11:37:30,SUCCESS,11,7200.0
TXN002968,ACC0568,M004,HomeNest,Furniture,3568,UPI,2026-06-18 11:37:30,SUCCESS,11,4320.0
TXN002969,ACC0568,M001,TechKart,Electronics,2865,UPI,2026-06-16 11:37:30,SUCCESS,11,-2880.0
TXN002970,ACC0568,M004,HomeNest,Furniture,5797,Card,2026-08-09 11:37:30,SUCCESS,11,77760.0
TXN002971,ACC0568,M003,FreshMart,Grocery,1070,UPI,2026-07-20 11:37:30,SUCCESS,11,-28800.0
TXN002972,ACC0568,M004,HomeNest,Furniture,7393,UPI,2026-07-22 11:37:30,SUCCESS,11,2880.0
TXN002973,ACC0569,M002,StyleHub,Fashion,430,NetBanking,2026-06-23 11:37:30,SUCCESS,11,
TXN002974,ACC0569,M003,FreshMart,Grocery,1001,UPI,2026-06-27 11:37:30,SUCCESS,11,5760.0
TXN002975,ACC0569,M002,StyleHub,Fashion,572,NetBanking,2026-07-07 11:37:30,SUCCESS,11,14400.0
TXN002976,ACC0569,M005,FitFuel,Health,2328,Wallet,2026-07-08 11:37:30,SUCCESS,11,1440.0
TXN002977,ACC0569,M002,StyleHub,Fashion,2111,UPI,2026-07-13 11:37:30,SUCCESS,11,7200.0
TXN002978,ACC0569,M003,FreshMart,Grocery,852,NetBanking,2026-07-03 11:37:30,SUCCESS,11,-14400.0
TXN002979,ACC0569,M003,FreshMart,Grocery,155,UPI,2026-08-04 11:37:30,SUCCESS,11,46080.0
TXN002980,ACC0569,M005,FitFuel,Health,1126,UPI,2026-09-29 11:37:30,SUCCESS,11,80640.0
TXN002981,ACC0570,M005,FitFuel,Health,1420,UPI,2026-06-08 11:37:30,SUCCESS,11,
TXN002982,ACC0570,M005,FitFuel,Health,1105,UPI,2026-06-18 11:37:30,SUCCESS,11,14400.0
TXN002983,ACC0570,M001,TechKart,Electronics,4526,Wallet,2026-07-04 11:37:30,SUCCESS,11,23040.0
TXN002984,ACC0570,M005,FitFuel,Health,1488,UPI,2026-07-11 11:37:30,SUCCESS,11,10080.0
TXN002985,ACC0571,M003,FreshMart,Grocery,831,UPI,2026-07-07 11:37:30,SUCCESS,11,
TXN002986,ACC0571,M001,TechKart,Electronics,4687,NetBanking,2026-07-18 11:37:30,SUCCESS,11,15840.0
TXN002987,ACC0571,M004,HomeNest,Furniture,9488,NetBanking,2026-07-23 11:37:30,SUCCESS,11,7200.0
TXN002988,ACC0571,M002,StyleHub,Fashion,1690,NetBanking,2026-08-09 11:37:30,SUCCESS,11,24480.0
TXN002989,ACC0571,M004,HomeNest,Furniture,4168,UPI,2026-07-27 11:37:30,SUCCESS,11,-18720.0
TXN002990,ACC0571,M001,TechKart,Electronics,2679,Card,2026-09-05 11:37:30,SUCCESS,11,57600.0
TXN002991,ACC0571,M003,FreshMart,Grocery,958,UPI,2026-09-11 11:37:30,SUCCESS,11,8640.0
TXN002992,ACC0571,M002,StyleHub,Fashion,566,UPI,2026-09-15 11:37:30,SUCCESS,11,5760.0
TXN002993,ACC0572,M004,HomeNest,Furniture,2018,UPI,2026-07-08 11:37:30,SUCCESS,11,
TXN002994,ACC0572,M003,FreshMart,Grocery,1246,NetBanking,2026-07-11 11:37:30,SUCCESS,11,4320.0
TXN002995,ACC0572,M004,HomeNest,Furniture,2133,UPI,2026-07-28 11:37:30,SUCCESS,11,24480.0
TXN002996,ACC0572,M003,FreshMart,Grocery,1379,Card,2026-08-16 11:37:30,SUCCESS,11,27360.0
TXN002997,ACC0572,M005,FitFuel,Health,1174,UPI,2026-08-13 11:37:30,SUCCESS,11,-4320.0
TXN002998,ACC0572,M003,FreshMart,Grocery,387,NetBanking,2026-08-27 11:37:30,SUCCESS,11,20160.0
TXN002999,ACC0572,M005,FitFuel,Health,1645,UPI,2026-08-25 11:37:30,SUCCESS,11,-2880.0
TXN003000,ACC0572,M002,StyleHub,Fashion,458,Card,2026-09-30 11:37:30,SUCCESS,11,51840.0
TXN003001,ACC0573,M002,StyleHub,Fashion,2365,UPI,2026-07-23 11:37:30,SUCCESS,11,
TXN003002,ACC0573,M003,FreshMart,Grocery,496,Card,2026-07-27 11:37:30,SUCCESS,11,5760.0
TXN003003,ACC0574,M002,StyleHub,Fashion,2146,UPI,2026-08-02 11:37:30,SUCCESS,11,
TXN003004,ACC0574,M003,FreshMart,Grocery,349,Card,2026-08-06 11:37:30,SUCCESS,11,5760.0
TXN003005,ACC0574,M003,FreshMart,Grocery,1260,Card,2026-08-14 11:37:30,SUCCESS,11,11520.0
TXN003006,ACC0574,M001,TechKart,Electronics,1424,Wallet,2026-09-07 11:37:30,SUCCESS,11,34560.0
TXN003007,ACC0574,M001,TechKart,Electronics,827,Wallet,2026-10-01 11:37:30,SUCCESS,11,34560.0
TXN003008,ACC0574,M003,FreshMart,Grocery,516,UPI,2026-08-17 11:37:30,SUCCESS,11,-64800.0
TXN003009,ACC0574,M003,FreshMart,Grocery,398,UPI,2026-09-25 11:37:30,SUCCESS,11,56160.0
TXN003010,ACC0575,M005,FitFuel,Health,800,UPI,2026-06-27 11:37:30,SUCCESS,11,
TXN003011,ACC0575,M003,FreshMart,Grocery,320,UPI,2026-07-08 11:37:30,SUCCESS,11,15840.0
TXN003012,ACC0575,M003,FreshMart,Grocery,511,UPI,2026-07-03 11:37:30,SUCCESS,11,-7200.0
TXN003013,ACC0575,M005,FitFuel,Health,1325,Card,2026-07-12 11:37:30,SUCCESS,11,12960.0
TXN003014,ACC0575,M001,TechKart,Electronics,1319,UPI,2026-08-10 11:37:30,SUCCESS,11,41760.0
TXN003015,ACC0575,M002,StyleHub,Fashion,1195,UPI,2026-08-01 11:37:30,SUCCESS,11,-12960.0
TXN003016,ACC0575,M003,FreshMart,Grocery,211,UPI,2026-09-19 11:37:30,SUCCESS,11,70560.0
TXN003017,ACC0575,M004,HomeNest,Furniture,2848,NetBanking,2026-08-22 11:37:30,SUCCESS,11,-40320.0
TXN003018,ACC0576,M002,StyleHub,Fashion,1178,Card,2026-07-14 11:37:30,SUCCESS,11,
TXN003019,ACC0576,M005,FitFuel,Health,574,Wallet,2026-07-23 11:37:30,SUCCESS,11,12960.0
TXN003020,ACC0576,M002,StyleHub,Fashion,2424,Card,2026-08-09 11:37:30,SUCCESS,11,24480.0
TXN003021,ACC0576,M004,HomeNest,Furniture,4639,Card,2026-08-10 11:37:30,SUCCESS,11,1440.0
TXN003022,ACC0576,M001,TechKart,Electronics,1098,UPI,2026-08-03 11:37:30,SUCCESS,11,-10080.0
TXN003023,ACC0576,M005,FitFuel,Health,1755,UPI,2026-07-24 11:37:30,SUCCESS,11,-14400.0
TXN003024,ACC0576,M003,FreshMart,Grocery,1478,UPI,2026-09-24 11:37:30,SUCCESS,11,89280.0
TXN003025,ACC0576,M001,TechKart,Electronics,3381,NetBanking,2026-10-13 11:37:30,SUCCESS,11,27360.0
TXN003026,ACC0577,M001,TechKart,Electronics,1754,Card,2026-08-17 11:37:30,SUCCESS,11,
TXN003027,ACC0577,M004,HomeNest,Furniture,6534,Wallet,2026-08-26 11:37:30,SUCCESS,11,12960.0
TXN003028,ACC0578,M005,FitFuel,Health,433,Card,2026-07-22 11:37:30,SUCCESS,11,
TXN003029,ACC0578,M003,FreshMart,Grocery,653,UPI,2026-08-03 11:37:30,SUCCESS,11,17280.0
TXN003030,ACC0578,M004,HomeNest,Furniture,4403,UPI,2026-08-21 11:37:30,SUCCESS,11,25920.0
TXN003031,ACC0578,M001,TechKart,Electronics,3259,Card,2026-07-31 11:37:30,SUCCESS,11,-30240.0
TXN003032,ACC0578,M003,FreshMart,Grocery,927,Wallet,2026-08-07 11:37:30,SUCCESS,11,10080.0
TXN003033,ACC0578,M003,FreshMart,Grocery,993,Wallet,2026-08-21 11:37:30,SUCCESS,11,20160.0
TXN003034,ACC0578,M003,FreshMart,Grocery,303,UPI,2026-09-20 11:37:30,SUCCESS,11,43200.0
TXN003035,ACC0579,M001,TechKart,Electronics,1014,Wallet,2026-07-27 11:37:30,SUCCESS,11,
TXN003036,ACC0579,M002,StyleHub,Fashion,781,NetBanking,2026-08-03 11:37:30,SUCCESS,11,10080.0
TXN003037,ACC0579,M005,FitFuel,Health,710,UPI,2026-08-16 11:37:30,SUCCESS,11,18720.0
TXN003038,ACC0579,M003,FreshMart,Grocery,833,UPI,2026-08-05 11:37:30,SUCCESS,11,-15840.0
TXN003039,ACC0579,M002,StyleHub,Fashion,1269,Card,2026-08-08 11:37:30,SUCCESS,11,4320.0
TXN003040,ACC0579,M002,StyleHub,Fashion,601,UPI,2026-08-11 11:37:30,SUCCESS,11,4320.0
TXN003041,ACC0579,M005,FitFuel,Health,626,NetBanking,2026-10-25 11:37:30,SUCCESS,11,108000.0
TXN003042,ACC0580,M005,FitFuel,Health,1517,Wallet,2026-06-22 11:37:30,SUCCESS,11,
TXN003043,ACC0580,M003,FreshMart,Grocery,355,NetBanking,2026-07-04 11:37:30,SUCCESS,11,17280.0
TXN003044,ACC0580,M001,TechKart,Electronics,3355,Wallet,2026-07-20 11:37:30,SUCCESS,11,23040.0
TXN003045,ACC0580,M001,TechKart,Electronics,3530,UPI,2026-07-16 11:37:30,SUCCESS,11,-5760.0
TXN003046,ACC0580,M002,StyleHub,Fashion,681,UPI,2026-06-30 11:37:30,SUCCESS,11,-23040.0
TXN003047,ACC0580,M001,TechKart,Electronics,1675,NetBanking,2026-08-16 11:37:30,SUCCESS,11,67680.0
TXN003048,ACC0581,M003,FreshMart,Grocery,981,UPI,2026-07-05 11:37:30,SUCCESS,11,
TXN003049,ACC0581,M002,StyleHub,Fashion,1414,UPI,2026-07-11 11:37:30,SUCCESS,11,8640.0
TXN003050,ACC0582,M005,FitFuel,Health,725,Card,2026-08-11 11:37:30,SUCCESS,11,
TXN003051,ACC0582,M004,HomeNest,Furniture,3789,Card,2026-08-13 11:37:30,SUCCESS,11,2880.0
TXN003052,ACC0582,M002,StyleHub,Fashion,2487,UPI,2026-08-19 11:37:30,SUCCESS,11,8640.0
TXN003053,ACC0583,M005,FitFuel,Health,1419,Card,2026-09-03 11:37:30,SUCCESS,11,
TXN003054,ACC0583,M002,StyleHub,Fashion,2417,UPI,2026-09-16 11:37:30,SUCCESS,11,18720.0
TXN003055,ACC0583,M004,HomeNest,Furniture,3728,Card,2026-09-07 11:37:30,SUCCESS,11,-12960.0
TXN003056,ACC0583,M002,StyleHub,Fashion,1598,UPI,2026-09-27 11:37:30,SUCCESS,11,28800.0
TXN003057,ACC0583,M005,FitFuel,Health,1985,Wallet,2026-10-05 11:37:30,SUCCESS,11,11520.0
TXN003058,ACC0584,M005,FitFuel,Health,810,Card,2026-07-31 11:37:30,SUCCESS,11,
TXN003059,ACC0584,M005,FitFuel,Health,2338,UPI,2026-08-06 11:37:30,SUCCESS,11,8640.0
TXN003060,ACC0584,M004,HomeNest,Furniture,6839,UPI,2026-08-06 11:37:30,SUCCESS,11,0.0
TXN003061,ACC0584,M002,StyleHub,Fashion,1155,NetBanking,2026-08-18 11:37:30,SUCCESS,11,17280.0
TXN003062,ACC0585,M002,StyleHub,Fashion,942,Card,2026-08-19 11:37:30,SUCCESS,11,
TXN003063,ACC0585,M002,StyleHub,Fashion,590,Card,2026-08-24 11:37:30,SUCCESS,11,7200.0
TXN003064,ACC0585,M004,HomeNest,Furniture,3089,Wallet,2026-09-12 11:37:30,SUCCESS,11,27360.0
TXN003065,ACC0585,M001,TechKart,Electronics,823,Card,2026-09-06 11:37:30,SUCCESS,11,-8640.0
TXN003066,ACC0585,M001,TechKart,Electronics,912,UPI,2026-10-10 11:37:30,SUCCESS,11,48960.0
TXN003067,ACC0585,M002,StyleHub,Fashion,2231,UPI,2026-09-23 11:37:30,SUCCESS,11,-24480.0
TXN003068,ACC0586,M001,TechKart,Electronics,3820,UPI,2026-06-13 11:37:30,SUCCESS,11,
TXN003069,ACC0586,M004,HomeNest,Furniture,7402,UPI,2026-06-21 11:37:30,SUCCESS,11,11520.0
TXN003070,ACC0586,M004,HomeNest,Furniture,7432,UPI,2026-06-25 11:37:30,SUCCESS,11,5760.0
TXN003071,ACC0586,M002,StyleHub,Fashion,1246,UPI,2026-07-19 11:37:30,SUCCESS,11,34560.0
TXN003072,ACC0586,M002,StyleHub,Fashion,2406,UPI,2026-07-03 11:37:30,SUCCESS,11,-23040.0
TXN003073,ACC0586,M004,HomeNest,Furniture,2400,UPI,2026-07-13 11:37:30,SUCCESS,11,14400.0
TXN003074,ACC0586,M004,HomeNest,Furniture,3299,UPI,2026-07-31 11:37:30,SUCCESS,11,25920.0
TXN003075,ACC0587,M004,HomeNest,Furniture,6294,UPI,2026-08-27 11:37:30,SUCCESS,11,
TXN003076,ACC0587,M001,TechKart,Electronics,3152,UPI,2026-09-04 11:37:30,SUCCESS,11,11520.0
TXN003077,ACC0587,M002,StyleHub,Fashion,2145,Card,2026-09-08 11:37:30,SUCCESS,11,5760.0
TXN003078,ACC0587,M005,FitFuel,Health,567,Card,2026-09-23 11:37:30,SUCCESS,11,21600.0
TXN003079,ACC0587,M003,FreshMart,Grocery,1469,UPI,2026-09-24 11:37:30,SUCCESS,11,1440.0
TXN003080,ACC0587,M003,FreshMart,Grocery,1126,Wallet,2026-09-21 11:37:30,SUCCESS,11,-4320.0
TXN003081,ACC0587,M002,StyleHub,Fashion,2367,UPI,2026-10-02 11:37:30,SUCCESS,11,15840.0
TXN003082,ACC0587,M001,TechKart,Electronics,2720,Card,2026-09-24 11:37:30,SUCCESS,11,-11520.0
TXN003083,ACC0588,M005,FitFuel,Health,892,UPI,2026-08-06 11:37:30,SUCCESS,11,
TXN003084,ACC0588,M003,FreshMart,Grocery,1219,UPI,2026-08-19 11:37:30,SUCCESS,11,18720.0
TXN003085,ACC0588,M003,FreshMart,Grocery,1498,UPI,2026-08-12 11:37:30,SUCCESS,11,-10080.0
TXN003086,ACC0588,M004,HomeNest,Furniture,2166,UPI,2026-08-24 11:37:30,SUCCESS,11,17280.0
TXN003087,ACC0588,M002,StyleHub,Fashion,1558,UPI,2026-08-18 11:37:30,SUCCESS,11,-8640.0
TXN003088,ACC0589,M005,FitFuel,Health,2470,Wallet,2026-06-10 11:37:30,SUCCESS,11,
TXN003089,ACC0589,M004,HomeNest,Furniture,6328,UPI,2026-06-22 11:37:30,SUCCESS,11,17280.0
TXN003090,ACC0589,M003,FreshMart,Grocery,1284,UPI,2026-06-14 11:37:30,SUCCESS,11,-11520.0
TXN003091,ACC0590,M002,StyleHub,Fashion,1167,UPI,2026-09-03 11:37:30,SUCCESS,11,
TXN003092,ACC0590,M004,HomeNest,Furniture,4057,Card,2026-09-09 11:37:30,SUCCESS,11,8640.0
TXN003093,ACC0590,M005,FitFuel,Health,1117,Card,2026-09-15 11:37:30,SUCCESS,11,8640.0
TXN003094,ACC0590,M005,FitFuel,Health,1761,UPI,2026-10-09 11:37:30,SUCCESS,11,34560.0
TXN003095,ACC0591,M002,StyleHub,Fashion,1730,UPI,2026-06-16 11:37:30,SUCCESS,11,
TXN003096,ACC0591,M003,FreshMart,Grocery,1115,Card,2026-06-23 11:37:30,SUCCESS,11,10080.0
TXN003097,ACC0591,M003,FreshMart,Grocery,1159,UPI,2026-07-06 11:37:30,SUCCESS,11,18720.0
TXN003098,ACC0591,M001,TechKart,Electronics,1424,UPI,2026-07-16 11:37:30,SUCCESS,11,14400.0
TXN003099,ACC0591,M002,StyleHub,Fashion,2082,NetBanking,2026-07-02 11:37:30,SUCCESS,11,-20160.0
TXN003100,ACC0592,M005,FitFuel,Health,597,UPI,2026-07-06 11:37:30,SUCCESS,11,
TXN003101,ACC0592,M004,HomeNest,Furniture,7885,UPI,2026-07-16 11:37:30,SUCCESS,11,14400.0
TXN003102,ACC0592,M002,StyleHub,Fashion,1294,UPI,2026-08-01 11:37:30,SUCCESS,11,23040.0
TXN003103,ACC0593,M005,FitFuel,Health,1975,UPI,2026-08-02 11:37:30,SUCCESS,11,
TXN003104,ACC0593,M005,FitFuel,Health,2142,NetBanking,2026-08-08 11:37:30,SUCCESS,11,8640.0
TXN003105,ACC0594,M005,FitFuel,Health,786,UPI,2026-07-22 11:37:30,SUCCESS,11,
TXN003106,ACC0594,M005,FitFuel,Health,2499,Card,2026-07-28 11:37:30,SUCCESS,11,8640.0
TXN003107,ACC0595,M004,HomeNest,Furniture,7644,UPI,2026-08-04 11:37:30,SUCCESS,11,
TXN003108,ACC0595,M001,TechKart,Electronics,4810,NetBanking,2026-08-08 11:37:30,SUCCESS,11,5760.0
TXN003109,ACC0595,M004,HomeNest,Furniture,9270,UPI,2026-08-14 11:37:30,SUCCESS,11,8640.0
TXN003110,ACC0595,M005,FitFuel,Health,1239,Wallet,2026-08-13 11:37:30,SUCCESS,11,-1440.0
TXN003111,ACC0595,M001,TechKart,Electronics,4298,Card,2026-08-28 11:37:30,SUCCESS,11,21600.0
TXN003112,ACC0595,M004,HomeNest,Furniture,6557,Card,2026-09-08 11:37:30,SUCCESS,11,15840.0
TXN003113,ACC0595,M001,TechKart,Electronics,974,Card,2026-08-16 11:37:30,SUCCESS,11,-33120.0
TXN003114,ACC0595,M002,StyleHub,Fashion,1042,UPI,2026-09-08 11:37:30,SUCCESS,11,33120.0
TXN003115,ACC0596,M002,StyleHub,Fashion,1209,UPI,2026-08-12 11:37:30,SUCCESS,11,
TXN003116,ACC0596,M001,TechKart,Electronics,4482,UPI,2026-08-21 11:37:30,SUCCESS,11,12960.0
TXN003117,ACC0597,M002,StyleHub,Fashion,1901,Card,2026-08-30 11:37:30,SUCCESS,11,
TXN003118,ACC0597,M003,FreshMart,Grocery,1034,UPI,2026-09-13 11:37:30,SUCCESS,11,20160.0
TXN003119,ACC0597,M002,StyleHub,Fashion,2340,UPI,2026-09-05 11:37:30,SUCCESS,11,-11520.0
TXN003120,ACC0598,M005,FitFuel,Health,1017,Card,2026-07-18 11:37:30,SUCCESS,11,
TXN003121,ACC0598,M001,TechKart,Electronics,1494,Card,2026-07-26 11:37:30,SUCCESS,11,11520.0
TXN003122,ACC0598,M001,TechKart,Electronics,2059,UPI,2026-07-28 11:37:30,SUCCESS,11,2880.0
TXN003123,ACC0599,M002,StyleHub,Fashion,1490,Card,2026-08-05 11:37:30,SUCCESS,11,
TXN003124,ACC0599,M005,FitFuel,Health,2474,Wallet,2026-08-18 11:37:30,SUCCESS,11,18720.0
TXN003125,ACC0599,M005,FitFuel,Health,1651,NetBanking,2026-08-27 11:37:30,SUCCESS,11,12960.0
TXN003126,ACC0599,M005,FitFuel,Health,2482,Card,2026-08-17 11:37:30,SUCCESS,11,-14400.0
TXN003127,ACC0599,M004,HomeNest,Furniture,5480,UPI,2026-08-25 11:37:30,SUCCESS,11,11520.0
TXN003128,ACC0600,M003,FreshMart,Grocery,682,Card,2026-07-09 11:37:30,SUCCESS,11,
TXN003129,ACC0600,M001,TechKart,Electronics,2407,UPI,2026-07-22 11:37:30,SUCCESS,11,18720.0
TXN003130,ACC0600,M005,FitFuel,Health,2204,Wallet,2026-07-25 11:37:30,SUCCESS,11,4320.0
TXN003131,ACC0600,M005,FitFuel,Health,772,Card,2026-08-23 11:37:30,SUCCESS,11,41760.0
TXN003132,ACC0600,M001,TechKart,Electronics,2682,Card,2026-07-25 11:37:30,SUCCESS,11,-41760.0
TXN003133,ACC0600,M001,TechKart,Electronics,4726,UPI,2026-08-28 11:37:30,SUCCESS,11,48960.0
TXN003134,ACC0600,M005,FitFuel,Health,853,UPI,2026-09-19 11:37:30,SUCCESS,11,31680.0
TXN003135,ACC0600,M005,FitFuel,Health,1249,Card,2026-08-06 11:37:30,SUCCESS,11,-63360.0
TXN003136,ACC0601,M005,FitFuel,Health,603,UPI,2026-08-28 11:37:30,SUCCESS,11,
TXN003137,ACC0601,M001,TechKart,Electronics,3578,UPI,2026-09-07 11:37:30,SUCCESS,11,14400.0
TXN003138,ACC0601,M003,FreshMart,Grocery,684,UPI,2026-09-03 11:37:30,SUCCESS,11,-5760.0
TXN003139,ACC0602,M004,HomeNest,Furniture,6018,NetBanking,2026-08-12 11:37:30,SUCCESS,11,
TXN003140,ACC0602,M002,StyleHub,Fashion,1303,Card,2026-08-17 11:37:30,SUCCESS,11,7200.0
TXN003141,ACC0602,M005,FitFuel,Health,905,Card,2026-08-18 11:37:30,SUCCESS,11,1440.0
TXN003142,ACC0603,M005,FitFuel,Health,628,Card,2026-07-11 11:37:30,SUCCESS,11,
TXN003143,ACC0603,M004,HomeNest,Furniture,3348,Card,2026-07-18 11:37:30,SUCCESS,11,10080.0
TXN003144,ACC0604,M001,TechKart,Electronics,894,Card,2026-07-22 11:37:30,SUCCESS,11,
TXN003145,ACC0604,M001,TechKart,Electronics,1048,UPI,2026-08-05 11:37:30,SUCCESS,11,20160.0
TXN003146,ACC0604,M005,FitFuel,Health,632,UPI,2026-07-30 11:37:30,SUCCESS,11,-8640.0
TXN003147,ACC0604,M004,HomeNest,Furniture,9807,NetBanking,2026-08-06 11:37:30,SUCCESS,11,10080.0
TXN003148,ACC0604,M005,FitFuel,Health,1821,UPI,2026-08-27 11:37:30,SUCCESS,11,30240.0
TXN003149,ACC0604,M005,FitFuel,Health,405,Card,2026-09-20 11:37:30,SUCCESS,11,34560.0
TXN003150,ACC0604,M003,FreshMart,Grocery,926,Card,2026-09-02 11:37:30,SUCCESS,11,-25920.0
TXN003151,ACC0604,M005,FitFuel,Health,1487,Card,2026-10-28 11:37:30,SUCCESS,11,80640.0
TXN003152,ACC0605,M005,FitFuel,Health,905,Card,2026-08-14 11:37:30,SUCCESS,11,
TXN003153,ACC0605,M005,FitFuel,Health,2252,UPI,2026-08-25 11:37:30,SUCCESS,11,15840.0
TXN003154,ACC0605,M001,TechKart,Electronics,2033,UPI,2026-09-03 11:37:30,SUCCESS,11,12960.0
TXN003155,ACC0605,M003,FreshMart,Grocery,1176,Card,2026-09-25 11:37:30,SUCCESS,11,31680.0
TXN003156,ACC0606,M004,HomeNest,Furniture,2330,UPI,2026-07-25 11:37:30,SUCCESS,11,
TXN003157,ACC0606,M001,TechKart,Electronics,1161,Card,2026-08-03 11:37:30,SUCCESS,11,12960.0
TXN003158,ACC0607,M002,StyleHub,Fashion,1947,UPI,2026-06-11 11:37:30,SUCCESS,11,
TXN003159,ACC0607,M001,TechKart,Electronics,3761,Card,2026-06-18 11:37:30,SUCCESS,11,10080.0
TXN003160,ACC0608,M004,HomeNest,Furniture,5094,Card,2026-06-28 11:37:30,SUCCESS,11,
TXN003161,ACC0608,M004,HomeNest,Furniture,3222,Card,2026-07-03 11:37:30,SUCCESS,11,7200.0
TXN003162,ACC0608,M002,StyleHub,Fashion,1717,UPI,2026-07-18 11:37:30,SUCCESS,11,21600.0
TXN003163,ACC0608,M003,FreshMart,Grocery,785,NetBanking,2026-07-04 11:37:30,SUCCESS,11,-20160.0
TXN003164,ACC0609,M001,TechKart,Electronics,1122,Card,2026-06-22 11:37:30,SUCCESS,11,
TXN003165,ACC0609,M004,HomeNest,Furniture,3703,UPI,2026-06-24 11:37:30,SUCCESS,11,2880.0
TXN003166,ACC0609,M005,FitFuel,Health,2184,Card,2026-07-14 11:37:30,SUCCESS,11,28800.0
TXN003167,ACC0609,M001,TechKart,Electronics,2313,UPI,2026-08-03 11:37:30,SUCCESS,11,28800.0
TXN003168,ACC0609,M003,FreshMart,Grocery,246,Wallet,2026-06-30 11:37:30,SUCCESS,11,-48960.0
TXN003169,ACC0609,M004,HomeNest,Furniture,4071,NetBanking,2026-09-05 11:37:30,SUCCESS,11,96480.0
TXN003170,ACC0609,M005,FitFuel,Health,2467,Card,2026-07-10 11:37:30,SUCCESS,11,-82080.0
TXN003171,ACC0609,M003,FreshMart,Grocery,1468,UPI,2026-08-03 11:37:30,SUCCESS,11,34560.0
TXN003172,ACC0610,M005,FitFuel,Health,1094,UPI,2026-07-02 11:37:30,SUCCESS,11,
TXN003173,ACC0610,M002,StyleHub,Fashion,662,UPI,2026-07-16 11:37:30,SUCCESS,11,20160.0
TXN003174,ACC0610,M002,StyleHub,Fashion,668,UPI,2026-07-12 11:37:30,SUCCESS,11,-5760.0
TXN003175,ACC0610,M005,FitFuel,Health,1508,Card,2026-07-26 11:37:30,SUCCESS,11,20160.0
TXN003176,ACC0610,M005,FitFuel,Health,1559,UPI,2026-08-11 11:37:30,SUCCESS,11,23040.0
TXN003177,ACC0611,M004,HomeNest,Furniture,8197,Card,2026-09-01 11:37:30,SUCCESS,11,
TXN003178,ACC0611,M005,FitFuel,Health,2064,UPI,2026-09-08 11:37:30,SUCCESS,11,10080.0
TXN003179,ACC0611,M003,FreshMart,Grocery,318,UPI,2026-09-13 11:37:30,SUCCESS,11,7200.0
TXN003180,ACC0612,M004,HomeNest,Furniture,3283,UPI,2026-07-16 11:37:30,SUCCESS,11,
TXN003181,ACC0612,M003,FreshMart,Grocery,745,NetBanking,2026-07-30 11:37:30,SUCCESS,11,20160.0
TXN003182,ACC0613,M002,StyleHub,Fashion,1911,UPI,2026-08-11 11:37:30,SUCCESS,11,
TXN003183,ACC0613,M002,StyleHub,Fashion,1603,UPI,2026-08-23 11:37:30,SUCCESS,11,17280.0
TXN003184,ACC0614,M001,TechKart,Electronics,4648,UPI,2026-09-01 11:37:30,SUCCESS,11,
TXN003185,ACC0614,M003,FreshMart,Grocery,745,UPI,2026-09-09 11:37:30,SUCCESS,11,11520.0
TXN003186,ACC0614,M005,FitFuel,Health,2369,Wallet,2026-10-01 11:37:30,SUCCESS,11,31680.0
TXN003187,ACC0614,M002,StyleHub,Fashion,846,UPI,2026-09-07 11:37:30,SUCCESS,11,-34560.0
TXN003188,ACC0614,M005,FitFuel,Health,2424,UPI,2026-10-11 11:37:30,SUCCESS,11,48960.0
TXN003189,ACC0614,M003,FreshMart,Grocery,424,UPI,2026-10-01 11:37:30,SUCCESS,11,-14400.0
TXN003190,ACC0614,M001,TechKart,Electronics,3584,UPI,2026-11-30 11:37:30,SUCCESS,11,86400.0
TXN003191,ACC0614,M001,TechKart,Electronics,3186,UPI,2026-11-24 11:37:30,SUCCESS,11,-8640.0
TXN003192,ACC0615,M003,FreshMart,Grocery,547,NetBanking,2026-08-08 11:37:30,SUCCESS,11,
TXN003193,ACC0615,M005,FitFuel,Health,1590,NetBanking,2026-08-14 11:37:30,SUCCESS,11,8640.0
TXN003194,ACC0615,M004,HomeNest,Furniture,7967,UPI,2026-08-14 11:37:30,SUCCESS,11,0.0
TXN003195,ACC0616,M001,TechKart,Electronics,4525,UPI,2026-08-21 11:37:30,SUCCESS,11,
TXN003196,ACC0616,M001,TechKart,Electronics,1195,Card,2026-09-03 11:37:30,SUCCESS,11,18720.0
TXN003197,ACC0616,M002,StyleHub,Fashion,774,Card,2026-08-31 11:37:30,SUCCESS,11,-4320.0
TXN003198,ACC0617,M002,StyleHub,Fashion,2058,Card,2026-07-02 11:37:30,SUCCESS,11,
TXN003199,ACC0617,M001,TechKart,Electronics,4131,NetBanking,2026-07-07 11:37:30,SUCCESS,11,7200.0
TXN003200,ACC0617,M001,TechKart,Electronics,1487,Wallet,2026-07-28 11:37:30,SUCCESS,11,30240.0
TXN003201,ACC0618,M003,FreshMart,Grocery,947,UPI,2026-07-01 11:37:30,SUCCESS,11,
TXN003202,ACC0618,M004,HomeNest,Furniture,8380,Card,2026-07-11 11:37:30,SUCCESS,11,14400.0
TXN003203,ACC0618,M005,FitFuel,Health,334,UPI,2026-07-31 11:37:30,SUCCESS,11,28800.0
TXN003204,ACC0618,M002,StyleHub,Fashion,508,Wallet,2026-07-13 11:37:30,SUCCESS,11,-25920.0
TXN003205,ACC0618,M005,FitFuel,Health,737,UPI,2026-07-09 11:37:30,SUCCESS,11,-5760.0
TXN003206,ACC0618,M001,TechKart,Electronics,1847,NetBanking,2026-08-10 11:37:30,SUCCESS,11,46080.0
TXN003207,ACC0619,M004,HomeNest,Furniture,4734,UPI,2026-09-02 11:37:30,SUCCESS,11,
TXN003208,ACC0619,M004,HomeNest,Furniture,4161,Card,2026-09-15 11:37:30,SUCCESS,11,18720.0
TXN003209,ACC0619,M005,FitFuel,Health,790,Wallet,2026-10-02 11:37:30,SUCCESS,11,24480.0
TXN003210,ACC0619,M001,TechKart,Electronics,2550,UPI,2026-09-26 11:37:30,SUCCESS,11,-8640.0
TXN003211,ACC0619,M003,FreshMart,Grocery,424,NetBanking,2026-10-16 11:37:30,SUCCESS,11,28800.0
TXN003212,ACC0619,M003,FreshMart,Grocery,1386,UPI,2026-09-17 11:37:30,SUCCESS,11,-41760.0
TXN003213,ACC0620,M005,FitFuel,Health,1474,UPI,2026-06-28 11:37:30,SUCCESS,11,
TXN003214,ACC0620,M002,StyleHub,Fashion,1347,UPI,2026-07-04 11:37:30,SUCCESS,11,8640.0
TXN003215,ACC0621,M001,TechKart,Electronics,1941,Card,2026-07-22 11:37:30,SUCCESS,11,
TXN003216,ACC0621,M002,StyleHub,Fashion,1098,NetBanking,2026-07-30 11:37:30,SUCCESS,11,11520.0
TXN003217,ACC0621,M002,StyleHub,Fashion,2471,UPI,2026-07-30 11:37:30,SUCCESS,11,0.0
TXN003218,ACC0621,M004,HomeNest,Furniture,4252,UPI,2026-08-06 11:37:30,SUCCESS,11,10080.0
TXN003219,ACC0621,M001,TechKart,Electronics,1555,UPI,2026-08-23 11:37:30,SUCCESS,11,24480.0
TXN003220,ACC0622,M003,FreshMart,Grocery,416,UPI,2026-06-06 11:37:30,SUCCESS,11,
TXN003221,ACC0622,M001,TechKart,Electronics,3805,Card,2026-06-14 11:37:30,SUCCESS,11,11520.0
TXN003222,ACC0623,M004,HomeNest,Furniture,9664,UPI,2026-07-22 11:37:30,SUCCESS,11,
TXN003223,ACC0623,M001,TechKart,Electronics,1586,UPI,2026-07-30 11:37:30,SUCCESS,11,11520.0
TXN003224,ACC0623,M004,HomeNest,Furniture,8392,NetBanking,2026-07-30 11:37:30,SUCCESS,11,0.0
TXN003225,ACC0623,M002,StyleHub,Fashion,626,UPI,2026-07-28 11:37:30,SUCCESS,11,-2880.0
TXN003226,ACC0623,M003,FreshMart,Grocery,949,UPI,2026-08-11 11:37:30,SUCCESS,11,20160.0
TXN003227,ACC0623,M001,TechKart,Electronics,1023,UPI,2026-09-15 11:37:30,SUCCESS,11,50400.0
TXN003228,ACC0623,M004,HomeNest,Furniture,2595,UPI,2026-10-02 11:37:30,SUCCESS,11,24480.0
TXN003229,ACC0623,M002,StyleHub,Fashion,809,Wallet,2026-10-21 11:37:30,SUCCESS,11,27360.0
TXN003230,ACC0624,M003,FreshMart,Grocery,878,UPI,2026-08-07 11:37:30,SUCCESS,11,
TXN003231,ACC0624,M005,FitFuel,Health,1051,UPI,2026-08-15 11:37:30,SUCCESS,11,11520.0
TXN003232,ACC0624,M004,HomeNest,Furniture,7131,NetBanking,2026-08-13 11:37:30,SUCCESS,11,-2880.0
TXN003233,ACC0624,M005,FitFuel,Health,884,Card,2026-08-31 11:37:30,SUCCESS,11,25920.0
TXN003234,ACC0624,M003,FreshMart,Grocery,744,Card,2026-09-16 11:37:30,SUCCESS,11,23040.0
TXN003235,ACC0624,M001,TechKart,Electronics,2783,UPI,2026-08-17 11:37:30,SUCCESS,11,-43200.0
TXN003236,ACC0624,M001,TechKart,Electronics,4465,Card,2026-10-06 11:37:30,SUCCESS,11,72000.0
TXN003237,ACC0624,M003,FreshMart,Grocery,636,UPI,2026-09-25 11:37:30,SUCCESS,11,-15840.0
TXN003238,ACC0625,M005,FitFuel,Health,859,UPI,2026-06-25 11:37:30,SUCCESS,11,
TXN003239,ACC0625,M002,StyleHub,Fashion,1933,Card,2026-06-30 11:37:30,SUCCESS,11,7200.0
TXN003240,ACC0625,M001,TechKart,Electronics,1639,Card,2026-07-01 11:37:30,SUCCESS,11,1440.0
TXN003241,ACC0625,M001,TechKart,Electronics,1189,UPI,2026-07-22 11:37:30,SUCCESS,11,30240.0
TXN003242,ACC0625,M005,FitFuel,Health,565,NetBanking,2026-08-08 11:37:30,SUCCESS,11,24480.0
TXN003243,ACC0625,M005,FitFuel,Health,1044,Wallet,2026-07-25 11:37:30,SUCCESS,11,-20160.0
TXN003244,ACC0625,M004,HomeNest,Furniture,4090,Card,2026-09-11 11:37:30,SUCCESS,11,69120.0
TXN003245,ACC0626,M005,FitFuel,Health,2023,Card,2026-07-14 11:37:30,SUCCESS,11,
TXN003246,ACC0626,M004,HomeNest,Furniture,9123,Card,2026-07-25 11:37:30,SUCCESS,11,15840.0
TXN003247,ACC0626,M005,FitFuel,Health,2168,UPI,2026-07-26 11:37:30,SUCCESS,11,1440.0
TXN003248,ACC0627,M005,FitFuel,Health,1799,Card,2026-07-28 11:37:30,SUCCESS,11,
TXN003249,ACC0627,M005,FitFuel,Health,1316,UPI,2026-08-09 11:37:30,SUCCESS,11,17280.0
TXN003250,ACC0627,M001,TechKart,Electronics,3211,UPI,2026-08-19 11:37:30,SUCCESS,11,14400.0
TXN003251,ACC0627,M003,FreshMart,Grocery,1316,Card,2026-08-27 11:37:30,SUCCESS,11,11520.0
TXN003252,ACC0627,M002,StyleHub,Fashion,1117,NetBanking,2026-09-26 11:37:30,SUCCESS,11,43200.0
TXN003253,ACC0627,M002,StyleHub,Fashion,1313,UPI,2026-08-12 11:37:30,SUCCESS,11,-64800.0
TXN003254,ACC0628,M005,FitFuel,Health,524,UPI,2026-07-10 11:37:30,SUCCESS,11,
TXN003255,ACC0628,M001,TechKart,Electronics,4674,UPI,2026-07-23 11:37:30,SUCCESS,11,18720.0
TXN003256,ACC0628,M001,TechKart,Electronics,4545,Card,2026-08-03 11:37:30,SUCCESS,11,15840.0
TXN003257,ACC0629,M002,StyleHub,Fashion,1284,UPI,2026-06-13 11:37:30,SUCCESS,11,
TXN003258,ACC0629,M002,StyleHub,Fashion,1302,UPI,2026-06-26 11:37:30,SUCCESS,11,18720.0
TXN003259,ACC0630,M002,StyleHub,Fashion,967,Card,2026-06-18 11:37:30,SUCCESS,11,
TXN003260,ACC0630,M001,TechKart,Electronics,3132,NetBanking,2026-06-28 11:37:30,SUCCESS,11,14400.0
TXN003261,ACC0630,M004,HomeNest,Furniture,9268,Card,2026-07-02 11:37:30,SUCCESS,11,5760.0
TXN003262,ACC0630,M005,FitFuel,Health,2078,UPI,2026-06-30 11:37:30,SUCCESS,11,-2880.0
TXN003263,ACC0630,M002,StyleHub,Fashion,2063,Card,2026-07-28 11:37:30,SUCCESS,11,40320.0
TXN003264,ACC0630,M005,FitFuel,Health,900,UPI,2026-07-23 11:37:30,SUCCESS,11,-7200.0
TXN003265,ACC0630,M001,TechKart,Electronics,3932,Card,2026-07-24 11:37:30,SUCCESS,11,1440.0
TXN003266,ACC0631,M001,TechKart,Electronics,2574,UPI,2026-07-13 11:37:30,SUCCESS,11,
TXN003267,ACC0631,M004,HomeNest,Furniture,2804,Card,2026-07-22 11:37:30,SUCCESS,11,12960.0
TXN003268,ACC0631,M002,StyleHub,Fashion,1179,NetBanking,2026-08-06 11:37:30,SUCCESS,11,21600.0
TXN003269,ACC0631,M005,FitFuel,Health,1679,Wallet,2026-08-03 11:37:30,SUCCESS,11,-4320.0
TXN003270,ACC0632,M002,StyleHub,Fashion,1493,UPI,2026-08-19 11:37:30,SUCCESS,11,
TXN003271,ACC0632,M002,StyleHub,Fashion,1672,NetBanking,2026-08-23 11:37:30,SUCCESS,11,5760.0
TXN003272,ACC0632,M001,TechKart,Electronics,1041,NetBanking,2026-08-31 11:37:30,SUCCESS,11,11520.0
TXN003273,ACC0632,M004,HomeNest,Furniture,8163,UPI,2026-08-31 11:37:30,SUCCESS,11,0.0
TXN003274,ACC0632,M005,FitFuel,Health,2078,Card,2026-08-27 11:37:30,SUCCESS,11,-5760.0
TXN003275,ACC0632,M001,TechKart,Electronics,1251,UPI,2026-09-28 11:37:30,SUCCESS,11,46080.0
TXN003276,ACC0632,M004,HomeNest,Furniture,6127,UPI,2026-11-11 11:37:30,SUCCESS,11,63360.0
TXN003277,ACC0632,M002,StyleHub,Fashion,1771,NetBanking,2026-09-09 11:37:30,SUCCESS,11,-90720.0
TXN003278,ACC0633,M001,TechKart,Electronics,3873,UPI,2026-08-31 11:37:30,SUCCESS,11,
TXN003279,ACC0633,M003,FreshMart,Grocery,314,UPI,2026-09-11 11:37:30,SUCCESS,11,15840.0
TXN003280,ACC0633,M001,TechKart,Electronics,3432,UPI,2026-09-22 11:37:30,SUCCESS,11,15840.0
TXN003281,ACC0633,M002,StyleHub,Fashion,1202,NetBanking,2026-09-24 11:37:30,SUCCESS,11,2880.0
TXN003282,ACC0633,M004,HomeNest,Furniture,7136,UPI,2026-10-06 11:37:30,SUCCESS,11,17280.0
TXN003283,ACC0633,M003,FreshMart,Grocery,601,Card,2026-11-04 11:37:30,SUCCESS,11,41760.0
TXN003284,ACC0633,M001,TechKart,Electronics,4857,UPI,2026-10-06 11:37:30,SUCCESS,11,-41760.0
TXN003285,ACC0633,M003,FreshMart,Grocery,950,UPI,2026-11-16 11:37:30,SUCCESS,11,59040.0
TXN003286,ACC0634,M004,HomeNest,Furniture,8250,NetBanking,2026-07-08 11:37:30,SUCCESS,11,
TXN003287,ACC0634,M002,StyleHub,Fashion,961,UPI,2026-07-20 11:37:30,SUCCESS,11,17280.0
TXN003288,ACC0634,M001,TechKart,Electronics,4831,Card,2026-07-28 11:37:30,SUCCESS,11,11520.0
TXN003289,ACC0634,M004,HomeNest,Furniture,9559,UPI,2026-08-22 11:37:30,SUCCESS,11,36000.0
TXN003290,ACC0634,M002,StyleHub,Fashion,673,Card,2026-07-16 11:37:30,SUCCESS,11,-53280.0
TXN003291,ACC0634,M001,TechKart,Electronics,4054,Wallet,2026-08-07 11:37:30,SUCCESS,11,31680.0
TXN003292,ACC0634,M005,FitFuel,Health,1376,UPI,2026-09-18 11:37:30,SUCCESS,11,60480.0
TXN003293,ACC0635,M004,HomeNest,Furniture,3901,UPI,2026-08-09 11:37:30,SUCCESS,11,
TXN003294,ACC0635,M003,FreshMart,Grocery,882,Card,2026-08-13 11:37:30,SUCCESS,11,5760.0
TXN003295,ACC0635,M002,StyleHub,Fashion,1812,Wallet,2026-08-17 11:37:30,SUCCESS,11,5760.0
TXN003296,ACC0636,M005,FitFuel,Health,624,UPI,2026-08-21 11:37:30,SUCCESS,11,
TXN003297,ACC0636,M002,StyleHub,Fashion,816,UPI,2026-08-26 11:37:30,SUCCESS,11,7200.0
TXN003298,ACC0636,M001,TechKart,Electronics,3911,UPI,2026-08-29 11:37:30,SUCCESS,11,4320.0
TXN003299,ACC0636,M004,HomeNest,Furniture,3949,NetBanking,2026-10-02 11:37:30,SUCCESS,11,48960.0
TXN003300,ACC0636,M003,FreshMart,Grocery,421,UPI,2026-10-08 11:37:30,SUCCESS,11,8640.0
TXN003301,ACC0637,M004,HomeNest,Furniture,2993,UPI,2026-06-22 11:37:30,SUCCESS,11,
TXN003302,ACC0637,M001,TechKart,Electronics,3230,UPI,2026-07-01 11:37:30,SUCCESS,11,12960.0
TXN003303,ACC0637,M001,TechKart,Electronics,2181,NetBanking,2026-07-14 11:37:30,SUCCESS,11,18720.0
TXN003304,ACC0637,M001,TechKart,Electronics,1953,NetBanking,2026-07-13 11:37:30,SUCCESS,11,-1440.0
TXN003305,ACC0637,M005,FitFuel,Health,476,Wallet,2026-07-16 11:37:30,SUCCESS,11,4320.0
TXN003306,ACC0637,M004,HomeNest,Furniture,4256,UPI,2026-07-07 11:37:30,SUCCESS,11,-12960.0
TXN003307,ACC0638,M002,StyleHub,Fashion,1424,NetBanking,2026-08-04 11:37:30,SUCCESS,11,
TXN003308,ACC0638,M004,HomeNest,Furniture,6376,UPI,2026-08-12 11:37:30,SUCCESS,11,11520.0
TXN003309,ACC0639,M004,HomeNest,Furniture,7466,UPI,2026-07-06 11:37:30,SUCCESS,11,
TXN003310,ACC0639,M001,TechKart,Electronics,914,NetBanking,2026-07-10 11:37:30,SUCCESS,11,5760.0
TXN003311,ACC0639,M001,TechKart,Electronics,4826,NetBanking,2026-07-30 11:37:30,SUCCESS,11,28800.0
TXN003312,ACC0640,M002,StyleHub,Fashion,819,Card,2026-06-27 11:37:30,SUCCESS,11,
TXN003313,ACC0640,M005,FitFuel,Health,2019,UPI,2026-07-03 11:37:30,SUCCESS,11,8640.0
TXN003314,ACC0640,M003,FreshMart,Grocery,1156,Card,2026-07-17 11:37:30,SUCCESS,11,20160.0
TXN003315,ACC0640,M005,FitFuel,Health,2093,UPI,2026-08-02 11:37:30,SUCCESS,11,23040.0
TXN003316,ACC0640,M002,StyleHub,Fashion,1395,NetBanking,2026-07-29 11:37:30,SUCCESS,11,-5760.0
TXN003317,ACC0640,M005,FitFuel,Health,1025,UPI,2026-09-10 11:37:30,SUCCESS,11,61920.0
TXN003318,ACC0641,M003,FreshMart,Grocery,618,Card,2026-07-13 11:37:30,SUCCESS,11,
TXN003319,ACC0641,M001,TechKart,Electronics,4837,Card,2026-07-22 11:37:30,SUCCESS,11,12960.0
TXN003320,ACC0641,M005,FitFuel,Health,2055,UPI,2026-08-04 11:37:30,SUCCESS,11,18720.0
TXN003321,ACC0641,M004,HomeNest,Furniture,5918,Card,2026-07-22 11:37:30,SUCCESS,11,-18720.0
TXN003322,ACC0642,M004,HomeNest,Furniture,6245,Card,2026-07-02 11:37:30,SUCCESS,11,
TXN003323,ACC0642,M001,TechKart,Electronics,3790,Card,2026-07-06 11:37:30,SUCCESS,11,5760.0
TXN003324,ACC0642,M005,FitFuel,Health,888,UPI,2026-07-18 11:37:30,SUCCESS,11,17280.0
TXN003325,ACC0642,M002,StyleHub,Fashion,1139,UPI,2026-08-16 11:37:30,SUCCESS,11,41760.0
TXN003326,ACC0642,M003,FreshMart,Grocery,476,UPI,2026-07-30 11:37:30,SUCCESS,11,-24480.0
TXN003327,ACC0643,M003,FreshMart,Grocery,180,Card,2026-06-09 11:37:30,SUCCESS,11,
TXN003328,ACC0643,M004,HomeNest,Furniture,9676,UPI,2026-06-19 11:37:30,SUCCESS,11,14400.0
TXN003329,ACC0643,M004,HomeNest,Furniture,6664,UPI,2026-06-21 11:37:30,SUCCESS,11,2880.0
TXN003330,ACC0643,M005,FitFuel,Health,1013,UPI,2026-06-18 11:37:30,SUCCESS,11,-4320.0
TXN003331,ACC0643,M002,StyleHub,Fashion,1740,Card,2026-07-23 11:37:30,SUCCESS,11,50400.0
TXN003332,ACC0644,M005,FitFuel,Health,2488,Card,2026-06-19 11:37:30,SUCCESS,11,
TXN003333,ACC0644,M002,StyleHub,Fashion,2161,Card,2026-06-25 11:37:30,SUCCESS,11,8640.0
TXN003334,ACC0644,M003,FreshMart,Grocery,1269,NetBanking,2026-07-09 11:37:30,SUCCESS,11,20160.0
TXN003335,ACC0644,M002,StyleHub,Fashion,554,NetBanking,2026-07-01 11:37:30,SUCCESS,11,-11520.0
TXN003336,ACC0644,M001,TechKart,Electronics,2682,Card,2026-08-14 11:37:30,SUCCESS,11,63360.0
TXN003337,ACC0645,M005,FitFuel,Health,1327,UPI,2026-07-10 11:37:30,SUCCESS,11,
TXN003338,ACC0645,M002,StyleHub,Fashion,1621,NetBanking,2026-07-16 11:37:30,SUCCESS,11,8640.0
TXN003339,ACC0645,M005,FitFuel,Health,2397,Card,2026-07-24 11:37:30,SUCCESS,11,11520.0
TXN003340,ACC0645,M001,TechKart,Electronics,3122,UPI,2026-07-19 11:37:30,SUCCESS,11,-7200.0
TXN003341,ACC0645,M005,FitFuel,Health,2378,UPI,2026-08-27 11:37:30,SUCCESS,11,56160.0
TXN003342,ACC0645,M001,TechKart,Electronics,4415,UPI,2026-09-18 11:37:30,SUCCESS,11,31680.0
TXN003343,ACC0646,M004,HomeNest,Furniture,5666,UPI,2026-08-04 11:37:30,SUCCESS,11,
TXN003344,ACC0646,M005,FitFuel,Health,1064,UPI,2026-08-09 11:37:30,SUCCESS,11,7200.0
TXN003345,ACC0646,M004,HomeNest,Furniture,4251,UPI,2026-08-26 11:37:30,SUCCESS,11,24480.0
TXN003346,ACC0647,M004,HomeNest,Furniture,6054,Card,2026-06-17 11:37:30,SUCCESS,11,
TXN003347,ACC0647,M004,HomeNest,Furniture,6439,UPI,2026-06-26 11:37:30,SUCCESS,11,12960.0
TXN003348,ACC0648,M005,FitFuel,Health,2336,Card,2026-06-22 11:37:30,SUCCESS,11,
TXN003349,ACC0648,M002,StyleHub,Fashion,1711,UPI,2026-06-26 11:37:30,SUCCESS,11,5760.0
TXN003350,ACC0648,M004,HomeNest,Furniture,8142,UPI,2026-07-02 11:37:30,SUCCESS,11,8640.0
TXN003351,ACC0648,M005,FitFuel,Health,1603,Card,2026-07-28 11:37:30,SUCCESS,11,37440.0
TXN003352,ACC0648,M004,HomeNest,Furniture,7271,UPI,2026-06-30 11:37:30,SUCCESS,11,-40320.0
TXN003353,ACC0648,M002,StyleHub,Fashion,1910,UPI,2026-08-21 11:37:30,SUCCESS,11,74880.0
TXN003354,ACC0649,M003,FreshMart,Grocery,949,UPI,2026-08-31 11:37:30,SUCCESS,11,
TXN003355,ACC0649,M003,FreshMart,Grocery,1085,Card,2026-09-11 11:37:30,SUCCESS,11,15840.0
TXN003356,ACC0649,M001,TechKart,Electronics,2175,UPI,2026-09-04 11:37:30,SUCCESS,11,-10080.0
TXN003357,ACC0649,M002,StyleHub,Fashion,1803,NetBanking,2026-09-30 11:37:30,SUCCESS,11,37440.0
TXN003358,ACC0650,M005,FitFuel,Health,1910,UPI,2026-08-02 11:37:30,SUCCESS,11,
TXN003359,ACC0650,M002,StyleHub,Fashion,974,UPI,2026-08-10 11:37:30,SUCCESS,11,11520.0
TXN003360,ACC0650,M005,FitFuel,Health,1504,UPI,2026-09-01 11:37:30,SUCCESS,11,31680.0
TXN003361,ACC0650,M002,StyleHub,Fashion,1502,Card,2026-08-17 11:37:30,SUCCESS,11,-21600.0
TXN003362,ACC0651,M002,StyleHub,Fashion,822,UPI,2026-08-06 11:37:30,SUCCESS,11,
TXN003363,ACC0651,M003,FreshMart,Grocery,313,Card,2026-08-10 11:37:30,SUCCESS,11,5760.0
TXN003364,ACC0651,M002,StyleHub,Fashion,1783,Card,2026-08-20 11:37:30,SUCCESS,11,14400.0
TXN003365,ACC0651,M002,StyleHub,Fashion,1806,UPI,2026-09-02 11:37:30,SUCCESS,11,18720.0
TXN003366,ACC0651,M002,StyleHub,Fashion,2053,Wallet,2026-09-19 11:37:30,SUCCESS,11,24480.0
TXN003367,ACC0651,M002,StyleHub,Fashion,1806,UPI,2026-08-31 11:37:30,SUCCESS,11,-27360.0
TXN003368,ACC0651,M003,FreshMart,Grocery,359,UPI,2026-10-29 11:37:30,SUCCESS,11,84960.0
TXN003369,ACC0651,M001,TechKart,Electronics,4004,UPI,2026-10-15 11:37:30,SUCCESS,11,-20160.0
TXN003370,ACC0652,M005,FitFuel,Health,1376,Wallet,2026-06-13 11:37:30,SUCCESS,11,
TXN003371,ACC0652,M005,FitFuel,Health,1628,UPI,2026-06-28 11:37:30,SUCCESS,11,21600.0
TXN003372,ACC0653,M003,FreshMart,Grocery,685,UPI,2026-07-03 11:37:30,SUCCESS,11,
TXN003373,ACC0653,M003,FreshMart,Grocery,1436,Card,2026-07-08 11:37:30,SUCCESS,11,7200.0
TXN003374,ACC0653,M005,FitFuel,Health,605,Wallet,2026-07-27 11:37:30,SUCCESS,11,27360.0
TXN003375,ACC0653,M004,HomeNest,Furniture,6907,UPI,2026-07-12 11:37:30,SUCCESS,11,-21600.0
TXN003376,ACC0654,M003,FreshMart,Grocery,1341,UPI,2026-08-09 11:37:30,SUCCESS,11,
TXN003377,ACC0654,M001,TechKart,Electronics,1504,NetBanking,2026-08-23 11:37:30,SUCCESS,11,20160.0
TXN003378,ACC0655,M001,TechKart,Electronics,3464,UPI,2026-07-15 11:37:30,SUCCESS,11,
TXN003379,ACC0655,M003,FreshMart,Grocery,821,UPI,2026-07-18 11:37:30,SUCCESS,11,4320.0
TXN003380,ACC0655,M002,StyleHub,Fashion,1899,Card,2026-07-25 11:37:30,SUCCESS,11,10080.0
TXN003381,ACC0656,M005,FitFuel,Health,698,UPI,2026-07-12 11:37:30,SUCCESS,11,
TXN003382,ACC0656,M004,HomeNest,Furniture,8975,UPI,2026-07-20 11:37:30,SUCCESS,11,11520.0
TXN003383,ACC0656,M005,FitFuel,Health,1388,Wallet,2026-07-16 11:37:30,SUCCESS,11,-5760.0
TXN003384,ACC0657,M001,TechKart,Electronics,3122,Wallet,2026-06-06 11:37:30,SUCCESS,11,
TXN003385,ACC0657,M001,TechKart,Electronics,1088,Card,2026-06-20 11:37:30,SUCCESS,11,20160.0
TXN003386,ACC0657,M004,HomeNest,Furniture,5136,Card,2026-06-14 11:37:30,SUCCESS,11,-8640.0
TXN003387,ACC0658,M005,FitFuel,Health,2236,Card,2026-06-06 11:37:30,SUCCESS,11,
TXN003388,ACC0658,M002,StyleHub,Fashion,2357,UPI,2026-06-17 11:37:30,SUCCESS,11,15840.0
TXN003389,ACC0659,M005,FitFuel,Health,2457,Card,2026-08-18 11:37:30,SUCCESS,11,
TXN003390,ACC0659,M003,FreshMart,Grocery,973,UPI,2026-09-01 11:37:30,SUCCESS,11,20160.0
TXN003391,ACC0659,M003,FreshMart,Grocery,1291,NetBanking,2026-08-26 11:37:30,SUCCESS,11,-8640.0
TXN003392,ACC0659,M004,HomeNest,Furniture,5408,UPI,2026-09-29 11:37:30,SUCCESS,11,48960.0
TXN003393,ACC0660,M004,HomeNest,Furniture,8490,Card,2026-06-21 11:37:30,SUCCESS,11,
TXN003394,ACC0660,M004,HomeNest,Furniture,4289,UPI,2026-07-01 11:37:30,SUCCESS,11,14400.0
TXN003395,ACC0660,M002,StyleHub,Fashion,2418,Card,2026-06-29 11:37:30,SUCCESS,11,-2880.0
TXN003396,ACC0660,M003,FreshMart,Grocery,722,UPI,2026-07-21 11:37:30,SUCCESS,11,31680.0
TXN003397,ACC0661,M003,FreshMart,Grocery,799,Card,2026-06-20 11:37:30,SUCCESS,11,
TXN003398,ACC0661,M005,FitFuel,Health,1479,UPI,2026-07-05 11:37:30,SUCCESS,11,21600.0
TXN003399,ACC0661,M003,FreshMart,Grocery,1408,Wallet,2026-06-28 11:37:30,SUCCESS,11,-10080.0
TXN003400,ACC0661,M004,HomeNest,Furniture,4722,UPI,2026-06-29 11:37:30,SUCCESS,11,1440.0
TXN003401,ACC0662,M001,TechKart,Electronics,2077,NetBanking,2026-09-03 11:37:30,SUCCESS,11,
TXN003402,ACC0662,M002,StyleHub,Fashion,1350,UPI,2026-09-10 11:37:30,SUCCESS,11,10080.0
TXN003403,ACC0662,M002,StyleHub,Fashion,874,Card,2026-09-13 11:37:30,SUCCESS,11,4320.0
TXN003404,ACC0662,M003,FreshMart,Grocery,291,UPI,2026-10-18 11:37:30,SUCCESS,11,50400.0
TXN003405,ACC0662,M003,FreshMart,Grocery,1134,UPI,2026-10-01 11:37:30,SUCCESS,11,-24480.0
TXN003406,ACC0662,M004,HomeNest,Furniture,6551,Card,2026-09-28 11:37:30,SUCCESS,11,-4320.0
TXN003407,ACC0662,M001,TechKart,Electronics,3125,UPI,2026-11-14 11:37:30,SUCCESS,11,67680.0
TXN003408,ACC0662,M005,FitFuel,Health,2449,Card,2026-12-17 11:37:30,SUCCESS,11,47520.0
TXN003409,ACC0663,M004,HomeNest,Furniture,3180,UPI,2026-06-20 11:37:30,SUCCESS,11,
TXN003410,ACC0663,M002,StyleHub,Fashion,2132,UPI,2026-07-05 11:37:30,SUCCESS,11,21600.0
TXN003411,ACC0663,M004,HomeNest,Furniture,7893,Wallet,2026-07-14 11:37:30,SUCCESS,11,12960.0
TXN003412,ACC0663,M004,HomeNest,Furniture,3226,Card,2026-07-26 11:37:30,SUCCESS,11,17280.0
TXN003413,ACC0663,M003,FreshMart,Grocery,1205,Wallet,2026-07-06 11:37:30,SUCCESS,11,-28800.0
TXN003414,ACC0664,M003,FreshMart,Grocery,578,Wallet,2026-08-13 11:37:30,SUCCESS,11,
TXN003415,ACC0664,M005,FitFuel,Health,1194,NetBanking,2026-08-16 11:37:30,SUCCESS,11,4320.0
TXN003416,ACC0664,M005,FitFuel,Health,733,Card,2026-08-21 11:37:30,SUCCESS,11,7200.0
TXN003417,ACC0664,M001,TechKart,Electronics,1834,UPI,2026-08-28 11:37:30,SUCCESS,11,10080.0
TXN003418,ACC0664,M001,TechKart,Electronics,3297,Card,2026-08-29 11:37:30,SUCCESS,11,1440.0
TXN003419,ACC0664,M004,HomeNest,Furniture,8048,UPI,2026-08-23 11:37:30,SUCCESS,11,-8640.0
TXN003420,ACC0664,M005,FitFuel,Health,1302,UPI,2026-08-31 11:37:30,SUCCESS,11,11520.0
TXN003421,ACC0665,M005,FitFuel,Health,2197,UPI,2026-08-14 11:37:30,SUCCESS,11,
TXN003422,ACC0665,M002,StyleHub,Fashion,2331,UPI,2026-08-24 11:37:30,SUCCESS,11,14400.0
TXN003423,ACC0665,M001,TechKart,Electronics,4535,UPI,2026-09-09 11:37:30,SUCCESS,11,23040.0
TXN003424,ACC0665,M003,FreshMart,Grocery,1133,UPI,2026-08-26 11:37:30,SUCCESS,11,-20160.0
TXN003425,ACC0665,M003,FreshMart,Grocery,1301,Card,2026-09-07 11:37:30,SUCCESS,11,17280.0
TXN003426,ACC0666,M002,StyleHub,Fashion,533,UPI,2026-08-17 11:37:30,SUCCESS,11,
TXN003427,ACC0666,M001,TechKart,Electronics,4985,NetBanking,2026-08-28 11:37:30,SUCCESS,11,15840.0
TXN003428,ACC0666,M004,HomeNest,Furniture,5132,NetBanking,2026-09-16 11:37:30,SUCCESS,11,27360.0
TXN003429,ACC0666,M002,StyleHub,Fashion,818,UPI,2026-09-16 11:37:30,SUCCESS,11,0.0
TXN003430,ACC0666,M002,StyleHub,Fashion,2200,Wallet,2026-09-26 11:37:30,SUCCESS,11,14400.0
TXN003431,ACC0667,M001,TechKart,Electronics,4545,Card,2026-07-05 11:37:30,SUCCESS,11,
TXN003432,ACC0667,M004,HomeNest,Furniture,8448,Card,2026-07-10 11:37:30,SUCCESS,11,7200.0
TXN003433,ACC0667,M005,FitFuel,Health,1062,Wallet,2026-07-15 11:37:30,SUCCESS,11,7200.0
TXN003434,ACC0667,M003,FreshMart,Grocery,522,UPI,2026-07-11 11:37:30,SUCCESS,11,-5760.0
TXN003435,ACC0667,M005,FitFuel,Health,1176,Card,2026-08-18 11:37:30,SUCCESS,11,54720.0
TXN003436,ACC0667,M001,TechKart,Electronics,4298,Card,2026-07-25 11:37:30,SUCCESS,11,-34560.0
TXN003437,ACC0667,M005,FitFuel,Health,608,Card,2026-09-15 11:37:30,SUCCESS,11,74880.0
TXN003438,ACC0668,M002,StyleHub,Fashion,1368,NetBanking,2026-06-25 11:37:30,SUCCESS,11,
TXN003439,ACC0668,M003,FreshMart,Grocery,650,Card,2026-07-02 11:37:30,SUCCESS,11,10080.0
TXN003440,ACC0668,M005,FitFuel,Health,1132,UPI,2026-07-25 11:37:30,SUCCESS,11,33120.0
TXN003441,ACC0669,M001,TechKart,Electronics,4806,Card,2026-07-31 11:37:30,SUCCESS,11,
TXN003442,ACC0669,M004,HomeNest,Furniture,3792,UPI,2026-08-09 11:37:30,SUCCESS,11,12960.0
TXN003443,ACC0669,M003,FreshMart,Grocery,656,Wallet,2026-08-16 11:37:30,SUCCESS,11,10080.0
TXN003444,ACC0669,M003,FreshMart,Grocery,684,NetBanking,2026-09-02 11:37:30,SUCCESS,11,24480.0
TXN003445,ACC0670,M001,TechKart,Electronics,2278,NetBanking,2026-07-02 11:37:30,SUCCESS,11,
TXN003446,ACC0670,M005,FitFuel,Health,2097,UPI,2026-07-13 11:37:30,SUCCESS,11,15840.0
TXN003447,ACC0670,M002,StyleHub,Fashion,2202,UPI,2026-07-24 11:37:30,SUCCESS,11,15840.0
TXN003448,ACC0670,M003,FreshMart,Grocery,654,Card,2026-07-08 11:37:30,SUCCESS,11,-23040.0
TXN003449,ACC0670,M004,HomeNest,Furniture,8223,UPI,2026-08-15 11:37:30,SUCCESS,11,54720.0
TXN003450,ACC0670,M001,TechKart,Electronics,2555,UPI,2026-08-16 11:37:30,SUCCESS,11,1440.0
TXN003451,ACC0671,M005,FitFuel,Health,2425,UPI,2026-07-24 11:37:30,SUCCESS,11,
TXN003452,ACC0671,M001,TechKart,Electronics,1607,UPI,2026-07-28 11:37:30,SUCCESS,11,5760.0
TXN003453,ACC0671,M004,HomeNest,Furniture,7973,Card,2026-08-07 11:37:30,SUCCESS,11,14400.0
TXN003454,ACC0671,M001,TechKart,Electronics,2343,UPI,2026-09-07 11:37:30,SUCCESS,11,44640.0
TXN003455,ACC0671,M003,FreshMart,Grocery,1285,UPI,2026-08-01 11:37:30,SUCCESS,11,-53280.0
TXN003456,ACC0671,M004,HomeNest,Furniture,6248,UPI,2026-10-02 11:37:30,SUCCESS,11,89280.0
TXN003457,ACC0671,M005,FitFuel,Health,2095,UPI,2026-10-22 11:37:30,SUCCESS,11,28800.0
TXN003458,ACC0671,M003,FreshMart,Grocery,1203,UPI,2026-08-28 11:37:30,SUCCESS,11,-79200.0
TXN003459,ACC0672,M004,HomeNest,Furniture,9571,UPI,2026-06-14 11:37:30,SUCCESS,11,
TXN003460,ACC0672,M001,TechKart,Electronics,2454,UPI,2026-06-29 11:37:30,SUCCESS,11,21600.0
TXN003461,ACC0672,M002,StyleHub,Fashion,1988,Card,2026-06-26 11:37:30,SUCCESS,11,-4320.0
TXN003462,ACC0673,M005,FitFuel,Health,1613,UPI,2026-06-22 11:37:30,SUCCESS,11,
TXN003463,ACC0673,M003,FreshMart,Grocery,483,Wallet,2026-06-25 11:37:30,SUCCESS,11,4320.0
TXN003464,ACC0673,M005,FitFuel,Health,683,UPI,2026-07-22 11:37:30,SUCCESS,11,38880.0
TXN003465,ACC0673,M005,FitFuel,Health,985,Card,2026-07-04 11:37:30,SUCCESS,11,-25920.0
TXN003466,ACC0673,M005,FitFuel,Health,1726,Card,2026-08-13 11:37:30,SUCCESS,11,57600.0
TXN003467,ACC0673,M003,FreshMart,Grocery,557,UPI,2026-07-07 11:37:30,SUCCESS,11,-53280.0
TXN003468,ACC0673,M005,FitFuel,Health,1089,UPI,2026-09-02 11:37:30,SUCCESS,11,82080.0
TXN003469,ACC0673,M002,StyleHub,Fashion,420,Card,2026-10-05 11:37:30,SUCCESS,11,47520.0
TXN003470,ACC0674,M005,FitFuel,Health,2347,UPI,2026-08-24 11:37:30,SUCCESS,11,
TXN003471,ACC0674,M002,StyleHub,Fashion,2029,UPI,2026-08-27 11:37:30,SUCCESS,11,4320.0
TXN003472,ACC0674,M002,StyleHub,Fashion,873,UPI,2026-09-01 11:37:30,SUCCESS,11,7200.0
TXN003473,ACC0674,M004,HomeNest,Furniture,5359,UPI,2026-09-02 11:37:30,SUCCESS,11,1440.0
TXN003474,ACC0674,M002,StyleHub,Fashion,619,UPI,2026-10-11 11:37:30,SUCCESS,11,56160.0
TXN003475,ACC0675,M001,TechKart,Electronics,1723,UPI,2026-06-09 11:37:30,SUCCESS,11,
TXN003476,ACC0675,M002,StyleHub,Fashion,1140,UPI,2026-06-12 11:37:30,SUCCESS,11,4320.0
TXN003477,ACC0675,M001,TechKart,Electronics,4457,UPI,2026-07-01 11:37:30,SUCCESS,11,27360.0
TXN003478,ACC0675,M005,FitFuel,Health,2092,Wallet,2026-06-30 11:37:30,SUCCESS,11,-1440.0
TXN003479,ACC0675,M005,FitFuel,Health,1176,UPI,2026-06-29 11:37:30,SUCCESS,11,-1440.0
TXN003480,ACC0675,M002,StyleHub,Fashion,2167,UPI,2026-08-03 11:37:30,SUCCESS,11,50400.0
TXN003481,ACC0675,M005,FitFuel,Health,354,Card,2026-07-09 11:37:30,SUCCESS,11,-36000.0
TXN003482,ACC0675,M003,FreshMart,Grocery,1216,UPI,2026-08-11 11:37:30,SUCCESS,11,47520.0
TXN003483,ACC0676,M001,TechKart,Electronics,1538,UPI,2026-07-29 11:37:30,SUCCESS,11,
TXN003484,ACC0676,M005,FitFuel,Health,1917,Card,2026-08-12 11:37:30,SUCCESS,11,20160.0
TXN003485,ACC0676,M003,FreshMart,Grocery,167,Card,2026-08-06 11:37:30,SUCCESS,11,-8640.0
TXN003486,ACC0676,M002,StyleHub,Fashion,1014,Card,2026-08-19 11:37:30,SUCCESS,11,18720.0
TXN003487,ACC0676,M002,StyleHub,Fashion,470,NetBanking,2026-08-30 11:37:30,SUCCESS,11,15840.0
TXN003488,ACC0676,M002,StyleHub,Fashion,1902,Wallet,2026-09-22 11:37:30,SUCCESS,11,33120.0
TXN003489,ACC0676,M004,HomeNest,Furniture,8878,Card,2026-09-09 11:37:30,SUCCESS,11,-18720.0
TXN003490,ACC0676,M001,TechKart,Electronics,2558,Card,2026-11-04 11:37:30,SUCCESS,11,80640.0
TXN003491,ACC0677,M002,StyleHub,Fashion,2433,NetBanking,2026-06-19 11:37:30,SUCCESS,11,
TXN003492,ACC0677,M001,TechKart,Electronics,2674,Wallet,2026-07-03 11:37:30,SUCCESS,11,20160.0
TXN003493,ACC0677,M002,StyleHub,Fashion,1528,UPI,2026-06-25 11:37:30,SUCCESS,11,-11520.0
TXN003494,ACC0677,M005,FitFuel,Health,1637,UPI,2026-07-10 11:37:30,SUCCESS,11,21600.0
TXN003495,ACC0677,M003,FreshMart,Grocery,416,UPI,2026-07-21 11:37:30,SUCCESS,11,15840.0
TXN003496,ACC0677,M003,FreshMart,Grocery,303,NetBanking,2026-06-29 11:37:30,SUCCESS,11,-31680.0
TXN003497,ACC0678,M002,StyleHub,Fashion,2373,Wallet,2026-08-15 11:37:30,SUCCESS,11,
TXN003498,ACC0678,M001,TechKart,Electronics,3764,Card,2026-08-23 11:37:30,SUCCESS,11,11520.0
TXN003499,ACC0678,M002,StyleHub,Fashion,2426,UPI,2026-09-02 11:37:30,SUCCESS,11,14400.0
TXN003500,ACC0678,M005,FitFuel,Health,551,UPI,2026-08-27 11:37:30,SUCCESS,11,-8640.0
TXN003501,ACC0678,M001,TechKart,Electronics,4332,UPI,2026-10-06 11:37:30,SUCCESS,11,57600.0
TXN003502,ACC0678,M001,TechKart,Electronics,4177,UPI,2026-10-09 11:37:30,SUCCESS,11,4320.0
TXN003503,ACC0678,M003,FreshMart,Grocery,1237,Card,2026-09-08 11:37:30,SUCCESS,11,-44640.0
TXN003504,ACC0678,M003,FreshMart,Grocery,804,UPI,2026-09-05 11:37:30,SUCCESS,11,-4320.0
TXN003505,ACC0679,M001,TechKart,Electronics,2617,Card,2026-08-14 11:37:30,SUCCESS,11,
TXN003506,ACC0679,M003,FreshMart,Grocery,216,UPI,2026-08-29 11:37:30,SUCCESS,11,21600.0
TXN003507,ACC0679,M001,TechKart,Electronics,3775,Wallet,2026-08-20 11:37:30,SUCCESS,11,-12960.0
TXN003508,ACC0679,M004,HomeNest,Furniture,6623,Wallet,2026-09-07 11:37:30,SUCCESS,11,25920.0
TXN003509,ACC0679,M004,HomeNest,Furniture,5019,UPI,2026-10-01 11:37:30,SUCCESS,11,34560.0
TXN003510,ACC0679,M003,FreshMart,Grocery,1425,UPI,2026-10-23 11:37:30,SUCCESS,11,31680.0
TXN003511,ACC0679,M005,FitFuel,Health,1725,UPI,2026-10-07 11:37:30,SUCCESS,11,-23040.0
TXN003512,ACC0679,M002,StyleHub,Fashion,1408,UPI,2026-10-09 11:37:30,SUCCESS,11,2880.0
TXN003513,ACC0680,M003,FreshMart,Grocery,1095,UPI,2026-08-21 11:37:30,SUCCESS,11,
TXN003514,ACC0680,M001,TechKart,Electronics,1286,Card,2026-08-24 11:37:30,SUCCESS,11,4320.0
TXN003515,ACC0680,M005,FitFuel,Health,802,UPI,2026-09-18 11:37:30,SUCCESS,11,36000.0
TXN003516,ACC0680,M004,HomeNest,Furniture,6537,UPI,2026-08-27 11:37:30,SUCCESS,11,-31680.0
TXN003517,ACC0680,M004,HomeNest,Furniture,4262,Card,2026-09-26 11:37:30,SUCCESS,11,43200.0
TXN003518,ACC0680,M004,HomeNest,Furniture,3326,UPI,2026-09-05 11:37:30,SUCCESS,11,-30240.0
TXN003519,ACC0680,M005,FitFuel,Health,353,UPI,2026-09-02 11:37:30,SUCCESS,11,-4320.0
TXN003520,ACC0680,M003,FreshMart,Grocery,1067,UPI,2026-11-27 11:37:30,SUCCESS,11,123840.0
TXN003521,ACC0681,M001,TechKart,Electronics,3607,Card,2026-08-31 11:37:30,SUCCESS,11,
TXN003522,ACC0681,M001,TechKart,Electronics,2401,UPI,2026-09-09 11:37:30,SUCCESS,11,12960.0
TXN003523,ACC0681,M004,HomeNest,Furniture,2832,UPI,2026-09-16 11:37:30,SUCCESS,11,10080.0
TXN003524,ACC0681,M002,StyleHub,Fashion,1760,UPI,2026-09-27 11:37:30,SUCCESS,11,15840.0
TXN003525,ACC0681,M003,FreshMart,Grocery,889,Wallet,2026-09-08 11:37:30,SUCCESS,11,-27360.0
TXN003526,ACC0681,M004,HomeNest,Furniture,4459,UPI,2026-09-30 11:37:30,SUCCESS,11,31680.0
TXN003527,ACC0682,M002,StyleHub,Fashion,501,UPI,2026-08-12 11:37:30,SUCCESS,11,
TXN003528,ACC0682,M002,StyleHub,Fashion,1829,UPI,2026-08-20 11:37:30,SUCCESS,11,11520.0
TXN003529,ACC0682,M003,FreshMart,Grocery,1065,UPI,2026-09-01 11:37:30,SUCCESS,11,17280.0
TXN003530,ACC0682,M005,FitFuel,Health,1339,UPI,2026-09-05 11:37:30,SUCCESS,11,5760.0
TXN003531,ACC0682,M001,TechKart,Electronics,844,UPI,2026-09-01 11:37:30,SUCCESS,11,-5760.0
TXN003532,ACC0683,M004,HomeNest,Furniture,3282,NetBanking,2026-08-09 11:37:30,SUCCESS,11,
TXN003533,ACC0683,M003,FreshMart,Grocery,1045,NetBanking,2026-08-18 11:37:30,SUCCESS,11,12960.0
TXN003534,ACC0683,M002,StyleHub,Fashion,723,UPI,2026-08-25 11:37:30,SUCCESS,11,10080.0
TXN003535,ACC0683,M005,FitFuel,Health,1285,NetBanking,2026-08-18 11:37:30,SUCCESS,11,-10080.0
TXN003536,ACC0683,M004,HomeNest,Furniture,2155,UPI,2026-09-30 11:37:30,SUCCESS,11,61920.0
TXN003537,ACC0683,M004,HomeNest,Furniture,5398,UPI,2026-09-08 11:37:30,SUCCESS,11,-31680.0
TXN003538,ACC0683,M003,FreshMart,Grocery,1433,Card,2026-09-14 11:37:30,SUCCESS,11,8640.0
TXN003539,ACC0684,M001,TechKart,Electronics,1214,UPI,2026-08-26 11:37:30,SUCCESS,11,
TXN003540,ACC0684,M004,HomeNest,Furniture,3018,Wallet,2026-09-04 11:37:30,SUCCESS,11,12960.0
TXN003541,ACC0684,M001,TechKart,Electronics,2951,Card,2026-08-30 11:37:30,SUCCESS,11,-7200.0
TXN003542,ACC0684,M005,FitFuel,Health,578,NetBanking,2026-09-25 11:37:30,SUCCESS,11,37440.0
TXN003543,ACC0684,M003,FreshMart,Grocery,1325,UPI,2026-10-09 11:37:30,SUCCESS,11,20160.0
TXN003544,ACC0684,M001,TechKart,Electronics,3394,Card,2026-09-20 11:37:30,SUCCESS,11,-27360.0
TXN003545,ACC0684,M003,FreshMart,Grocery,1400,Card,2026-09-07 11:37:30,SUCCESS,11,-18720.0
TXN003546,ACC0684,M005,FitFuel,Health,1519,Card,2026-09-09 11:37:30,SUCCESS,11,2880.0
TXN003547,ACC0685,M005,FitFuel,Health,2467,Wallet,2026-07-02 11:37:30,SUCCESS,11,
TXN003548,ACC0685,M002,StyleHub,Fashion,666,UPI,2026-07-14 11:37:30,SUCCESS,11,17280.0
TXN003549,ACC0685,M004,HomeNest,Furniture,7612,UPI,2026-07-24 11:37:30,SUCCESS,11,14400.0
TXN003550,ACC0685,M004,HomeNest,Furniture,6939,Card,2026-07-26 11:37:30,SUCCESS,11,2880.0
TXN003551,ACC0685,M001,TechKart,Electronics,4165,Wallet,2026-07-26 11:37:30,SUCCESS,11,0.0
TXN003552,ACC0685,M002,StyleHub,Fashion,1285,UPI,2026-07-17 11:37:30,SUCCESS,11,-12960.0
TXN003553,ACC0686,M005,FitFuel,Health,1390,UPI,2026-07-03 11:37:30,SUCCESS,11,
TXN003554,ACC0686,M002,StyleHub,Fashion,1720,UPI,2026-07-18 11:37:30,SUCCESS,11,21600.0
TXN003555,ACC0687,M005,FitFuel,Health,1484,Card,2026-06-07 11:37:30,SUCCESS,11,
TXN003556,ACC0687,M005,FitFuel,Health,2127,NetBanking,2026-06-10 11:37:30,SUCCESS,11,4320.0
TXN003557,ACC0687,M003,FreshMart,Grocery,488,NetBanking,2026-06-13 11:37:30,SUCCESS,11,4320.0
TXN003558,ACC0688,M001,TechKart,Electronics,2555,UPI,2026-06-11 11:37:30,SUCCESS,11,
TXN003559,ACC0688,M004,HomeNest,Furniture,8715,Wallet,2026-06-21 11:37:30,SUCCESS,11,14400.0
TXN003560,ACC0688,M002,StyleHub,Fashion,832,UPI,2026-07-11 11:37:30,SUCCESS,11,28800.0
TXN003561,ACC0688,M002,StyleHub,Fashion,512,Card,2026-06-17 11:37:30,SUCCESS,11,-34560.0
TXN003562,ACC0688,M003,FreshMart,Grocery,344,NetBanking,2026-07-29 11:37:30,SUCCESS,11,60480.0
TXN003563,ACC0688,M001,TechKart,Electronics,2726,UPI,2026-07-31 11:37:30,SUCCESS,11,2880.0
TXN003564,ACC0688,M005,FitFuel,Health,2401,Card,2026-08-28 11:37:30,SUCCESS,11,40320.0
TXN003565,ACC0688,M005,FitFuel,Health,2137,Wallet,2026-09-17 11:37:30,SUCCESS,11,28800.0
TXN003566,ACC0689,M001,TechKart,Electronics,4925,Card,2026-08-24 11:37:30,SUCCESS,11,
TXN003567,ACC0689,M005,FitFuel,Health,425,NetBanking,2026-08-30 11:37:30,SUCCESS,11,8640.0
TXN003568,ACC0690,M004,HomeNest,Furniture,9324,UPI,2026-08-25 11:37:30,SUCCESS,11,
TXN003569,ACC0690,M002,StyleHub,Fashion,1058,Card,2026-09-04 11:37:30,SUCCESS,11,14400.0
TXN003570,ACC0690,M003,FreshMart,Grocery,1218,UPI,2026-09-12 11:37:30,SUCCESS,11,11520.0
TXN003571,ACC0690,M005,FitFuel,Health,2103,Wallet,2026-09-09 11:37:30,SUCCESS,11,-4320.0
TXN003572,ACC0690,M004,HomeNest,Furniture,9639,UPI,2026-09-22 11:37:30,SUCCESS,11,18720.0
TXN003573,ACC0690,M001,TechKart,Electronics,1010,UPI,2026-09-14 11:37:30,SUCCESS,11,-11520.0
TXN003574,ACC0690,M004,HomeNest,Furniture,5885,UPI,2026-09-06 11:37:30,SUCCESS,11,-11520.0
TXN003575,ACC0690,M001,TechKart,Electronics,2273,NetBanking,2026-11-17 11:37:30,SUCCESS,11,103680.0
TXN003576,ACC0691,M003,FreshMart,Grocery,1369,UPI,2026-06-23 11:37:30,SUCCESS,11,
TXN003577,ACC0691,M001,TechKart,Electronics,2092,UPI,2026-07-07 11:37:30,SUCCESS,11,20160.0
TXN003578,ACC0691,M005,FitFuel,Health,1407,Card,2026-07-11 11:37:30,SUCCESS,11,5760.0
TXN003579,ACC0691,M004,HomeNest,Furniture,6584,Wallet,2026-07-26 11:37:30,SUCCESS,11,21600.0
TXN003580,ACC0691,M004,HomeNest,Furniture,7949,Card,2026-07-09 11:37:30,SUCCESS,11,-24480.0
TXN003581,ACC0692,M004,HomeNest,Furniture,7444,Card,2026-06-10 11:37:30,SUCCESS,11,
TXN003582,ACC0692,M001,TechKart,Electronics,3705,UPI,2026-06-16 11:37:30,SUCCESS,11,8640.0
TXN003583,ACC0692,M003,FreshMart,Grocery,331,Card,2026-06-16 11:37:30,SUCCESS,11,0.0
TXN003584,ACC0692,M001,TechKart,Electronics,3704,UPI,2026-07-04 11:37:30,SUCCESS,11,25920.0
TXN003585,ACC0692,M005,FitFuel,Health,1316,UPI,2026-07-16 11:37:30,SUCCESS,11,17280.0
TXN003586,ACC0692,M005,FitFuel,Health,1218,UPI,2026-07-10 11:37:30,SUCCESS,11,-8640.0
TXN003587,ACC0693,M004,HomeNest,Furniture,6759,Card,2026-07-20 11:37:30,SUCCESS,11,
TXN003588,ACC0693,M004,HomeNest,Furniture,3488,UPI,2026-08-03 11:37:30,SUCCESS,11,20160.0
TXN003589,ACC0693,M005,FitFuel,Health,2027,Card,2026-07-24 11:37:30,SUCCESS,11,-14400.0
TXN003590,ACC0693,M005,FitFuel,Health,1841,UPI,2026-08-07 11:37:30,SUCCESS,11,20160.0
TXN003591,ACC0693,M003,FreshMart,Grocery,1402,UPI,2026-08-09 11:37:30,SUCCESS,11,2880.0
TXN003592,ACC0694,M003,FreshMart,Grocery,460,UPI,2026-07-08 11:37:30,SUCCESS,11,
TXN003593,ACC0694,M002,StyleHub,Fashion,1784,UPI,2026-07-10 11:37:30,SUCCESS,11,2880.0
TXN003594,ACC0694,M002,StyleHub,Fashion,1856,Card,2026-07-16 11:37:30,SUCCESS,11,8640.0
TXN003595,ACC0694,M004,HomeNest,Furniture,4254,UPI,2026-07-23 11:37:30,SUCCESS,11,10080.0
TXN003596,ACC0695,M005,FitFuel,Health,1209,UPI,2026-09-03 11:37:30,SUCCESS,11,
TXN003597,ACC0695,M005,FitFuel,Health,2355,UPI,2026-09-11 11:37:30,SUCCESS,11,11520.0
TXN003598,ACC0695,M004,HomeNest,Furniture,3126,Wallet,2026-09-07 11:37:30,SUCCESS,11,-5760.0
TXN003599,ACC0696,M005,FitFuel,Health,2123,Card,2026-07-04 11:37:30,SUCCESS,11,
TXN003600,ACC0696,M004,HomeNest,Furniture,2180,Card,2026-07-07 11:37:30,SUCCESS,11,4320.0
TXN003601,ACC0696,M001,TechKart,Electronics,3256,UPI,2026-07-10 11:37:30,SUCCESS,11,4320.0
TXN003602,ACC0696,M001,TechKart,Electronics,2833,UPI,2026-08-18 11:37:30,SUCCESS,11,56160.0
TXN003603,ACC0696,M005,FitFuel,Health,968,Wallet,2026-08-29 11:37:30,SUCCESS,11,15840.0
TXN003604,ACC0697,M004,HomeNest,Furniture,2884,UPI,2026-08-08 11:37:30,SUCCESS,11,
TXN003605,ACC0697,M004,HomeNest,Furniture,9327,UPI,2026-08-17 11:37:30,SUCCESS,11,12960.0
TXN003606,ACC0697,M002,StyleHub,Fashion,579,Wallet,2026-08-16 11:37:30,SUCCESS,11,-1440.0
TXN003607,ACC0697,M005,FitFuel,Health,2393,UPI,2026-08-29 11:37:30,SUCCESS,11,18720.0
TXN003608,ACC0697,M001,TechKart,Electronics,2156,UPI,2026-09-05 11:37:30,SUCCESS,11,10080.0
TXN003609,ACC0697,M003,FreshMart,Grocery,1164,UPI,2026-09-07 11:37:30,SUCCESS,11,2880.0
TXN003610,ACC0697,M005,FitFuel,Health,698,UPI,2026-08-26 11:37:30,SUCCESS,11,-17280.0
TXN003611,ACC0697,M001,TechKart,Electronics,2383,Card,2026-10-31 11:37:30,SUCCESS,11,95040.0
TXN003612,ACC0698,M005,FitFuel,Health,2005,UPI,2026-08-31 11:37:30,SUCCESS,11,
TXN003613,ACC0698,M004,HomeNest,Furniture,8189,Card,2026-09-03 11:37:30,SUCCESS,11,4320.0
TXN003614,ACC0698,M001,TechKart,Electronics,1838,Card,2026-09-26 11:37:30,SUCCESS,11,33120.0
TXN003615,ACC0698,M005,FitFuel,Health,471,UPI,2026-10-03 11:37:30,SUCCESS,11,10080.0
TXN003616,ACC0699,M004,HomeNest,Furniture,5782,NetBanking,2026-09-03 11:37:30,SUCCESS,11,
TXN003617,ACC0699,M001,TechKart,Electronics,3024,UPI,2026-09-07 11:37:30,SUCCESS,11,5760.0
TXN003618,ACC0699,M004,HomeNest,Furniture,6235,NetBanking,2026-09-15 11:37:30,SUCCESS,11,11520.0
TXN003619,ACC0699,M002,StyleHub,Fashion,1737,Card,2026-09-12 11:37:30,SUCCESS,11,-4320.0
TXN003620,ACC0699,M004,HomeNest,Furniture,9759,UPI,2026-10-05 11:37:30,SUCCESS,11,33120.0
TXN003621,ACC0699,M005,FitFuel,Health,1319,Card,2026-10-13 11:37:30,SUCCESS,11,11520.0
TXN003622,ACC0699,M004,HomeNest,Furniture,7705,Card,2026-11-08 11:37:30,SUCCESS,11,37440.0
TXN003623,ACC0700,M004,HomeNest,Furniture,6646,UPI,2026-07-26 11:37:30,SUCCESS,11,
TXN003624,ACC0700,M001,TechKart,Electronics,3481,UPI,2026-08-10 11:37:30,SUCCESS,11,21600.0
TXN003625,ACC0700,M003,FreshMart,Grocery,250,UPI,2026-08-07 11:37:30,SUCCESS,11,-4320.0
TXN003626,ACC0700,M002,StyleHub,Fashion,1139,UPI,2026-08-28 11:37:30,SUCCESS,11,30240.0
TXN003627,ACC0700,M004,HomeNest,Furniture,4959,UPI,2026-09-12 11:37:30,SUCCESS,11,21600.0
TXN003628,ACC0701,M003,FreshMart,Grocery,382,UPI,2026-06-07 11:37:30,SUCCESS,11,
TXN003629,ACC0701,M004,HomeNest,Furniture,7593,Card,2026-06-10 11:37:30,SUCCESS,11,4320.0
TXN003630,ACC0701,M005,FitFuel,Health,1917,UPI,2026-06-17 11:37:30,SUCCESS,11,10080.0
TXN003631,ACC0701,M002,StyleHub,Fashion,2082,Wallet,2026-06-28 11:37:30,SUCCESS,11,15840.0
TXN003632,ACC0701,M002,StyleHub,Fashion,809,UPI,2026-07-25 11:37:30,SUCCESS,11,38880.0
TXN003633,ACC0702,M005,FitFuel,Health,528,UPI,2026-07-24 11:37:30,SUCCESS,11,
TXN003634,ACC0702,M001,TechKart,Electronics,1002,Card,2026-07-26 11:37:30,SUCCESS,11,2880.0
TXN003635,ACC0702,M005,FitFuel,Health,1533,NetBanking,2026-08-17 11:37:30,SUCCESS,11,31680.0
TXN003636,ACC0702,M005,FitFuel,Health,1324,UPI,2026-08-11 11:37:30,SUCCESS,11,-8640.0
TXN003637,ACC0703,M003,FreshMart,Grocery,1290,Card,2026-07-17 11:37:30,SUCCESS,11,
TXN003638,ACC0703,M004,HomeNest,Furniture,5362,UPI,2026-07-25 11:37:30,SUCCESS,11,11520.0
TXN003639,ACC0703,M004,HomeNest,Furniture,4147,UPI,2026-08-14 11:37:30,SUCCESS,11,28800.0
TXN003640,ACC0703,M003,FreshMart,Grocery,794,UPI,2026-08-31 11:37:30,SUCCESS,11,24480.0
TXN003641,ACC0704,M004,HomeNest,Furniture,4784,UPI,2026-07-03 11:37:30,SUCCESS,11,
TXN003642,ACC0704,M005,FitFuel,Health,2145,Card,2026-07-05 11:37:30,SUCCESS,11,2880.0
TXN003643,ACC0704,M003,FreshMart,Grocery,602,UPI,2026-07-15 11:37:30,SUCCESS,11,14400.0
TXN003644,ACC0704,M005,FitFuel,Health,418,UPI,2026-08-02 11:37:30,SUCCESS,11,25920.0
TXN003645,ACC0705,M004,HomeNest,Furniture,9175,UPI,2026-07-18 11:37:30,SUCCESS,11,
TXN003646,ACC0705,M002,StyleHub,Fashion,2115,UPI,2026-07-22 11:37:30,SUCCESS,11,5760.0
TXN003647,ACC0705,M001,TechKart,Electronics,1688,UPI,2026-07-30 11:37:30,SUCCESS,11,11520.0
TXN003648,ACC0706,M003,FreshMart,Grocery,618,Wallet,2026-06-18 11:37:30,SUCCESS,11,
TXN003649,ACC0706,M004,HomeNest,Furniture,3312,NetBanking,2026-06-20 11:37:30,SUCCESS,11,2880.0
TXN003650,ACC0706,M002,StyleHub,Fashion,1023,UPI,2026-06-24 11:37:30,SUCCESS,11,5760.0
TXN003651,ACC0706,M004,HomeNest,Furniture,5507,Wallet,2026-07-30 11:37:30,SUCCESS,11,51840.0
TXN003652,ACC0707,M004,HomeNest,Furniture,4544,UPI,2026-06-07 11:37:30,SUCCESS,11,
TXN003653,ACC0707,M003,FreshMart,Grocery,1405,UPI,2026-06-21 11:37:30,SUCCESS,11,20160.0
TXN003654,ACC0707,M001,TechKart,Electronics,1447,UPI,2026-06-11 11:37:30,SUCCESS,11,-14400.0
TXN003655,ACC0707,M001,TechKart,Electronics,1556,UPI,2026-07-16 11:37:30,SUCCESS,11,50400.0
TXN003656,ACC0707,M005,FitFuel,Health,1328,UPI,2026-08-06 11:37:30,SUCCESS,11,30240.0
TXN003657,ACC0708,M001,TechKart,Electronics,850,Card,2026-06-14 11:37:30,SUCCESS,11,
TXN003658,ACC0708,M001,TechKart,Electronics,1687,UPI,2026-06-24 11:37:30,SUCCESS,11,14400.0
TXN003659,ACC0708,M004,HomeNest,Furniture,5941,Card,2026-07-04 11:37:30,SUCCESS,11,14400.0
TXN003660,ACC0708,M002,StyleHub,Fashion,1202,NetBanking,2026-07-14 11:37:30,SUCCESS,11,14400.0
TXN003661,ACC0708,M005,FitFuel,Health,1767,UPI,2026-06-30 11:37:30,SUCCESS,11,-20160.0
TXN003662,ACC0708,M001,TechKart,Electronics,3038,UPI,2026-08-23 11:37:30,SUCCESS,11,77760.0
TXN003663,ACC0709,M003,FreshMart,Grocery,486,Card,2026-07-13 11:37:30,SUCCESS,11,
TXN003664,ACC0709,M001,TechKart,Electronics,2006,Card,2026-07-21 11:37:30,SUCCESS,11,11520.0
TXN003665,ACC0709,M001,TechKart,Electronics,2470,UPI,2026-07-21 11:37:30,SUCCESS,11,0.0
TXN003666,ACC0709,M004,HomeNest,Furniture,4802,UPI,2026-07-28 11:37:30,SUCCESS,11,10080.0
TXN003667,ACC0709,M005,FitFuel,Health,1880,NetBanking,2026-08-10 11:37:30,SUCCESS,11,18720.0
TXN003668,ACC0709,M001,TechKart,Electronics,4578,Card,2026-09-01 11:37:30,SUCCESS,11,31680.0
TXN003669,ACC0709,M002,StyleHub,Fashion,1909,Wallet,2026-10-11 11:37:30,SUCCESS,11,57600.0
TXN003670,ACC0710,M002,StyleHub,Fashion,905,Card,2026-08-12 11:37:30,SUCCESS,11,
TXN003671,ACC0710,M002,StyleHub,Fashion,2462,UPI,2026-08-25 11:37:30,SUCCESS,11,18720.0
TXN003672,ACC0710,M003,FreshMart,Grocery,699,UPI,2026-08-24 11:37:30,SUCCESS,11,-1440.0
TXN003673,ACC0710,M004,HomeNest,Furniture,4084,UPI,2026-09-17 11:37:30,SUCCESS,11,34560.0
TXN003674,ACC0710,M003,FreshMart,Grocery,1485,UPI,2026-09-09 11:37:30,SUCCESS,11,-11520.0
TXN003675,ACC0710,M002,StyleHub,Fashion,1206,NetBanking,2026-10-16 11:37:30,SUCCESS,11,53280.0
TXN003676,ACC0711,M002,StyleHub,Fashion,1031,Wallet,2026-08-20 11:37:30,SUCCESS,11,
TXN003677,ACC0711,M003,FreshMart,Grocery,1250,Card,2026-08-29 11:37:30,SUCCESS,11,12960.0
TXN003678,ACC0712,M005,FitFuel,Health,647,UPI,2026-07-03 11:37:30,SUCCESS,11,
TXN003679,ACC0712,M004,HomeNest,Furniture,8259,UPI,2026-07-17 11:37:30,SUCCESS,11,20160.0
TXN003680,ACC0712,M003,FreshMart,Grocery,1471,Card,2026-07-27 11:37:30,SUCCESS,11,14400.0
TXN003681,ACC0712,M002,StyleHub,Fashion,2404,UPI,2026-08-11 11:37:30,SUCCESS,11,21600.0
TXN003682,ACC0712,M005,FitFuel,Health,1854,Card,2026-07-23 11:37:30,SUCCESS,11,-27360.0
TXN003683,ACC0712,M001,TechKart,Electronics,4689,UPI,2026-09-16 11:37:30,SUCCESS,11,79200.0
TXN003684,ACC0712,M005,FitFuel,Health,548,NetBanking,2026-07-15 11:37:30,SUCCESS,11,-90720.0
TXN003685,ACC0713,M004,HomeNest,Furniture,9883,UPI,2026-06-18 11:37:30,SUCCESS,11,
TXN003686,ACC0713,M003,FreshMart,Grocery,823,Card,2026-06-20 11:37:30,SUCCESS,11,2880.0
TXN003687,ACC0714,M005,FitFuel,Health,1240,UPI,2026-08-30 11:37:30,SUCCESS,11,
TXN003688,ACC0714,M005,FitFuel,Health,893,UPI,2026-09-09 11:37:30,SUCCESS,11,14400.0
TXN003689,ACC0714,M003,FreshMart,Grocery,620,NetBanking,2026-09-09 11:37:30,SUCCESS,11,0.0
TXN003690,ACC0715,M001,TechKart,Electronics,1366,Card,2026-08-30 11:37:30,SUCCESS,11,
TXN003691,ACC0715,M004,HomeNest,Furniture,5884,UPI,2026-09-07 11:37:30,SUCCESS,11,11520.0
TXN003692,ACC0716,M004,HomeNest,Furniture,4829,Wallet,2026-08-26 11:37:30,SUCCESS,11,
TXN003693,ACC0716,M003,FreshMart,Grocery,670,Wallet,2026-09-01 11:37:30,SUCCESS,11,8640.0
TXN003694,ACC0716,M003,FreshMart,Grocery,686,UPI,2026-09-09 11:37:30,SUCCESS,11,11520.0
TXN003695,ACC0716,M005,FitFuel,Health,1161,NetBanking,2026-10-10 11:37:30,SUCCESS,11,44640.0
TXN003696,ACC0716,M001,TechKart,Electronics,4692,Card,2026-09-23 11:37:30,SUCCESS,11,-24480.0
TXN003697,ACC0716,M004,HomeNest,Furniture,7771,Card,2026-09-20 11:37:30,SUCCESS,11,-4320.0
TXN003698,ACC0717,M003,FreshMart,Grocery,643,Card,2026-09-02 11:37:30,SUCCESS,11,
TXN003699,ACC0717,M002,StyleHub,Fashion,2269,Wallet,2026-09-05 11:37:30,SUCCESS,11,4320.0
TXN003700,ACC0718,M005,FitFuel,Health,1881,NetBanking,2026-06-11 11:37:30,SUCCESS,11,
TXN003701,ACC0718,M005,FitFuel,Health,2043,Wallet,2026-06-22 11:37:30,SUCCESS,11,15840.0
TXN003702,ACC0718,M005,FitFuel,Health,934,NetBanking,2026-07-01 11:37:30,SUCCESS,11,12960.0
TXN003703,ACC0718,M005,FitFuel,Health,549,UPI,2026-07-23 11:37:30,SUCCESS,11,31680.0
TXN003704,ACC0718,M004,HomeNest,Furniture,6741,Card,2026-07-09 11:37:30,SUCCESS,11,-20160.0
TXN003705,ACC0718,M004,HomeNest,Furniture,2857,UPI,2026-08-25 11:37:30,SUCCESS,11,67680.0
TXN003706,ACC0719,M003,FreshMart,Grocery,921,UPI,2026-06-08 11:37:30,SUCCESS,11,
TXN003707,ACC0719,M001,TechKart,Electronics,3923,Card,2026-06-22 11:37:30,SUCCESS,11,20160.0
TXN003708,ACC0719,M003,FreshMart,Grocery,420,Wallet,2026-06-16 11:37:30,SUCCESS,11,-8640.0
TXN003709,ACC0719,M005,FitFuel,Health,1227,Card,2026-07-23 11:37:30,SUCCESS,11,53280.0
TXN003710,ACC0719,M005,FitFuel,Health,1264,UPI,2026-06-24 11:37:30,SUCCESS,11,-41760.0
TXN003711,ACC0720,M001,TechKart,Electronics,4895,UPI,2026-08-21 11:37:30,SUCCESS,11,
TXN003712,ACC0720,M002,StyleHub,Fashion,1260,Wallet,2026-09-05 11:37:30,SUCCESS,11,21600.0
TXN003713,ACC0720,M005,FitFuel,Health,502,Card,2026-09-10 11:37:30,SUCCESS,11,7200.0
TXN003714,ACC0720,M002,StyleHub,Fashion,1087,UPI,2026-09-20 11:37:30,SUCCESS,11,14400.0
TXN003715,ACC0720,M001,TechKart,Electronics,922,UPI,2026-08-29 11:37:30,SUCCESS,11,-31680.0
TXN003716,ACC0720,M001,TechKart,Electronics,933,UPI,2026-09-10 11:37:30,SUCCESS,11,17280.0
TXN003717,ACC0720,M004,HomeNest,Furniture,5779,UPI,2026-10-20 11:37:30,SUCCESS,11,57600.0
TXN003718,ACC0720,M001,TechKart,Electronics,1044,UPI,2026-09-11 11:37:30,SUCCESS,11,-56160.0
TXN003719,ACC0721,M005,FitFuel,Health,2269,Card,2026-06-19 11:37:30,SUCCESS,11,
TXN003720,ACC0721,M001,TechKart,Electronics,1484,NetBanking,2026-06-22 11:37:30,SUCCESS,11,4320.0
TXN003721,ACC0721,M003,FreshMart,Grocery,935,Card,2026-06-29 11:37:30,SUCCESS,11,10080.0
TXN003722,ACC0721,M001,TechKart,Electronics,2727,NetBanking,2026-07-07 11:37:30,SUCCESS,11,11520.0
TXN003723,ACC0721,M003,FreshMart,Grocery,1480,UPI,2026-07-13 11:37:30,SUCCESS,11,8640.0
TXN003724,ACC0721,M005,FitFuel,Health,2390,Card,2026-07-04 11:37:30,SUCCESS,11,-12960.0
TXN003725,ACC0721,M004,HomeNest,Furniture,4263,UPI,2026-09-11 11:37:30,SUCCESS,11,99360.0
TXN003726,ACC0722,M002,StyleHub,Fashion,1198,UPI,2026-06-25 11:37:30,SUCCESS,11,
TXN003727,ACC0722,M005,FitFuel,Health,1595,NetBanking,2026-07-03 11:37:30,SUCCESS,11,11520.0
TXN003728,ACC0722,M001,TechKart,Electronics,1085,UPI,2026-07-23 11:37:30,SUCCESS,11,28800.0
TXN003729,ACC0722,M001,TechKart,Electronics,4544,NetBanking,2026-08-03 11:37:30,SUCCESS,11,15840.0
TXN003730,ACC0722,M002,StyleHub,Fashion,414,UPI,2026-07-27 11:37:30,SUCCESS,11,-10080.0
TXN003731,ACC0722,M003,FreshMart,Grocery,824,Wallet,2026-09-08 11:37:30,SUCCESS,11,61920.0
TXN003732,ACC0722,M004,HomeNest,Furniture,5584,NetBanking,2026-08-30 11:37:30,SUCCESS,11,-12960.0
TXN003733,ACC0722,M001,TechKart,Electronics,1177,UPI,2026-08-13 11:37:30,SUCCESS,11,-24480.0
TXN003734,ACC0723,M003,FreshMart,Grocery,338,UPI,2026-07-16 11:37:30,SUCCESS,11,
TXN003735,ACC0723,M004,HomeNest,Furniture,9505,UPI,2026-07-28 11:37:30,SUCCESS,11,17280.0
TXN003736,ACC0723,M001,TechKart,Electronics,1539,Card,2026-08-15 11:37:30,SUCCESS,11,25920.0
TXN003737,ACC0723,M003,FreshMart,Grocery,153,NetBanking,2026-07-31 11:37:30,SUCCESS,11,-21600.0
TXN003738,ACC0723,M003,FreshMart,Grocery,355,UPI,2026-08-25 11:37:30,SUCCESS,11,36000.0
TXN003739,ACC0723,M005,FitFuel,Health,1401,Card,2026-09-29 11:37:30,SUCCESS,11,50400.0
TXN003740,ACC0723,M001,TechKart,Electronics,923,UPI,2026-09-08 11:37:30,SUCCESS,11,-30240.0
TXN003741,ACC0724,M004,HomeNest,Furniture,6491,UPI,2026-08-10 11:37:30,SUCCESS,11,
TXN003742,ACC0724,M002,StyleHub,Fashion,1947,UPI,2026-08-20 11:37:30,SUCCESS,11,14400.0
TXN003743,ACC0724,M005,FitFuel,Health,1959,UPI,2026-09-01 11:37:30,SUCCESS,11,17280.0
TXN003744,ACC0724,M004,HomeNest,Furniture,8429,UPI,2026-09-12 11:37:30,SUCCESS,11,15840.0
TXN003745,ACC0724,M005,FitFuel,Health,2075,Card,2026-08-30 11:37:30,SUCCESS,11,-18720.0
TXN003746,ACC0724,M005,FitFuel,Health,784,UPI,2026-09-29 11:37:30,SUCCESS,11,43200.0
TXN003747,ACC0725,M004,HomeNest,Furniture,8402,Card,2026-06-11 11:37:30,SUCCESS,11,
TXN003748,ACC0725,M001,TechKart,Electronics,3839,NetBanking,2026-06-18 11:37:30,SUCCESS,11,10080.0
TXN003749,ACC0725,M002,StyleHub,Fashion,1886,UPI,2026-06-27 11:37:30,SUCCESS,11,12960.0
TXN003750,ACC0725,M005,FitFuel,Health,2161,NetBanking,2026-06-20 11:37:30,SUCCESS,11,-10080.0
TXN003751,ACC0725,M005,FitFuel,Health,1269,UPI,2026-06-19 11:37:30,SUCCESS,11,-1440.0
TXN003752,ACC0725,M002,StyleHub,Fashion,2167,NetBanking,2026-06-26 11:37:30,SUCCESS,11,10080.0
TXN003753,ACC0725,M003,FreshMart,Grocery,1080,NetBanking,2026-09-03 11:37:30,SUCCESS,11,99360.0
TXN003754,ACC0726,M005,FitFuel,Health,1065,UPI,2026-06-29 11:37:30,SUCCESS,11,
TXN003755,ACC0726,M001,TechKart,Electronics,847,Card,2026-07-05 11:37:30,SUCCESS,11,8640.0
TXN003756,ACC0726,M003,FreshMart,Grocery,435,Wallet,2026-07-21 11:37:30,SUCCESS,11,23040.0
TXN003757,ACC0726,M004,HomeNest,Furniture,4959,UPI,2026-08-10 11:37:30,SUCCESS,11,28800.0
TXN003758,ACC0726,M001,TechKart,Electronics,4572,UPI,2026-07-27 11:37:30,SUCCESS,11,-20160.0
TXN003759,ACC0726,M001,TechKart,Electronics,1930,UPI,2026-07-29 11:37:30,SUCCESS,11,2880.0
TXN003760,ACC0726,M005,FitFuel,Health,1057,Card,2026-08-16 11:37:30,SUCCESS,11,25920.0
TXN003761,ACC0727,M005,FitFuel,Health,892,UPI,2026-06-26 11:37:30,SUCCESS,11,
TXN003762,ACC0727,M005,FitFuel,Health,1949,Wallet,2026-07-07 11:37:30,SUCCESS,11,15840.0
TXN003763,ACC0728,M002,StyleHub,Fashion,977,Card,2026-07-31 11:37:30,SUCCESS,11,
TXN003764,ACC0728,M003,FreshMart,Grocery,1199,Card,2026-08-09 11:37:30,SUCCESS,11,12960.0
TXN003765,ACC0728,M001,TechKart,Electronics,2965,Card,2026-08-18 11:37:30,SUCCESS,11,12960.0
TXN003766,ACC0728,M003,FreshMart,Grocery,420,UPI,2026-08-21 11:37:30,SUCCESS,11,4320.0
TXN003767,ACC0728,M003,FreshMart,Grocery,751,UPI,2026-09-09 11:37:30,SUCCESS,11,27360.0
TXN003768,ACC0729,M004,HomeNest,Furniture,8385,UPI,2026-08-29 11:37:30,SUCCESS,11,
TXN003769,ACC0729,M005,FitFuel,Health,879,UPI,2026-08-31 11:37:30,SUCCESS,11,2880.0
TXN003770,ACC0729,M003,FreshMart,Grocery,1167,NetBanking,2026-09-28 11:37:30,SUCCESS,11,40320.0
TXN003771,ACC0729,M005,FitFuel,Health,373,Wallet,2026-10-07 11:37:30,SUCCESS,11,12960.0
TXN003772,ACC0729,M001,TechKart,Electronics,4071,UPI,2026-09-06 11:37:30,SUCCESS,11,-44640.0
TXN003773,ACC0729,M003,FreshMart,Grocery,989,UPI,2026-11-02 11:37:30,SUCCESS,11,82080.0
TXN003774,ACC0729,M004,HomeNest,Furniture,3406,UPI,2026-09-10 11:37:30,SUCCESS,11,-76320.0
TXN003775,ACC0729,M003,FreshMart,Grocery,1112,Wallet,2026-09-26 11:37:30,SUCCESS,11,23040.0
TXN003776,ACC0730,M005,FitFuel,Health,1643,NetBanking,2026-08-14 11:37:30,SUCCESS,11,
TXN003777,ACC0730,M003,FreshMart,Grocery,160,UPI,2026-08-28 11:37:30,SUCCESS,11,20160.0
TXN003778,ACC0730,M005,FitFuel,Health,2416,UPI,2026-09-01 11:37:30,SUCCESS,11,5760.0
TXN003779,ACC0730,M003,FreshMart,Grocery,1076,UPI,2026-09-22 11:37:30,SUCCESS,11,30240.0
TXN003780,ACC0730,M004,HomeNest,Furniture,2593,UPI,2026-08-30 11:37:30,SUCCESS,11,-33120.0
TXN003781,ACC0730,M003,FreshMart,Grocery,162,UPI,2026-10-03 11:37:30,SUCCESS,11,48960.0
TXN003782,ACC0731,M001,TechKart,Electronics,1549,UPI,2026-07-21 11:37:30,SUCCESS,11,
TXN003783,ACC0731,M001,TechKart,Electronics,2258,NetBanking,2026-07-28 11:37:30,SUCCESS,11,10080.0
TXN003784,ACC0732,M001,TechKart,Electronics,3380,UPI,2026-08-21 11:37:30,SUCCESS,11,
TXN003785,ACC0732,M001,TechKart,Electronics,3771,UPI,2026-08-24 11:37:30,SUCCESS,11,4320.0
TXN003786,ACC0732,M004,HomeNest,Furniture,2436,NetBanking,2026-09-20 11:37:30,SUCCESS,11,38880.0
TXN003787,ACC0732,M002,StyleHub,Fashion,579,UPI,2026-09-02 11:37:30,SUCCESS,11,-25920.0
TXN003788,ACC0732,M004,HomeNest,Furniture,6863,UPI,2026-09-02 11:37:30,SUCCESS,11,0.0
TXN003789,ACC0732,M001,TechKart,Electronics,4763,UPI,2026-08-31 11:37:30,SUCCESS,11,-2880.0
TXN003790,ACC0732,M001,TechKart,Electronics,4930,Card,2026-11-07 11:37:30,SUCCESS,11,97920.0
TXN003791,ACC0732,M005,FitFuel,Health,1640,Card,2026-10-02 11:37:30,SUCCESS,11,-51840.0
TXN003792,ACC0733,M005,FitFuel,Health,2437,UPI,2026-06-13 11:37:30,SUCCESS,11,
TXN003793,ACC0733,M005,FitFuel,Health,1173,NetBanking,2026-06-24 11:37:30,SUCCESS,11,15840.0
TXN003794,ACC0733,M003,FreshMart,Grocery,419,Card,2026-06-29 11:37:30,SUCCESS,11,7200.0
TXN003795,ACC0734,M001,TechKart,Electronics,4186,NetBanking,2026-07-05 11:37:30,SUCCESS,11,
TXN003796,ACC0734,M005,FitFuel,Health,2408,Wallet,2026-07-08 11:37:30,SUCCESS,11,4320.0
TXN003797,ACC0734,M002,StyleHub,Fashion,1673,NetBanking,2026-07-23 11:37:30,SUCCESS,11,21600.0
TXN003798,ACC0734,M002,StyleHub,Fashion,689,UPI,2026-07-14 11:37:30,SUCCESS,11,-12960.0
TXN003799,ACC0735,M003,FreshMart,Grocery,1299,Card,2026-08-29 11:37:30,SUCCESS,11,
TXN003800,ACC0735,M002,StyleHub,Fashion,1150,UPI,2026-09-06 11:37:30,SUCCESS,11,11520.0
TXN003801,ACC0735,M002,StyleHub,Fashion,1874,UPI,2026-09-10 11:37:30,SUCCESS,11,5760.0
TXN003802,ACC0735,M002,StyleHub,Fashion,1781,NetBanking,2026-09-28 11:37:30,SUCCESS,11,25920.0
TXN003803,ACC0736,M001,TechKart,Electronics,4122,NetBanking,2026-07-12 11:37:30,SUCCESS,11,
TXN003804,ACC0736,M004,HomeNest,Furniture,2318,Card,2026-07-22 11:37:30,SUCCESS,11,14400.0
TXN003805,ACC0736,M002,StyleHub,Fashion,1297,Wallet,2026-07-30 11:37:30,SUCCESS,11,11520.0
TXN003806,ACC0737,M005,FitFuel,Health,1099,UPI,2026-07-27 11:37:30,SUCCESS,11,
TXN003807,ACC0737,M003,FreshMart,Grocery,616,UPI,2026-07-31 11:37:30,SUCCESS,11,5760.0
TXN003808,ACC0737,M003,FreshMart,Grocery,981,Wallet,2026-08-24 11:37:30,SUCCESS,11,34560.0
TXN003809,ACC0737,M001,TechKart,Electronics,3510,UPI,2026-08-26 11:37:30,SUCCESS,11,2880.0
TXN003810,ACC0738,M001,TechKart,Electronics,4023,UPI,2026-07-09 11:37:30,SUCCESS,11,
TXN003811,ACC0738,M003,FreshMart,Grocery,871,UPI,2026-07-20 11:37:30,SUCCESS,11,15840.0
TXN003812,ACC0738,M002,StyleHub,Fashion,1243,Card,2026-07-25 11:37:30,SUCCESS,11,7200.0
TXN003813,ACC0738,M001,TechKart,Electronics,1078,UPI,2026-08-17 11:37:30,SUCCESS,11,33120.0
TXN003814,ACC0738,M003,FreshMart,Grocery,369,UPI,2026-08-06 11:37:30,SUCCESS,11,-15840.0
TXN003815,ACC0739,M001,TechKart,Electronics,1633,NetBanking,2026-06-06 11:37:30,SUCCESS,11,
TXN003816,ACC0739,M001,TechKart,Electronics,1620,UPI,2026-06-09 11:37:30,SUCCESS,11,4320.0
TXN003817,ACC0739,M004,HomeNest,Furniture,2776,Card,2026-06-26 11:37:30,SUCCESS,11,24480.0
TXN003818,ACC0739,M001,TechKart,Electronics,1965,UPI,2026-07-12 11:37:30,SUCCESS,11,23040.0
TXN003819,ACC0739,M004,HomeNest,Furniture,7586,UPI,2026-06-30 11:37:30,SUCCESS,11,-17280.0
TXN003820,ACC0739,M002,StyleHub,Fashion,1088,Card,2026-08-05 11:37:30,SUCCESS,11,51840.0
TXN003821,ACC0739,M005,FitFuel,Health,1819,Wallet,2026-07-24 11:37:30,SUCCESS,11,-17280.0
TXN003822,ACC0740,M001,TechKart,Electronics,2251,Wallet,2026-07-31 11:37:30,SUCCESS,11,
TXN003823,ACC0740,M002,StyleHub,Fashion,1146,UPI,2026-08-03 11:37:30,SUCCESS,11,4320.0
TXN003824,ACC0740,M005,FitFuel,Health,1763,NetBanking,2026-08-14 11:37:30,SUCCESS,11,15840.0
TXN003825,ACC0740,M001,TechKart,Electronics,2093,NetBanking,2026-08-06 11:37:30,SUCCESS,11,-11520.0
TXN003826,ACC0741,M001,TechKart,Electronics,3417,UPI,2026-06-06 11:37:30,SUCCESS,11,
TXN003827,ACC0741,M002,StyleHub,Fashion,1821,Wallet,2026-06-11 11:37:30,SUCCESS,11,7200.0
TXN003828,ACC0741,M005,FitFuel,Health,1363,UPI,2026-06-30 11:37:30,SUCCESS,11,27360.0
TXN003829,ACC0741,M003,FreshMart,Grocery,215,UPI,2026-07-09 11:37:30,SUCCESS,11,12960.0
TXN003830,ACC0741,M004,HomeNest,Furniture,2818,Card,2026-06-14 11:37:30,SUCCESS,11,-36000.0
TXN003831,ACC0741,M002,StyleHub,Fashion,928,UPI,2026-08-10 11:37:30,SUCCESS,11,82080.0
TXN003832,ACC0741,M001,TechKart,Electronics,3698,Card,2026-08-05 11:37:30,SUCCESS,11,-7200.0
TXN003833,ACC0741,M003,FreshMart,Grocery,1468,UPI,2026-08-22 11:37:30,SUCCESS,11,24480.0
TXN003834,ACC0742,M001,TechKart,Electronics,1194,UPI,2026-06-10 11:37:30,SUCCESS,11,
TXN003835,ACC0742,M003,FreshMart,Grocery,1423,UPI,2026-06-18 11:37:30,SUCCESS,11,11520.0
TXN003836,ACC0742,M001,TechKart,Electronics,2465,Card,2026-06-22 11:37:30,SUCCESS,11,5760.0
TXN003837,ACC0743,M003,FreshMart,Grocery,863,UPI,2026-08-19 11:37:30,SUCCESS,11,
TXN003838,ACC0743,M002,StyleHub,Fashion,2154,UPI,2026-08-21 11:37:30,SUCCESS,11,2880.0
TXN003839,ACC0743,M003,FreshMart,Grocery,281,UPI,2026-09-10 11:37:30,SUCCESS,11,28800.0
TXN003840,ACC0743,M005,FitFuel,Health,684,Wallet,2026-09-06 11:37:30,SUCCESS,11,-5760.0
TXN003841,ACC0743,M003,FreshMart,Grocery,1410,Card,2026-10-06 11:37:30,SUCCESS,11,43200.0
TXN003842,ACC0743,M005,FitFuel,Health,1771,UPI,2026-09-08 11:37:30,SUCCESS,11,-40320.0
TXN003843,ACC0744,M005,FitFuel,Health,1694,UPI,2026-08-03 11:37:30,SUCCESS,11,
TXN003844,ACC0744,M004,HomeNest,Furniture,2578,UPI,2026-08-10 11:37:30,SUCCESS,11,10080.0
TXN003845,ACC0744,M004,HomeNest,Furniture,6664,Wallet,2026-08-19 11:37:30,SUCCESS,11,12960.0
TXN003846,ACC0744,M001,TechKart,Electronics,4058,Card,2026-08-09 11:37:30,SUCCESS,11,-14400.0
TXN003847,ACC0744,M005,FitFuel,Health,540,UPI,2026-10-02 11:37:30,SUCCESS,11,77760.0
TXN003848,ACC0744,M004,HomeNest,Furniture,5911,UPI,2026-09-12 11:37:30,SUCCESS,11,-28800.0
TXN003849,ACC0744,M002,StyleHub,Fashion,2361,UPI,2026-10-26 11:37:30,SUCCESS,11,63360.0
TXN003850,ACC0744,M002,StyleHub,Fashion,1292,Card,2026-11-02 11:37:30,SUCCESS,11,10080.0
TXN003851,ACC0745,M005,FitFuel,Health,1835,NetBanking,2026-07-29 11:37:30,SUCCESS,11,
TXN003852,ACC0745,M001,TechKart,Electronics,4016,UPI,2026-07-31 11:37:30,SUCCESS,11,2880.0
TXN003853,ACC0745,M002,StyleHub,Fashion,1768,UPI,2026-08-14 11:37:30,SUCCESS,11,20160.0
TXN003854,ACC0745,M002,StyleHub,Fashion,1825,NetBanking,2026-08-13 11:37:30,SUCCESS,11,-1440.0
TXN003855,ACC0745,M004,HomeNest,Furniture,3740,Wallet,2026-08-10 11:37:30,SUCCESS,11,-4320.0
TXN003856,ACC0745,M003,FreshMart,Grocery,416,NetBanking,2026-09-02 11:37:30,SUCCESS,11,33120.0
TXN003857,ACC0746,M004,HomeNest,Furniture,6401,UPI,2026-07-29 11:37:30,SUCCESS,11,
TXN003858,ACC0746,M001,TechKart,Electronics,2330,Card,2026-08-09 11:37:30,SUCCESS,11,15840.0
TXN003859,ACC0746,M002,StyleHub,Fashion,1296,Card,2026-08-20 11:37:30,SUCCESS,11,15840.0
TXN003860,ACC0747,M001,TechKart,Electronics,1371,UPI,2026-07-23 11:37:30,SUCCESS,11,
TXN003861,ACC0747,M001,TechKart,Electronics,1126,Card,2026-08-06 11:37:30,SUCCESS,11,20160.0
TXN003862,ACC0747,M001,TechKart,Electronics,3717,UPI,2026-08-08 11:37:30,SUCCESS,11,2880.0
TXN003863,ACC0747,M005,FitFuel,Health,1995,UPI,2026-08-28 11:37:30,SUCCESS,11,28800.0
TXN003864,ACC0748,M001,TechKart,Electronics,1524,UPI,2026-09-02 11:37:30,SUCCESS,11,
TXN003865,ACC0748,M002,StyleHub,Fashion,957,Card,2026-09-11 11:37:30,SUCCESS,11,12960.0
TXN003866,ACC0748,M003,FreshMart,Grocery,835,Wallet,2026-09-06 11:37:30,SUCCESS,11,-7200.0
TXN003867,ACC0749,M005,FitFuel,Health,2147,UPI,2026-07-23 11:37:30,SUCCESS,11,
TXN003868,ACC0749,M002,StyleHub,Fashion,759,UPI,2026-08-03 11:37:30,SUCCESS,11,15840.0
TXN003869,ACC0749,M005,FitFuel,Health,2034,UPI,2026-08-18 11:37:30,SUCCESS,11,21600.0
TXN003870,ACC0749,M001,TechKart,Electronics,2691,Wallet,2026-08-16 11:37:30,SUCCESS,11,-2880.0
TXN003871,ACC0749,M004,HomeNest,Furniture,7497,NetBanking,2026-08-12 11:37:30,SUCCESS,11,-5760.0
TXN003872,ACC0750,M002,StyleHub,Fashion,2274,UPI,2026-09-02 11:37:30,SUCCESS,11,
TXN003873,ACC0750,M002,StyleHub,Fashion,718,UPI,2026-09-12 11:37:30,SUCCESS,11,14400.0
TXN003874,ACC0750,M001,TechKart,Electronics,1832,UPI,2026-09-20 11:37:30,SUCCESS,11,11520.0
TXN003875,ACC0751,M003,FreshMart,Grocery,481,UPI,2026-08-20 11:37:30,SUCCESS,11,
TXN003876,ACC0751,M005,FitFuel,Health,325,UPI,2026-09-03 11:37:30,SUCCESS,11,20160.0
TXN003877,ACC0751,M002,StyleHub,Fashion,805,Card,2026-09-05 11:37:30,SUCCESS,11,2880.0
TXN003878,ACC0751,M002,StyleHub,Fashion,676,UPI,2026-09-22 11:37:30,SUCCESS,11,24480.0
TXN003879,ACC0751,M001,TechKart,Electronics,4804,Card,2026-09-29 11:37:30,SUCCESS,11,10080.0
TXN003880,ACC0752,M001,TechKart,Electronics,4353,UPI,2026-07-19 11:37:30,SUCCESS,11,
TXN003881,ACC0752,M005,FitFuel,Health,2088,UPI,2026-07-22 11:37:30,SUCCESS,11,4320.0
TXN003882,ACC0752,M003,FreshMart,Grocery,1276,Card,2026-08-02 11:37:30,SUCCESS,11,15840.0
TXN003883,ACC0752,M005,FitFuel,Health,1581,Card,2026-08-27 11:37:30,SUCCESS,11,36000.0
TXN003884,ACC0752,M004,HomeNest,Furniture,3371,Card,2026-08-24 11:37:30,SUCCESS,11,-4320.0
TXN003885,ACC0752,M004,HomeNest,Furniture,6554,UPI,2026-08-03 11:37:30,SUCCESS,11,-30240.0
TXN003886,ACC0752,M001,TechKart,Electronics,3582,Wallet,2026-10-05 11:37:30,SUCCESS,11,90720.0
TXN003887,ACC0753,M005,FitFuel,Health,1184,UPI,2026-06-27 11:37:30,SUCCESS,11,
TXN003888,ACC0753,M005,FitFuel,Health,933,UPI,2026-07-05 11:37:30,SUCCESS,11,11520.0
TXN003889,ACC0753,M004,HomeNest,Furniture,9366,UPI,2026-07-19 11:37:30,SUCCESS,11,20160.0
TXN003890,ACC0753,M003,FreshMart,Grocery,829,Wallet,2026-07-27 11:37:30,SUCCESS,11,11520.0
TXN003891,ACC0753,M001,TechKart,Electronics,1586,Wallet,2026-07-21 11:37:30,SUCCESS,11,-8640.0
TXN003892,ACC0754,M004,HomeNest,Furniture,3331,UPI,2026-08-13 11:37:30,SUCCESS,11,
TXN003893,ACC0754,M005,FitFuel,Health,1175,Card,2026-08-17 11:37:30,SUCCESS,11,5760.0
TXN003894,ACC0754,M002,StyleHub,Fashion,1336,UPI,2026-09-02 11:37:30,SUCCESS,11,23040.0
TXN003895,ACC0755,M001,TechKart,Electronics,3072,UPI,2026-08-27 11:37:30,SUCCESS,11,
TXN003896,ACC0755,M002,StyleHub,Fashion,939,Wallet,2026-09-02 11:37:30,SUCCESS,11,8640.0
TXN003897,ACC0755,M005,FitFuel,Health,749,UPI,2026-09-26 11:37:30,SUCCESS,11,34560.0
TXN003898,ACC0756,M002,StyleHub,Fashion,441,Card,2026-06-22 11:37:30,SUCCESS,11,
TXN003899,ACC0756,M001,TechKart,Electronics,1845,UPI,2026-07-05 11:37:30,SUCCESS,11,18720.0
TXN003900,ACC0756,M001,TechKart,Electronics,3069,Wallet,2026-07-02 11:37:30,SUCCESS,11,-4320.0
TXN003901,ACC0756,M002,StyleHub,Fashion,1297,NetBanking,2026-07-31 11:37:30,SUCCESS,11,41760.0
TXN003902,ACC0757,M003,FreshMart,Grocery,410,Card,2026-07-09 11:37:30,SUCCESS,11,
TXN003903,ACC0757,M002,StyleHub,Fashion,1927,Card,2026-07-12 11:37:30,SUCCESS,11,4320.0
TXN003904,ACC0757,M002,StyleHub,Fashion,2461,UPI,2026-07-13 11:37:30,SUCCESS,11,1440.0
TXN003905,ACC0758,M003,FreshMart,Grocery,960,UPI,2026-08-28 11:37:30,SUCCESS,11,
TXN003906,ACC0758,M001,TechKart,Electronics,3621,Card,2026-09-09 11:37:30,SUCCESS,11,17280.0
TXN003907,ACC0758,M002,StyleHub,Fashion,2202,UPI,2026-09-19 11:37:30,SUCCESS,11,14400.0
TXN003908,ACC0758,M004,HomeNest,Furniture,9398,Card,2026-09-18 11:37:30,SUCCESS,11,-1440.0
TXN003909,ACC0759,M002,StyleHub,Fashion,690,Card,2026-06-27 11:37:30,SUCCESS,11,
TXN003910,ACC0759,M002,StyleHub,Fashion,767,UPI,2026-07-09 11:37:30,SUCCESS,11,17280.0
TXN003911,ACC0759,M001,TechKart,Electronics,4647,UPI,2026-07-27 11:37:30,SUCCESS,11,25920.0
TXN003912,ACC0759,M005,FitFuel,Health,467,NetBanking,2026-08-11 11:37:30,SUCCESS,11,21600.0
TXN003913,ACC0759,M005,FitFuel,Health,2474,UPI,2026-07-13 11:37:30,SUCCESS,11,-41760.0
TXN003914,ACC0759,M001,TechKart,Electronics,2959,UPI,2026-09-05 11:37:30,SUCCESS,11,77760.0
TXN003915,ACC0760,M003,FreshMart,Grocery,286,Card,2026-06-26 11:37:30,SUCCESS,11,
TXN003916,ACC0760,M002,StyleHub,Fashion,1017,Card,2026-07-04 11:37:30,SUCCESS,11,11520.0
TXN003917,ACC0760,M002,StyleHub,Fashion,885,UPI,2026-07-24 11:37:30,SUCCESS,11,28800.0
TXN003918,ACC0760,M005,FitFuel,Health,528,UPI,2026-07-02 11:37:30,SUCCESS,11,-31680.0
TXN003919,ACC0760,M003,FreshMart,Grocery,1005,NetBanking,2026-08-05 11:37:30,SUCCESS,11,48960.0
TXN003920,ACC0760,M004,HomeNest,Furniture,9815,Card,2026-08-05 11:37:30,SUCCESS,11,0.0
TXN003921,ACC0760,M004,HomeNest,Furniture,3915,Card,2026-07-08 11:37:30,SUCCESS,11,-40320.0
TXN003922,ACC0761,M005,FitFuel,Health,1912,UPI,2026-08-24 11:37:30,SUCCESS,11,
TXN003923,ACC0761,M003,FreshMart,Grocery,1340,UPI,2026-08-26 11:37:30,SUCCESS,11,2880.0
TXN003924,ACC0761,M003,FreshMart,Grocery,765,Card,2026-09-21 11:37:30,SUCCESS,11,37440.0
TXN003925,ACC0762,M002,StyleHub,Fashion,1654,Card,2026-07-10 11:37:30,SUCCESS,11,
TXN003926,ACC0762,M002,StyleHub,Fashion,2107,UPI,2026-07-15 11:37:30,SUCCESS,11,7200.0
TXN003927,ACC0762,M005,FitFuel,Health,1843,UPI,2026-07-22 11:37:30,SUCCESS,11,10080.0
TXN003928,ACC0762,M002,StyleHub,Fashion,1091,UPI,2026-07-25 11:37:30,SUCCESS,11,4320.0
TXN003929,ACC0762,M001,TechKart,Electronics,1524,UPI,2026-08-11 11:37:30,SUCCESS,11,24480.0
TXN003930,ACC0763,M004,HomeNest,Furniture,7451,UPI,2026-08-02 11:37:30,SUCCESS,11,
TXN003931,ACC0763,M003,FreshMart,Grocery,1490,Card,2026-08-17 11:37:30,SUCCESS,11,21600.0
TXN003932,ACC0763,M003,FreshMart,Grocery,459,UPI,2026-08-16 11:37:30,SUCCESS,11,-1440.0
TXN003933,ACC0764,M001,TechKart,Electronics,4838,Wallet,2026-06-30 11:37:30,SUCCESS,11,
TXN003934,ACC0764,M005,FitFuel,Health,701,Card,2026-07-11 11:37:30,SUCCESS,11,15840.0
TXN003935,ACC0764,M002,StyleHub,Fashion,1383,Card,2026-07-16 11:37:30,SUCCESS,11,7200.0
TXN003936,ACC0764,M001,TechKart,Electronics,3915,UPI,2026-08-14 11:37:30,SUCCESS,11,41760.0
TXN003937,ACC0764,M005,FitFuel,Health,1687,NetBanking,2026-07-20 11:37:30,SUCCESS,11,-36000.0
TXN003938,ACC0764,M003,FreshMart,Grocery,1093,Wallet,2026-07-20 11:37:30,SUCCESS,11,0.0
TXN003939,ACC0765,M001,TechKart,Electronics,3787,UPI,2026-07-19 11:37:30,SUCCESS,11,
TXN003940,ACC0765,M002,StyleHub,Fashion,1467,Wallet,2026-07-24 11:37:30,SUCCESS,11,7200.0
TXN003941,ACC0765,M001,TechKart,Electronics,2773,UPI,2026-08-18 11:37:30,SUCCESS,11,36000.0
TXN003942,ACC0766,M005,FitFuel,Health,2345,UPI,2026-07-19 11:37:30,SUCCESS,11,
TXN003943,ACC0766,M003,FreshMart,Grocery,907,NetBanking,2026-07-26 11:37:30,SUCCESS,11,10080.0
TXN003944,ACC0766,M004,HomeNest,Furniture,9504,Card,2026-08-16 11:37:30,SUCCESS,11,30240.0
TXN003945,ACC0766,M003,FreshMart,Grocery,1172,UPI,2026-08-24 11:37:30,SUCCESS,11,11520.0
TXN003946,ACC0766,M004,HomeNest,Furniture,6807,Card,2026-08-24 11:37:30,SUCCESS,11,0.0
TXN003947,ACC0766,M003,FreshMart,Grocery,1451,UPI,2026-09-22 11:37:30,SUCCESS,11,41760.0
TXN003948,ACC0766,M003,FreshMart,Grocery,641,UPI,2026-08-18 11:37:30,SUCCESS,11,-50400.0
TXN003949,ACC0767,M003,FreshMart,Grocery,954,UPI,2026-07-05 11:37:30,SUCCESS,11,
TXN003950,ACC0767,M005,FitFuel,Health,2359,UPI,2026-07-18 11:37:30,SUCCESS,11,18720.0
TXN003951,ACC0767,M001,TechKart,Electronics,4329,UPI,2026-08-02 11:37:30,SUCCESS,11,21600.0
TXN003952,ACC0767,M002,StyleHub,Fashion,723,UPI,2026-07-23 11:37:30,SUCCESS,11,-14400.0
TXN003953,ACC0767,M003,FreshMart,Grocery,195,UPI,2026-07-29 11:37:30,SUCCESS,11,8640.0
TXN003954,ACC0767,M005,FitFuel,Health,1660,Wallet,2026-07-15 11:37:30,SUCCESS,11,-20160.0
TXN003955,ACC0768,M001,TechKart,Electronics,3599,UPI,2026-07-26 11:37:30,SUCCESS,11,
TXN003956,ACC0768,M005,FitFuel,Health,884,UPI,2026-08-03 11:37:30,SUCCESS,11,11520.0
TXN003957,ACC0768,M005,FitFuel,Health,1861,UPI,2026-08-09 11:37:30,SUCCESS,11,8640.0
TXN003958,ACC0768,M004,HomeNest,Furniture,3488,UPI,2026-09-09 11:37:30,SUCCESS,11,44640.0
TXN003959,ACC0768,M001,TechKart,Electronics,4512,NetBanking,2026-08-15 11:37:30,SUCCESS,11,-36000.0
TXN003960,ACC0768,M002,StyleHub,Fashion,1381,UPI,2026-08-25 11:37:30,SUCCESS,11,14400.0
TXN003961,ACC0769,M003,FreshMart,Grocery,521,UPI,2026-06-20 11:37:30,SUCCESS,11,
TXN003962,ACC0769,M003,FreshMart,Grocery,257,Wallet,2026-07-05 11:37:30,SUCCESS,11,21600.0
TXN003963,ACC0769,M005,FitFuel,Health,1100,UPI,2026-07-02 11:37:30,SUCCESS,11,-4320.0
TXN003964,ACC0769,M004,HomeNest,Furniture,8689,UPI,2026-07-02 11:37:30,SUCCESS,11,0.0
TXN003965,ACC0769,M003,FreshMart,Grocery,782,UPI,2026-08-15 11:37:30,SUCCESS,11,63360.0
TXN003966,ACC0769,M001,TechKart,Electronics,4509,Card,2026-08-29 11:37:30,SUCCESS,11,20160.0
TXN003967,ACC0769,M004,HomeNest,Furniture,3851,UPI,2026-07-20 11:37:30,SUCCESS,11,-57600.0
TXN003968,ACC0770,M005,FitFuel,Health,799,UPI,2026-09-01 11:37:30,SUCCESS,11,
TXN003969,ACC0770,M003,FreshMart,Grocery,492,UPI,2026-09-11 11:37:30,SUCCESS,11,14400.0
TXN003970,ACC0770,M001,TechKart,Electronics,3817,Card,2026-09-07 11:37:30,SUCCESS,11,-5760.0
TXN003971,ACC0770,M001,TechKart,Electronics,3100,UPI,2026-09-28 11:37:30,SUCCESS,11,30240.0
TXN003972,ACC0770,M003,FreshMart,Grocery,1497,UPI,2026-09-21 11:37:30,SUCCESS,11,-10080.0
TXN003973,ACC0770,M004,HomeNest,Furniture,9284,Wallet,2026-09-21 11:37:30,SUCCESS,11,0.0
TXN003974,ACC0770,M004,HomeNest,Furniture,4127,UPI,2026-11-24 11:37:30,SUCCESS,11,92160.0
TXN003975,ACC0771,M004,HomeNest,Furniture,2398,UPI,2026-06-12 11:37:30,SUCCESS,11,
TXN003976,ACC0771,M002,StyleHub,Fashion,503,Card,2026-06-17 11:37:30,SUCCESS,11,7200.0
TXN003977,ACC0771,M003,FreshMart,Grocery,452,UPI,2026-06-28 11:37:30,SUCCESS,11,15840.0
TXN003978,ACC0771,M004,HomeNest,Furniture,5710,UPI,2026-07-09 11:37:30,SUCCESS,11,15840.0
TXN003979,ACC0771,M004,HomeNest,Furniture,7586,UPI,2026-07-14 11:37:30,SUCCESS,11,7200.0
TXN003980,ACC0771,M002,StyleHub,Fashion,2317,UPI,2026-07-07 11:37:30,SUCCESS,11,-10080.0
TXN003981,ACC0771,M001,TechKart,Electronics,1182,Wallet,2026-07-18 11:37:30,SUCCESS,11,15840.0
TXN003982,ACC0772,M002,StyleHub,Fashion,2199,Wallet,2026-06-06 11:37:30,SUCCESS,11,
TXN003983,ACC0772,M001,TechKart,Electronics,3810,UPI,2026-06-09 11:37:30,SUCCESS,11,4320.0
TXN003984,ACC0772,M001,TechKart,Electronics,1097,UPI,2026-06-26 11:37:30,SUCCESS,11,24480.0
TXN003985,ACC0772,M004,HomeNest,Furniture,9015,Card,2026-06-18 11:37:30,SUCCESS,11,-11520.0
TXN003986,ACC0772,M002,StyleHub,Fashion,669,UPI,2026-07-28 11:37:30,SUCCESS,11,57600.0
TXN003987,ACC0772,M004,HomeNest,Furniture,7427,NetBanking,2026-07-11 11:37:30,SUCCESS,11,-24480.0
TXN003988,ACC0772,M001,TechKart,Electronics,4285,UPI,2026-07-06 11:37:30,SUCCESS,11,-7200.0
TXN003989,ACC0773,M001,TechKart,Electronics,2582,Card,2026-08-05 11:37:30,SUCCESS,11,
TXN003990,ACC0773,M001,TechKart,Electronics,4849,Wallet,2026-08-15 11:37:30,SUCCESS,11,14400.0
TXN003991,ACC0773,M002,StyleHub,Fashion,898,UPI,2026-08-09 11:37:30,SUCCESS,11,-8640.0
TXN003992,ACC0773,M003,FreshMart,Grocery,868,Card,2026-09-07 11:37:30,SUCCESS,11,41760.0
TXN003993,ACC0774,M001,TechKart,Electronics,2327,Card,2026-07-15 11:37:30,SUCCESS,11,
TXN003994,ACC0774,M004,HomeNest,Furniture,8423,UPI,2026-07-27 11:37:30,SUCCESS,11,17280.0
TXN003995,ACC0774,M003,FreshMart,Grocery,1410,UPI,2026-07-23 11:37:30,SUCCESS,11,-5760.0
TXN003996,ACC0774,M002,StyleHub,Fashion,1361,UPI,2026-08-29 11:37:30,SUCCESS,11,53280.0
TXN003997,ACC0774,M004,HomeNest,Furniture,3858,Card,2026-07-31 11:37:30,SUCCESS,11,-41760.0
TXN003998,ACC0774,M005,FitFuel,Health,1013,UPI,2026-08-09 11:37:30,SUCCESS,11,12960.0
TXN003999,ACC0775,M002,StyleHub,Fashion,1850,UPI,2026-07-05 11:37:30,SUCCESS,11,
TXN004000,ACC0775,M004,HomeNest,Furniture,5496,UPI,2026-07-10 11:37:30,SUCCESS,11,7200.0
TXN004001,ACC0775,M001,TechKart,Electronics,4646,UPI,2026-07-19 11:37:30,SUCCESS,11,12960.0
TXN004002,ACC0775,M005,FitFuel,Health,2180,UPI,2026-07-11 11:37:30,SUCCESS,11,-11520.0
TXN004003,ACC0776,M004,HomeNest,Furniture,8454,Wallet,2026-07-16 11:37:30,SUCCESS,11,
TXN004004,ACC0776,M005,FitFuel,Health,948,NetBanking,2026-07-30 11:37:30,SUCCESS,11,20160.0
TXN004005,ACC0776,M004,HomeNest,Furniture,2316,UPI,2026-07-26 11:37:30,SUCCESS,11,-5760.0
TXN004006,ACC0777,M004,HomeNest,Furniture,2817,UPI,2026-08-19 11:37:30,SUCCESS,11,
TXN004007,ACC0777,M005,FitFuel,Health,1210,NetBanking,2026-09-03 11:37:30,SUCCESS,11,21600.0
TXN004008,ACC0777,M005,FitFuel,Health,1049,Card,2026-09-08 11:37:30,SUCCESS,11,7200.0
TXN004009,ACC0777,M004,HomeNest,Furniture,7457,Card,2026-10-03 11:37:30,SUCCESS,11,36000.0
TXN004010,ACC0777,M004,HomeNest,Furniture,9561,Card,2026-10-06 11:37:30,SUCCESS,11,4320.0
TXN004011,ACC0778,M003,FreshMart,Grocery,974,UPI,2026-06-27 11:37:30,SUCCESS,11,
TXN004012,ACC0778,M004,HomeNest,Furniture,8174,UPI,2026-07-04 11:37:30,SUCCESS,11,10080.0
TXN004013,ACC0778,M002,StyleHub,Fashion,1287,Wallet,2026-07-05 11:37:30,SUCCESS,11,1440.0
TXN004014,ACC0778,M002,StyleHub,Fashion,1061,Wallet,2026-07-09 11:37:30,SUCCESS,11,5760.0
TXN004015,ACC0779,M001,TechKart,Electronics,3192,UPI,2026-09-01 11:37:30,SUCCESS,11,
TXN004016,ACC0779,M003,FreshMart,Grocery,1297,Wallet,2026-09-05 11:37:30,SUCCESS,11,5760.0
TXN004017,ACC0779,M005,FitFuel,Health,931,Card,2026-10-01 11:37:30,SUCCESS,11,37440.0
TXN004018,ACC0779,M002,StyleHub,Fashion,1131,Card,2026-10-07 11:37:30,SUCCESS,11,8640.0
TXN004019,ACC0779,M004,HomeNest,Furniture,2468,UPI,2026-09-29 11:37:30,SUCCESS,11,-11520.0
TXN004020,ACC0779,M005,FitFuel,Health,1682,UPI,2026-11-15 11:37:30,SUCCESS,11,67680.0
TXN004021,ACC0780,M002,StyleHub,Fashion,2361,NetBanking,2026-08-28 11:37:30,SUCCESS,11,
TXN004022,ACC0780,M001,TechKart,Electronics,1739,UPI,2026-09-02 11:37:30,SUCCESS,11,7200.0
TXN004023,ACC0780,M004,HomeNest,Furniture,7600,Card,2026-09-09 11:37:30,SUCCESS,11,10080.0
TXN004024,ACC0780,M001,TechKart,Electronics,2735,UPI,2026-09-15 11:37:30,SUCCESS,11,8640.0
TXN004025,ACC0780,M003,FreshMart,Grocery,619,NetBanking,2026-10-15 11:37:30,SUCCESS,11,43200.0
TXN004026,ACC0780,M001,TechKart,Electronics,3453,UPI,2026-09-27 11:37:30,SUCCESS,11,-25920.0
TXN004027,ACC0780,M001,TechKart,Electronics,2600,Card,2026-11-08 11:37:30,SUCCESS,11,60480.0
TXN004028,ACC0781,M001,TechKart,Electronics,4967,Card,2026-07-14 11:37:30,SUCCESS,11,
TXN004029,ACC0781,M004,HomeNest,Furniture,3877,Card,2026-07-26 11:37:30,SUCCESS,11,17280.0
TXN004030,ACC0781,M004,HomeNest,Furniture,7380,UPI,2026-08-09 11:37:30,SUCCESS,11,20160.0
TXN004031,ACC0782,M003,FreshMart,Grocery,1125,UPI,2026-07-25 11:37:30,SUCCESS,11,
TXN004032,ACC0782,M003,FreshMart,Grocery,1314,UPI,2026-08-01 11:37:30,SUCCESS,11,10080.0
TXN004033,ACC0783,M001,TechKart,Electronics,3817,UPI,2026-06-15 11:37:30,SUCCESS,11,
TXN004034,ACC0783,M003,FreshMart,Grocery,297,UPI,2026-06-28 11:37:30,SUCCESS,11,18720.0
TXN004035,ACC0783,M003,FreshMart,Grocery,825,UPI,2026-07-13 11:37:30,SUCCESS,11,21600.0
TXN004036,ACC0784,M001,TechKart,Electronics,3879,Card,2026-06-23 11:37:30,SUCCESS,11,
TXN004037,ACC0784,M005,FitFuel,Health,1614,UPI,2026-06-28 11:37:30,SUCCESS,11,7200.0
TXN004038,ACC0785,M002,StyleHub,Fashion,646,UPI,2026-07-20 11:37:30,SUCCESS,11,
TXN004039,ACC0785,M002,StyleHub,Fashion,474,UPI,2026-07-22 11:37:30,SUCCESS,11,2880.0
TXN004040,ACC0785,M002,StyleHub,Fashion,461,UPI,2026-08-05 11:37:30,SUCCESS,11,20160.0
TXN004041,ACC0785,M004,HomeNest,Furniture,2787,UPI,2026-09-03 11:37:30,SUCCESS,11,41760.0
TXN004042,ACC0785,M001,TechKart,Electronics,2026,UPI,2026-09-06 11:37:30,SUCCESS,11,4320.0
TXN004043,ACC0786,M004,HomeNest,Furniture,9421,Wallet,2026-06-22 11:37:30,SUCCESS,11,
TXN004044,ACC0786,M004,HomeNest,Furniture,6357,Card,2026-06-30 11:37:30,SUCCESS,11,11520.0
TXN004045,ACC0786,M004,HomeNest,Furniture,2297,Card,2026-07-10 11:37:30,SUCCESS,11,14400.0
TXN004046,ACC0787,M001,TechKart,Electronics,2151,UPI,2026-07-05 11:37:30,SUCCESS,11,
TXN004047,ACC0787,M002,StyleHub,Fashion,727,Card,2026-07-14 11:37:30,SUCCESS,11,12960.0
TXN004048,ACC0787,M002,StyleHub,Fashion,940,UPI,2026-08-02 11:37:30,SUCCESS,11,27360.0
TXN004049,ACC0787,M001,TechKart,Electronics,4571,Wallet,2026-07-29 11:37:30,SUCCESS,11,-5760.0
TXN004050,ACC0787,M005,FitFuel,Health,2472,UPI,2026-08-26 11:37:30,SUCCESS,11,40320.0
TXN004051,ACC0787,M005,FitFuel,Health,2021,UPI,2026-08-19 11:37:30,SUCCESS,11,-10080.0
TXN004052,ACC0788,M005,FitFuel,Health,1564,UPI,2026-06-14 11:37:30,SUCCESS,11,
TXN004053,ACC0788,M001,TechKart,Electronics,3931,UPI,2026-06-25 11:37:30,SUCCESS,11,15840.0
TXN004054,ACC0788,M001,TechKart,Electronics,4998,Card,2026-06-24 11:37:30,SUCCESS,11,-1440.0
TXN004055,ACC0788,M005,FitFuel,Health,1671,UPI,2026-07-26 11:37:30,SUCCESS,11,46080.0
TXN004056,ACC0788,M002,StyleHub,Fashion,587,UPI,2026-06-26 11:37:30,SUCCESS,11,-43200.0
TXN004057,ACC0788,M001,TechKart,Electronics,3683,NetBanking,2026-08-08 11:37:30,SUCCESS,11,61920.0
TXN004058,ACC0788,M003,FreshMart,Grocery,1145,NetBanking,2026-09-06 11:37:30,SUCCESS,11,41760.0
TXN004059,ACC0788,M003,FreshMart,Grocery,1303,Card,2026-07-26 11:37:30,SUCCESS,11,-60480.0
TXN004060,ACC0789,M001,TechKart,Electronics,1209,UPI,2026-07-29 11:37:30,SUCCESS,11,
TXN004061,ACC0789,M005,FitFuel,Health,2201,UPI,2026-08-06 11:37:30,SUCCESS,11,11520.0
TXN004062,ACC0789,M005,FitFuel,Health,2082,UPI,2026-08-10 11:37:30,SUCCESS,11,5760.0
TXN004063,ACC0789,M005,FitFuel,Health,2134,Card,2026-08-16 11:37:30,SUCCESS,11,8640.0
TXN004064,ACC0789,M001,TechKart,Electronics,4238,NetBanking,2026-08-22 11:37:30,SUCCESS,11,8640.0
TXN004065,ACC0789,M003,FreshMart,Grocery,1023,Card,2026-09-07 11:37:30,SUCCESS,11,23040.0
TXN004066,ACC0789,M003,FreshMart,Grocery,827,UPI,2026-08-10 11:37:30,SUCCESS,11,-40320.0
TXN004067,ACC0789,M002,StyleHub,Fashion,1845,UPI,2026-09-23 11:37:30,SUCCESS,11,63360.0
TXN004068,ACC0790,M001,TechKart,Electronics,3963,Wallet,2026-07-05 11:37:30,SUCCESS,11,
TXN004069,ACC0790,M004,HomeNest,Furniture,7050,UPI,2026-07-16 11:37:30,SUCCESS,11,15840.0
TXN004070,ACC0790,M004,HomeNest,Furniture,2647,UPI,2026-07-23 11:37:30,SUCCESS,11,10080.0
TXN004071,ACC0791,M003,FreshMart,Grocery,431,Card,2026-06-23 11:37:30,SUCCESS,11,
TXN004072,ACC0791,M002,StyleHub,Fashion,1715,UPI,2026-07-01 11:37:30,SUCCESS,11,11520.0
TXN004073,ACC0791,M003,FreshMart,Grocery,1365,UPI,2026-07-19 11:37:30,SUCCESS,11,25920.0
TXN004074,ACC0791,M002,StyleHub,Fashion,1907,UPI,2026-06-29 11:37:30,SUCCESS,11,-28800.0
TXN004075,ACC0791,M005,FitFuel,Health,959,UPI,2026-07-09 11:37:30,SUCCESS,11,14400.0
TXN004076,ACC0791,M002,StyleHub,Fashion,2147,UPI,2026-08-22 11:37:30,SUCCESS,11,63360.0
TXN004077,ACC0791,M003,FreshMart,Grocery,1407,UPI,2026-07-11 11:37:30,SUCCESS,11,-60480.0
TXN004078,ACC0792,M005,FitFuel,Health,1673,Card,2026-06-16 11:37:30,SUCCESS,11,
TXN004079,ACC0792,M003,FreshMart,Grocery,997,Card,2026-06-23 11:37:30,SUCCESS,11,10080.0
TXN004080,ACC0792,M003,FreshMart,Grocery,826,Card,2026-06-26 11:37:30,SUCCESS,11,4320.0
TXN004081,ACC0792,M003,FreshMart,Grocery,603,UPI,2026-07-31 11:37:30,SUCCESS,11,50400.0
TXN004082,ACC0792,M001,TechKart,Electronics,3301,Card,2026-07-10 11:37:30,SUCCESS,11,-30240.0
TXN004083,ACC0792,M005,FitFuel,Health,1301,Card,2026-07-26 11:37:30,SUCCESS,11,23040.0
TXN004084,ACC0793,M005,FitFuel,Health,2146,UPI,2026-08-01 11:37:30,SUCCESS,11,
TXN004085,ACC0793,M003,FreshMart,Grocery,989,UPI,2026-08-12 11:37:30,SUCCESS,11,15840.0
TXN004086,ACC0793,M005,FitFuel,Health,1001,UPI,2026-08-21 11:37:30,SUCCESS,11,12960.0
TXN004087,ACC0794,M005,FitFuel,Health,2020,UPI,2026-06-20 11:37:30,SUCCESS,11,
TXN004088,ACC0794,M004,HomeNest,Furniture,7927,Wallet,2026-07-03 11:37:30,SUCCESS,11,18720.0
TXN004089,ACC0795,M005,FitFuel,Health,2439,Card,2026-06-10 11:37:30,SUCCESS,11,
TXN004090,ACC0795,M001,TechKart,Electronics,2841,UPI,2026-06-16 11:37:30,SUCCESS,11,8640.0
TXN004091,ACC0795,M005,FitFuel,Health,2124,UPI,2026-06-14 11:37:30,SUCCESS,11,-2880.0
TXN004092,ACC0795,M002,StyleHub,Fashion,871,NetBanking,2026-07-19 11:37:30,SUCCESS,11,50400.0
TXN004093,ACC0795,M001,TechKart,Electronics,4723,UPI,2026-08-05 11:37:30,SUCCESS,11,24480.0
TXN004094,ACC0795,M005,FitFuel,Health,1724,UPI,2026-08-24 11:37:30,SUCCESS,11,27360.0
TXN004095,ACC0796,M003,FreshMart,Grocery,1117,NetBanking,2026-07-13 11:37:30,SUCCESS,11,
TXN004096,ACC0796,M002,StyleHub,Fashion,552,UPI,2026-07-17 11:37:30,SUCCESS,11,5760.0
TXN004097,ACC0796,M003,FreshMart,Grocery,719,Card,2026-07-17 11:37:30,SUCCESS,11,0.0
TXN004098,ACC0796,M003,FreshMart,Grocery,931,Wallet,2026-08-27 11:37:30,SUCCESS,11,59040.0
TXN004099,ACC0796,M005,FitFuel,Health,1215,Card,2026-07-29 11:37:30,SUCCESS,11,-41760.0
TXN004100,ACC0796,M001,TechKart,Electronics,1958,NetBanking,2026-09-26 11:37:30,SUCCESS,11,84960.0
TXN004101,ACC0796,M003,FreshMart,Grocery,368,UPI,2026-10-11 11:37:30,SUCCESS,11,21600.0
TXN004102,ACC0797,M004,HomeNest,Furniture,4730,NetBanking,2026-08-08 11:37:30,SUCCESS,11,
TXN004103,ACC0797,M003,FreshMart,Grocery,1232,Card,2026-08-23 11:37:30,SUCCESS,11,21600.0
TXN004104,ACC0798,M005,FitFuel,Health,1681,Card,2026-08-10 11:37:30,SUCCESS,11,
TXN004105,ACC0798,M004,HomeNest,Furniture,9895,UPI,2026-08-25 11:37:30,SUCCESS,11,21600.0
TXN004106,ACC0798,M001,TechKart,Electronics,2589,Wallet,2026-08-26 11:37:30,SUCCESS,11,1440.0
TXN004107,ACC0798,M003,FreshMart,Grocery,1281,UPI,2026-08-28 11:37:30,SUCCESS,11,2880.0
TXN004108,ACC0798,M003,FreshMart,Grocery,962,UPI,2026-09-03 11:37:30,SUCCESS,11,8640.0
TXN004109,ACC0799,M005,FitFuel,Health,1819,UPI,2026-08-25 11:37:30,SUCCESS,11,
TXN004110,ACC0799,M003,FreshMart,Grocery,525,UPI,2026-08-30 11:37:30,SUCCESS,11,7200.0
TXN004111,ACC0800,M002,StyleHub,Fashion,537,NetBanking,2026-08-14 11:37:30,SUCCESS,11,
TXN004112,ACC0800,M003,FreshMart,Grocery,1086,UPI,2026-08-19 11:37:30,SUCCESS,11,7200.0
TXN004113,ACC0800,M004,HomeNest,Furniture,3703,Card,2026-08-26 11:37:30,SUCCESS,11,10080.0
TXN004114,ACC0800,M003,FreshMart,Grocery,625,Card,2026-08-20 11:37:30,SUCCESS,11,-8640.0
TXN004115,ACC0800,M005,FitFuel,Health,2002,UPI,2026-10-05 11:37:30,SUCCESS,11,66240.0
TXN004116,ACC0801,M004,HomeNest,Furniture,8401,NetBanking,2026-06-09 11:37:30,SUCCESS,11,
TXN004117,ACC0801,M001,TechKart,Electronics,1067,Card,2026-06-24 11:37:30,SUCCESS,11,21600.0
TXN004118,ACC0801,M003,FreshMart,Grocery,438,Card,2026-07-03 11:37:30,SUCCESS,11,12960.0
TXN004119,ACC0801,M004,HomeNest,Furniture,8170,Card,2026-06-27 11:37:30,SUCCESS,11,-8640.0
TXN004120,ACC0801,M002,StyleHub,Fashion,767,Card,2026-06-17 11:37:30,SUCCESS,11,-14400.0
TXN004121,ACC0801,M004,HomeNest,Furniture,9284,UPI,2026-07-24 11:37:30,SUCCESS,11,53280.0
TXN004122,ACC0801,M003,FreshMart,Grocery,535,Wallet,2026-08-02 11:37:30,SUCCESS,11,12960.0
TXN004123,ACC0802,M003,FreshMart,Grocery,269,UPI,2026-08-08 11:37:30,SUCCESS,11,
TXN004124,ACC0802,M003,FreshMart,Grocery,246,UPI,2026-08-18 11:37:30,SUCCESS,11,14400.0
TXN004125,ACC0802,M005,FitFuel,Health,1448,UPI,2026-09-07 11:37:30,SUCCESS,11,28800.0
TXN004126,ACC0802,M002,StyleHub,Fashion,2236,Card,2026-08-29 11:37:30,SUCCESS,11,-12960.0
TXN004127,ACC0803,M002,StyleHub,Fashion,946,UPI,2026-08-14 11:37:30,SUCCESS,11,
TXN004128,ACC0803,M005,FitFuel,Health,1257,UPI,2026-08-18 11:37:30,SUCCESS,11,5760.0
TXN004129,ACC0803,M002,StyleHub,Fashion,1752,UPI,2026-08-18 11:37:30,SUCCESS,11,0.0
TXN004130,ACC0803,M002,StyleHub,Fashion,1237,NetBanking,2026-08-23 11:37:30,SUCCESS,11,7200.0
TXN004131,ACC0803,M001,TechKart,Electronics,2597,UPI,2026-09-03 11:37:30,SUCCESS,11,15840.0
TXN004132,ACC0803,M004,HomeNest,Furniture,5612,UPI,2026-09-23 11:37:30,SUCCESS,11,28800.0
TXN004133,ACC0803,M001,TechKart,Electronics,4304,Card,2026-10-31 11:37:30,SUCCESS,11,54720.0
TXN004134,ACC0804,M004,HomeNest,Furniture,3163,Card,2026-09-02 11:37:30,SUCCESS,11,
TXN004135,ACC0804,M005,FitFuel,Health,1722,Card,2026-09-13 11:37:30,SUCCESS,11,15840.0
TXN004136,ACC0804,M002,StyleHub,Fashion,632,UPI,2026-09-16 11:37:30,SUCCESS,11,4320.0
TXN004137,ACC0804,M003,FreshMart,Grocery,581,UPI,2026-10-08 11:37:30,SUCCESS,11,31680.0
TXN004138,ACC0805,M005,FitFuel,Health,1358,NetBanking,2026-08-05 11:37:30,SUCCESS,11,
TXN004139,ACC0805,M002,StyleHub,Fashion,518,UPI,2026-08-09 11:37:30,SUCCESS,11,5760.0
TXN004140,ACC0805,M002,StyleHub,Fashion,591,UPI,2026-08-31 11:37:30,SUCCESS,11,31680.0
TXN004141,ACC0806,M005,FitFuel,Health,367,UPI,2026-07-07 11:37:30,SUCCESS,11,
TXN004142,ACC0806,M002,StyleHub,Fashion,1069,Card,2026-07-20 11:37:30,SUCCESS,11,18720.0
TXN004143,ACC0806,M003,FreshMart,Grocery,256,NetBanking,2026-07-15 11:37:30,SUCCESS,11,-7200.0
TXN004144,ACC0806,M004,HomeNest,Furniture,8670,NetBanking,2026-07-13 11:37:30,SUCCESS,11,-2880.0
TXN004145,ACC0807,M005,FitFuel,Health,2194,Card,2026-08-01 11:37:30,SUCCESS,11,
TXN004146,ACC0807,M004,HomeNest,Furniture,7260,Card,2026-08-04 11:37:30,SUCCESS,11,4320.0
TXN004147,ACC0807,M003,FreshMart,Grocery,683,UPI,2026-08-19 11:37:30,SUCCESS,11,21600.0
TXN004148,ACC0807,M005,FitFuel,Health,1049,Wallet,2026-09-03 11:37:30,SUCCESS,11,21600.0
TXN004149,ACC0807,M004,HomeNest,Furniture,4947,Card,2026-08-09 11:37:30,SUCCESS,11,-36000.0
TXN004150,ACC0808,M004,HomeNest,Furniture,3262,Card,2026-06-27 11:37:30,SUCCESS,11,
TXN004151,ACC0808,M002,StyleHub,Fashion,1790,UPI,2026-07-06 11:37:30,SUCCESS,11,12960.0
TXN004152,ACC0808,M002,StyleHub,Fashion,1037,UPI,2026-07-03 11:37:30,SUCCESS,11,-4320.0
TXN004153,ACC0809,M003,FreshMart,Grocery,939,UPI,2026-06-21 11:37:30,SUCCESS,11,
TXN004154,ACC0809,M003,FreshMart,Grocery,671,Wallet,2026-07-01 11:37:30,SUCCESS,11,14400.0
TXN004155,ACC0810,M004,HomeNest,Furniture,4040,Card,2026-08-16 11:37:30,SUCCESS,11,
TXN004156,ACC0810,M005,FitFuel,Health,612,Card,2026-08-25 11:37:30,SUCCESS,11,12960.0
TXN004157,ACC0810,M002,StyleHub,Fashion,746,UPI,2026-08-22 11:37:30,SUCCESS,11,-4320.0
TXN004158,ACC0810,M001,TechKart,Electronics,4551,Wallet,2026-08-22 11:37:30,SUCCESS,11,0.0
TXN004159,ACC0810,M002,StyleHub,Fashion,1819,Wallet,2026-08-24 11:37:30,SUCCESS,11,2880.0
TXN004160,ACC0810,M004,HomeNest,Furniture,8613,Wallet,2026-10-05 11:37:30,SUCCESS,11,60480.0
TXN004161,ACC0810,M001,TechKart,Electronics,1405,UPI,2026-10-21 11:37:30,SUCCESS,11,23040.0
TXN004162,ACC0811,M001,TechKart,Electronics,2647,Card,2026-07-03 11:37:30,SUCCESS,11,
TXN004163,ACC0811,M001,TechKart,Electronics,2862,Card,2026-07-10 11:37:30,SUCCESS,11,10080.0
TXN004164,ACC0812,M001,TechKart,Electronics,4846,UPI,2026-06-19 11:37:30,SUCCESS,11,
TXN004165,ACC0812,M002,StyleHub,Fashion,2416,Wallet,2026-06-23 11:37:30,SUCCESS,11,5760.0
TXN004166,ACC0812,M003,FreshMart,Grocery,661,UPI,2026-07-15 11:37:30,SUCCESS,11,31680.0
TXN004167,ACC0813,M001,TechKart,Electronics,3754,NetBanking,2026-08-11 11:37:30,SUCCESS,11,
TXN004168,ACC0813,M002,StyleHub,Fashion,862,UPI,2026-08-15 11:37:30,SUCCESS,11,5760.0
TXN004169,ACC0813,M003,FreshMart,Grocery,683,Card,2026-08-27 11:37:30,SUCCESS,11,17280.0
TXN004170,ACC0813,M004,HomeNest,Furniture,8963,Wallet,2026-09-16 11:37:30,SUCCESS,11,28800.0
TXN004171,ACC0813,M001,TechKart,Electronics,2401,UPI,2026-08-31 11:37:30,SUCCESS,11,-23040.0
TXN004172,ACC0814,M004,HomeNest,Furniture,9186,Wallet,2026-07-28 11:37:30,SUCCESS,11,
TXN004173,ACC0814,M003,FreshMart,Grocery,1178,NetBanking,2026-07-30 11:37:30,SUCCESS,11,2880.0
TXN004174,ACC0814,M005,FitFuel,Health,1654,UPI,2026-08-15 11:37:30,SUCCESS,11,23040.0
TXN004175,ACC0814,M001,TechKart,Electronics,2161,UPI,2026-08-24 11:37:30,SUCCESS,11,12960.0
TXN004176,ACC0815,M004,HomeNest,Furniture,8274,UPI,2026-06-17 11:37:30,SUCCESS,11,
TXN004177,ACC0815,M001,TechKart,Electronics,3365,UPI,2026-06-24 11:37:30,SUCCESS,11,10080.0
TXN004178,ACC0815,M004,HomeNest,Furniture,6070,UPI,2026-07-11 11:37:30,SUCCESS,11,24480.0
TXN004179,ACC0815,M002,StyleHub,Fashion,2027,UPI,2026-07-26 11:37:30,SUCCESS,11,21600.0
TXN004180,ACC0816,M005,FitFuel,Health,1596,UPI,2026-08-08 11:37:30,SUCCESS,11,
TXN004181,ACC0816,M002,StyleHub,Fashion,2252,Wallet,2026-08-14 11:37:30,SUCCESS,11,8640.0
TXN004182,ACC0816,M003,FreshMart,Grocery,499,UPI,2026-08-26 11:37:30,SUCCESS,11,17280.0
TXN004183,ACC0816,M005,FitFuel,Health,929,UPI,2026-08-29 11:37:30,SUCCESS,11,4320.0
TXN004184,ACC0816,M004,HomeNest,Furniture,4861,UPI,2026-08-20 11:37:30,SUCCESS,11,-12960.0
TXN004185,ACC0816,M005,FitFuel,Health,848,UPI,2026-08-28 11:37:30,SUCCESS,11,11520.0
TXN004186,ACC0816,M005,FitFuel,Health,945,UPI,2026-09-19 11:37:30,SUCCESS,11,31680.0
TXN004187,ACC0817,M003,FreshMart,Grocery,990,UPI,2026-08-20 11:37:30,SUCCESS,11,
TXN004188,ACC0817,M005,FitFuel,Health,1601,UPI,2026-08-24 11:37:30,SUCCESS,11,5760.0
TXN004189,ACC0817,M005,FitFuel,Health,1947,UPI,2026-09-13 11:37:30,SUCCESS,11,28800.0
TXN004190,ACC0817,M004,HomeNest,Furniture,7475,Card,2026-09-04 11:37:30,SUCCESS,11,-12960.0
TXN004191,ACC0818,M002,StyleHub,Fashion,1615,Card,2026-06-13 11:37:30,SUCCESS,11,
TXN004192,ACC0818,M001,TechKart,Electronics,4334,UPI,2026-06-17 11:37:30,SUCCESS,11,5760.0
TXN004193,ACC0818,M003,FreshMart,Grocery,1426,UPI,2026-06-27 11:37:30,SUCCESS,11,14400.0
TXN004194,ACC0819,M003,FreshMart,Grocery,348,UPI,2026-06-10 11:37:30,SUCCESS,11,
TXN004195,ACC0819,M001,TechKart,Electronics,2627,Card,2026-06-23 11:37:30,SUCCESS,11,18720.0
TXN004196,ACC0819,M001,TechKart,Electronics,1157,UPI,2026-07-08 11:37:30,SUCCESS,11,21600.0
TXN004197,ACC0819,M002,StyleHub,Fashion,1043,UPI,2026-07-10 11:37:30,SUCCESS,11,2880.0
TXN004198,ACC0819,M001,TechKart,Electronics,2248,NetBanking,2026-07-28 11:37:30,SUCCESS,11,25920.0
TXN004199,ACC0819,M002,StyleHub,Fashion,712,UPI,2026-06-25 11:37:30,SUCCESS,11,-47520.0
TXN004200,ACC0819,M005,FitFuel,Health,761,Card,2026-07-16 11:37:30,SUCCESS,11,30240.0
TXN004201,ACC0820,M004,HomeNest,Furniture,6451,UPI,2026-08-15 11:37:30,SUCCESS,11,
TXN004202,ACC0820,M004,HomeNest,Furniture,4440,NetBanking,2026-08-24 11:37:30,SUCCESS,11,12960.0
TXN004203,ACC0820,M005,FitFuel,Health,749,UPI,2026-08-21 11:37:30,SUCCESS,11,-4320.0
TXN004204,ACC0820,M005,FitFuel,Health,2500,UPI,2026-09-02 11:37:30,SUCCESS,11,17280.0
TXN004205,ACC0820,M003,FreshMart,Grocery,423,NetBanking,2026-09-08 11:37:30,SUCCESS,11,8640.0
TXN004206,ACC0820,M001,TechKart,Electronics,1148,Card,2026-10-14 11:37:30,SUCCESS,11,51840.0
TXN004207,ACC0821,M004,HomeNest,Furniture,5622,Card,2026-06-23 11:37:30,SUCCESS,11,
TXN004208,ACC0821,M002,StyleHub,Fashion,1684,UPI,2026-07-02 11:37:30,SUCCESS,11,12960.0
TXN004209,ACC0821,M004,HomeNest,Furniture,7224,UPI,2026-07-21 11:37:30,SUCCESS,11,27360.0
TXN004210,ACC0822,M003,FreshMart,Grocery,393,Card,2026-07-14 11:37:30,SUCCESS,11,
TXN004211,ACC0822,M002,StyleHub,Fashion,1291,UPI,2026-07-27 11:37:30,SUCCESS,11,18720.0
TXN004212,ACC0822,M001,TechKart,Electronics,1954,Card,2026-07-22 11:37:30,SUCCESS,11,-7200.0
TXN004213,ACC0822,M002,StyleHub,Fashion,1133,UPI,2026-08-07 11:37:30,SUCCESS,11,23040.0
TXN004214,ACC0822,M001,TechKart,Electronics,3303,Card,2026-07-30 11:37:30,SUCCESS,11,-11520.0
TXN004215,ACC0822,M003,FreshMart,Grocery,484,Card,2026-07-24 11:37:30,SUCCESS,11,-8640.0
TXN004216,ACC0822,M002,StyleHub,Fashion,861,UPI,2026-09-12 11:37:30,SUCCESS,11,72000.0
TXN004217,ACC0822,M005,FitFuel,Health,758,UPI,2026-09-15 11:37:30,SUCCESS,11,4320.0
TXN004218,ACC0823,M002,StyleHub,Fashion,2064,Card,2026-06-17 11:37:30,SUCCESS,11,
TXN004219,ACC0823,M005,FitFuel,Health,1437,Card,2026-06-28 11:37:30,SUCCESS,11,15840.0
TXN004220,ACC0823,M001,TechKart,Electronics,2117,UPI,2026-07-07 11:37:30,SUCCESS,11,12960.0
TXN004221,ACC0823,M001,TechKart,Electronics,963,UPI,2026-07-02 11:37:30,SUCCESS,11,-7200.0
TXN004222,ACC0823,M004,HomeNest,Furniture,5357,UPI,2026-07-19 11:37:30,SUCCESS,11,24480.0
TXN004223,ACC0823,M002,StyleHub,Fashion,408,UPI,2026-08-21 11:37:30,SUCCESS,11,47520.0
TXN004224,ACC0823,M002,StyleHub,Fashion,1060,UPI,2026-07-29 11:37:30,SUCCESS,11,-33120.0
TXN004225,ACC0823,M005,FitFuel,Health,1922,UPI,2026-07-22 11:37:30,SUCCESS,11,-10080.0
TXN004226,ACC0824,M001,TechKart,Electronics,3475,NetBanking,2026-09-03 11:37:30,SUCCESS,11,
TXN004227,ACC0824,M002,StyleHub,Fashion,1362,UPI,2026-09-09 11:37:30,SUCCESS,11,8640.0
TXN004228,ACC0825,M002,StyleHub,Fashion,2111,NetBanking,2026-07-20 11:37:30,SUCCESS,11,
TXN004229,ACC0825,M002,StyleHub,Fashion,655,UPI,2026-07-31 11:37:30,SUCCESS,11,15840.0
TXN004230,ACC0826,M004,HomeNest,Furniture,3343,NetBanking,2026-06-27 11:37:30,SUCCESS,11,
TXN004231,ACC0826,M004,HomeNest,Furniture,9647,UPI,2026-07-11 11:37:30,SUCCESS,11,20160.0
TXN004232,ACC0826,M002,StyleHub,Fashion,1247,NetBanking,2026-07-07 11:37:30,SUCCESS,11,-5760.0
TXN004233,ACC0826,M005,FitFuel,Health,1878,Card,2026-07-27 11:37:30,SUCCESS,11,28800.0
TXN004234,ACC0826,M002,StyleHub,Fashion,2381,UPI,2026-07-17 11:37:30,SUCCESS,11,-14400.0
TXN004235,ACC0827,M003,FreshMart,Grocery,1450,UPI,2026-08-24 11:37:30,SUCCESS,11,
TXN004236,ACC0827,M005,FitFuel,Health,1948,UPI,2026-09-05 11:37:30,SUCCESS,11,17280.0
TXN004237,ACC0827,M001,TechKart,Electronics,2830,UPI,2026-09-11 11:37:30,SUCCESS,11,8640.0
TXN004238,ACC0827,M001,TechKart,Electronics,806,Wallet,2026-09-11 11:37:30,SUCCESS,11,0.0
TXN004239,ACC0827,M002,StyleHub,Fashion,2471,Card,2026-09-13 11:37:30,SUCCESS,11,2880.0
TXN004240,ACC0827,M002,StyleHub,Fashion,1024,UPI,2026-09-18 11:37:30,SUCCESS,11,7200.0
TXN004241,ACC0827,M005,FitFuel,Health,1216,UPI,2026-10-23 11:37:30,SUCCESS,11,50400.0
TXN004242,ACC0828,M005,FitFuel,Health,559,UPI,2026-07-06 11:37:30,SUCCESS,11,
TXN004243,ACC0828,M001,TechKart,Electronics,4126,Wallet,2026-07-13 11:37:30,SUCCESS,11,10080.0
TXN004244,ACC0828,M004,HomeNest,Furniture,5159,UPI,2026-07-24 11:37:30,SUCCESS,11,15840.0
TXN004245,ACC0829,M003,FreshMart,Grocery,1341,UPI,2026-07-11 11:37:30,SUCCESS,11,
TXN004246,ACC0829,M005,FitFuel,Health,2440,UPI,2026-07-23 11:37:30,SUCCESS,11,17280.0
TXN004247,ACC0830,M001,TechKart,Electronics,1843,UPI,2026-07-31 11:37:30,SUCCESS,11,
TXN004248,ACC0830,M004,HomeNest,Furniture,2956,UPI,2026-08-09 11:37:30,SUCCESS,11,12960.0
TXN004249,ACC0830,M001,TechKart,Electronics,3686,Wallet,2026-08-20 11:37:30,SUCCESS,11,15840.0
TXN004250,ACC0830,M005,FitFuel,Health,2484,Card,2026-08-24 11:37:30,SUCCESS,11,5760.0
TXN004251,ACC0830,M003,FreshMart,Grocery,866,Card,2026-09-09 11:37:30,SUCCESS,11,23040.0
TXN004252,ACC0830,M001,TechKart,Electronics,2034,Card,2026-08-20 11:37:30,SUCCESS,11,-28800.0
TXN004253,ACC0830,M003,FreshMart,Grocery,967,UPI,2026-09-17 11:37:30,SUCCESS,11,40320.0
TXN004254,ACC0831,M003,FreshMart,Grocery,1327,NetBanking,2026-08-13 11:37:30,SUCCESS,11,
TXN004255,ACC0831,M003,FreshMart,Grocery,1067,UPI,2026-08-17 11:37:30,SUCCESS,11,5760.0
TXN004256,ACC0831,M005,FitFuel,Health,965,UPI,2026-09-04 11:37:30,SUCCESS,11,25920.0
TXN004257,ACC0831,M005,FitFuel,Health,1417,Card,2026-08-28 11:37:30,SUCCESS,11,-10080.0
TXN004258,ACC0831,M001,TechKart,Electronics,4440,Card,2026-09-30 11:37:30,SUCCESS,11,47520.0
TXN004259,ACC0831,M005,FitFuel,Health,392,UPI,2026-09-02 11:37:30,SUCCESS,11,-40320.0
TXN004260,ACC0831,M004,HomeNest,Furniture,3169,Card,2026-10-24 11:37:30,SUCCESS,11,74880.0
TXN004261,ACC0831,M004,HomeNest,Furniture,6835,Wallet,2026-10-08 11:37:30,SUCCESS,11,-23040.0
TXN004262,ACC0832,M004,HomeNest,Furniture,6702,Card,2026-08-26 11:37:30,SUCCESS,11,
TXN004263,ACC0832,M001,TechKart,Electronics,831,Card,2026-09-04 11:37:30,SUCCESS,11,12960.0
TXN004264,ACC0832,M004,HomeNest,Furniture,4514,Card,2026-09-17 11:37:30,SUCCESS,11,18720.0
TXN004265,ACC0832,M003,FreshMart,Grocery,1295,UPI,2026-09-22 11:37:30,SUCCESS,11,7200.0
TXN004266,ACC0833,M004,HomeNest,Furniture,4259,UPI,2026-06-22 11:37:30,SUCCESS,11,
TXN004267,ACC0833,M002,StyleHub,Fashion,2464,NetBanking,2026-07-02 11:37:30,SUCCESS,11,14400.0
TXN004268,ACC0833,M004,HomeNest,Furniture,5785,UPI,2026-06-28 11:37:30,SUCCESS,11,-5760.0
TXN004269,ACC0833,M004,HomeNest,Furniture,6251,Wallet,2026-08-06 11:37:30,SUCCESS,11,56160.0
TXN004270,ACC0833,M002,StyleHub,Fashion,2032,Card,2026-07-20 11:37:30,SUCCESS,11,-24480.0
TXN004271,ACC0833,M005,FitFuel,Health,737,Wallet,2026-08-11 11:37:30,SUCCESS,11,31680.0
TXN004272,ACC0834,M001,TechKart,Electronics,2972,UPI,2026-06-21 11:37:30,SUCCESS,11,
TXN004273,ACC0834,M005,FitFuel,Health,982,Card,2026-06-23 11:37:30,SUCCESS,11,2880.0
TXN004274,ACC0834,M004,HomeNest,Furniture,9174,UPI,2026-07-11 11:37:30,SUCCESS,11,25920.0
TXN004275,ACC0834,M001,TechKart,Electronics,1057,UPI,2026-07-03 11:37:30,SUCCESS,11,-11520.0
TXN004276,ACC0835,M004,HomeNest,Furniture,5278,UPI,2026-07-07 11:37:30,SUCCESS,11,
TXN004277,ACC0835,M001,TechKart,Electronics,948,NetBanking,2026-07-18 11:37:30,SUCCESS,11,15840.0
TXN004278,ACC0835,M003,FreshMart,Grocery,1244,NetBanking,2026-07-15 11:37:30,SUCCESS,11,-4320.0
TXN004279,ACC0836,M002,StyleHub,Fashion,402,Card,2026-06-29 11:37:30,SUCCESS,11,
TXN004280,ACC0836,M005,FitFuel,Health,1078,NetBanking,2026-07-09 11:37:30,SUCCESS,11,14400.0
TXN004281,ACC0836,M001,TechKart,Electronics,3502,UPI,2026-07-27 11:37:30,SUCCESS,11,25920.0
TXN004282,ACC0836,M005,FitFuel,Health,1270,Card,2026-08-04 11:37:30,SUCCESS,11,11520.0
TXN004283,ACC0837,M001,TechKart,Electronics,3647,UPI,2026-07-05 11:37:30,SUCCESS,11,
TXN004284,ACC0837,M002,StyleHub,Fashion,459,UPI,2026-07-20 11:37:30,SUCCESS,11,21600.0
TXN004285,ACC0837,M003,FreshMart,Grocery,176,UPI,2026-07-23 11:37:30,SUCCESS,11,4320.0
TXN004286,ACC0837,M001,TechKart,Electronics,3625,Card,2026-07-20 11:37:30,SUCCESS,11,-4320.0
TXN004287,ACC0837,M004,HomeNest,Furniture,2834,Card,2026-08-30 11:37:30,SUCCESS,11,59040.0
TXN004288,ACC0837,M005,FitFuel,Health,1757,Card,2026-09-18 11:37:30,SUCCESS,11,27360.0
TXN004289,ACC0837,M003,FreshMart,Grocery,943,UPI,2026-07-17 11:37:30,SUCCESS,11,-90720.0
TXN004290,ACC0838,M005,FitFuel,Health,1084,NetBanking,2026-08-01 11:37:30,SUCCESS,11,
TXN004291,ACC0838,M003,FreshMart,Grocery,1034,UPI,2026-08-11 11:37:30,SUCCESS,11,14400.0
TXN004292,ACC0838,M005,FitFuel,Health,2265,Wallet,2026-08-05 11:37:30,SUCCESS,11,-8640.0
TXN004293,ACC0838,M001,TechKart,Electronics,4667,UPI,2026-08-07 11:37:30,SUCCESS,11,2880.0
TXN004294,ACC0838,M001,TechKart,Electronics,1055,UPI,2026-09-18 11:37:30,SUCCESS,11,60480.0
TXN004295,ACC0838,M002,StyleHub,Fashion,2151,UPI,2026-10-10 11:37:30,SUCCESS,11,31680.0
TXN004296,ACC0839,M002,StyleHub,Fashion,1511,Wallet,2026-08-19 11:37:30,SUCCESS,11,
TXN004297,ACC0839,M003,FreshMart,Grocery,419,Card,2026-08-25 11:37:30,SUCCESS,11,8640.0
TXN004298,ACC0839,M004,HomeNest,Furniture,5964,UPI,2026-08-23 11:37:30,SUCCESS,11,-2880.0
TXN004299,ACC0839,M004,HomeNest,Furniture,6576,Wallet,2026-09-09 11:37:30,SUCCESS,11,24480.0
TXN004300,ACC0839,M003,FreshMart,Grocery,487,UPI,2026-09-20 11:37:30,SUCCESS,11,15840.0
TXN004301,ACC0839,M004,HomeNest,Furniture,3161,Card,2026-08-29 11:37:30,SUCCESS,11,-31680.0
TXN004302,ACC0839,M001,TechKart,Electronics,3450,Wallet,2026-09-12 11:37:30,SUCCESS,11,20160.0
TXN004303,ACC0840,M004,HomeNest,Furniture,3121,UPI,2026-06-19 11:37:30,SUCCESS,11,
TXN004304,ACC0840,M002,StyleHub,Fashion,1154,Wallet,2026-06-27 11:37:30,SUCCESS,11,11520.0
TXN004305,ACC0840,M001,TechKart,Electronics,864,UPI,2026-06-27 11:37:30,SUCCESS,11,0.0
TXN004306,ACC0840,M003,FreshMart,Grocery,1050,Card,2026-07-04 11:37:30,SUCCESS,11,10080.0
TXN004307,ACC0840,M004,HomeNest,Furniture,4517,UPI,2026-07-13 11:37:30,SUCCESS,11,12960.0
TXN004308,ACC0840,M003,FreshMart,Grocery,1258,UPI,2026-07-29 11:37:30,SUCCESS,11,23040.0
TXN004309,ACC0841,M005,FitFuel,Health,1212,Card,2026-07-24 11:37:30,SUCCESS,11,
TXN004310,ACC0841,M002,StyleHub,Fashion,794,NetBanking,2026-07-31 11:37:30,SUCCESS,11,10080.0
TXN004311,ACC0841,M002,StyleHub,Fashion,1322,UPI,2026-08-23 11:37:30,SUCCESS,11,33120.0
TXN004312,ACC0841,M001,TechKart,Electronics,1923,UPI,2026-08-20 11:37:30,SUCCESS,11,-4320.0
TXN004313,ACC0841,M003,FreshMart,Grocery,596,UPI,2026-09-14 11:37:30,SUCCESS,11,36000.0
TXN004314,ACC0841,M005,FitFuel,Health,530,UPI,2026-09-27 11:37:30,SUCCESS,11,18720.0
TXN004315,ACC0841,M004,HomeNest,Furniture,3046,Card,2026-08-23 11:37:30,SUCCESS,11,-50400.0
TXN004316,ACC0841,M001,TechKart,Electronics,4669,UPI,2026-08-14 11:37:30,SUCCESS,11,-12960.0
TXN004317,ACC0842,M004,HomeNest,Furniture,6052,UPI,2026-06-14 11:37:30,SUCCESS,11,
TXN004318,ACC0842,M003,FreshMart,Grocery,1247,Card,2026-06-28 11:37:30,SUCCESS,11,20160.0
TXN004319,ACC0842,M002,StyleHub,Fashion,1819,Card,2026-07-10 11:37:30,SUCCESS,11,17280.0
TXN004320,ACC0842,M003,FreshMart,Grocery,1284,UPI,2026-07-23 11:37:30,SUCCESS,11,18720.0
TXN004321,ACC0842,M005,FitFuel,Health,1550,UPI,2026-06-30 11:37:30,SUCCESS,11,-33120.0
TXN004322,ACC0842,M003,FreshMart,Grocery,436,Card,2026-08-28 11:37:30,SUCCESS,11,84960.0
TXN004323,ACC0842,M001,TechKart,Electronics,4126,UPI,2026-07-26 11:37:30,SUCCESS,11,-47520.0
TXN004324,ACC0842,M003,FreshMart,Grocery,1151,UPI,2026-08-23 11:37:30,SUCCESS,11,40320.0
TXN004325,ACC0843,M001,TechKart,Electronics,3552,Wallet,2026-07-08 11:37:30,SUCCESS,11,
TXN004326,ACC0843,M001,TechKart,Electronics,3775,UPI,2026-07-18 11:37:30,SUCCESS,11,14400.0
TXN004327,ACC0844,M004,HomeNest,Furniture,4517,UPI,2026-08-01 11:37:30,SUCCESS,11,
TXN004328,ACC0844,M003,FreshMart,Grocery,1457,UPI,2026-08-06 11:37:30,SUCCESS,11,7200.0
TXN004329,ACC0845,M004,HomeNest,Furniture,9158,UPI,2026-08-16 11:37:30,SUCCESS,11,
TXN004330,ACC0845,M003,FreshMart,Grocery,379,NetBanking,2026-08-29 11:37:30,SUCCESS,11,18720.0
TXN004331,ACC0845,M004,HomeNest,Furniture,2975,UPI,2026-09-15 11:37:30,SUCCESS,11,24480.0
TXN004332,ACC0845,M005,FitFuel,Health,2181,UPI,2026-09-03 11:37:30,SUCCESS,11,-17280.0
TXN004333,ACC0845,M005,FitFuel,Health,1132,UPI,2026-09-09 11:37:30,SUCCESS,11,8640.0
TXN004334,ACC0845,M004,HomeNest,Furniture,6182,UPI,2026-09-10 11:37:30,SUCCESS,11,1440.0
TXN004335,ACC0845,M002,StyleHub,Fashion,911,UPI,2026-09-15 11:37:30,SUCCESS,11,7200.0
TXN004336,ACC0845,M001,TechKart,Electronics,1362,Card,2026-10-11 11:37:30,SUCCESS,11,37440.0
TXN004337,ACC0846,M005,FitFuel,Health,1046,UPI,2026-06-13 11:37:30,SUCCESS,11,
TXN004338,ACC0846,M005,FitFuel,Health,2243,UPI,2026-06-15 11:37:30,SUCCESS,11,2880.0
TXN004339,ACC0846,M005,FitFuel,Health,579,UPI,2026-06-21 11:37:30,SUCCESS,11,8640.0
TXN004340,ACC0847,M004,HomeNest,Furniture,3608,UPI,2026-07-04 11:37:30,SUCCESS,11,
TXN004341,ACC0847,M005,FitFuel,Health,2080,UPI,2026-07-19 11:37:30,SUCCESS,11,21600.0
TXN004342,ACC0847,M001,TechKart,Electronics,3367,UPI,2026-07-28 11:37:30,SUCCESS,11,12960.0
TXN004343,ACC0848,M004,HomeNest,Furniture,4676,NetBanking,2026-06-07 11:37:30,SUCCESS,11,
TXN004344,ACC0848,M003,FreshMart,Grocery,613,UPI,2026-06-12 11:37:30,SUCCESS,11,7200.0
TXN004345,ACC0848,M005,FitFuel,Health,504,UPI,2026-07-05 11:37:30,SUCCESS,11,33120.0
TXN004346,ACC0848,M001,TechKart,Electronics,3718,UPI,2026-07-10 11:37:30,SUCCESS,11,7200.0
TXN004347,ACC0848,M002,StyleHub,Fashion,1598,UPI,2026-07-13 11:37:30,SUCCESS,11,4320.0
TXN004348,ACC0849,M004,HomeNest,Furniture,5626,Card,2026-07-02 11:37:30,SUCCESS,11,
TXN004349,ACC0849,M005,FitFuel,Health,1928,Card,2026-07-06 11:37:30,SUCCESS,11,5760.0
TXN004350,ACC0849,M003,FreshMart,Grocery,609,UPI,2026-07-08 11:37:30,SUCCESS,11,2880.0
TXN004351,ACC0849,M002,StyleHub,Fashion,1452,NetBanking,2026-07-26 11:37:30,SUCCESS,11,25920.0
TXN004352,ACC0849,M004,HomeNest,Furniture,4146,Wallet,2026-08-19 11:37:30,SUCCESS,11,34560.0
TXN004353,ACC0850,M005,FitFuel,Health,418,Card,2026-08-28 11:37:30,SUCCESS,11,
TXN004354,ACC0850,M001,TechKart,Electronics,3587,UPI,2026-08-31 11:37:30,SUCCESS,11,4320.0
TXN004355,ACC0850,M001,TechKart,Electronics,2716,NetBanking,2026-09-19 11:37:30,SUCCESS,11,27360.0
TXN004356,ACC0850,M003,FreshMart,Grocery,485,UPI,2026-10-03 11:37:30,SUCCESS,11,20160.0
TXN004357,ACC0851,M004,HomeNest,Furniture,7435,UPI,2026-06-26 11:37:30,SUCCESS,11,
TXN004358,ACC0851,M002,StyleHub,Fashion,1607,UPI,2026-07-02 11:37:30,SUCCESS,11,8640.0
TXN004359,ACC0852,M005,FitFuel,Health,1518,Card,2026-06-30 11:37:30,SUCCESS,11,
TXN004360,ACC0852,M005,FitFuel,Health,2175,Card,2026-07-15 11:37:30,SUCCESS,11,21600.0
TXN004361,ACC0852,M002,StyleHub,Fashion,1919,NetBanking,2026-07-18 11:37:30,SUCCESS,11,4320.0
TXN004362,ACC0852,M003,FreshMart,Grocery,1450,Card,2026-07-27 11:37:30,SUCCESS,11,12960.0
TXN004363,ACC0852,M005,FitFuel,Health,817,Wallet,2026-07-28 11:37:30,SUCCESS,11,1440.0
TXN004364,ACC0852,M001,TechKart,Electronics,1220,UPI,2026-09-03 11:37:30,SUCCESS,11,53280.0
TXN004365,ACC0852,M004,HomeNest,Furniture,8104,Card,2026-07-18 11:37:30,SUCCESS,11,-67680.0
TXN004366,ACC0853,M001,TechKart,Electronics,1927,UPI,2026-06-27 11:37:30,SUCCESS,11,
TXN004367,ACC0853,M002,StyleHub,Fashion,2250,NetBanking,2026-07-07 11:37:30,SUCCESS,11,14400.0
TXN004368,ACC0853,M001,TechKart,Electronics,3488,Card,2026-07-15 11:37:30,SUCCESS,11,11520.0
TXN004369,ACC0853,M003,FreshMart,Grocery,687,Wallet,2026-07-27 11:37:30,SUCCESS,11,17280.0
TXN004370,ACC0853,M001,TechKart,Electronics,2978,Card,2026-08-22 11:37:30,SUCCESS,11,37440.0
TXN004371,ACC0853,M004,HomeNest,Furniture,6066,Card,2026-07-22 11:37:30,SUCCESS,11,-44640.0
TXN004372,ACC0853,M005,FitFuel,Health,1902,Wallet,2026-07-21 11:37:30,SUCCESS,11,-1440.0
TXN004373,ACC0854,M002,StyleHub,Fashion,521,UPI,2026-08-24 11:37:30,SUCCESS,11,
TXN004374,ACC0854,M003,FreshMart,Grocery,1039,NetBanking,2026-09-03 11:37:30,SUCCESS,11,14400.0
TXN004375,ACC0855,M002,StyleHub,Fashion,2413,NetBanking,2026-08-24 11:37:30,SUCCESS,11,
TXN004376,ACC0855,M003,FreshMart,Grocery,839,Card,2026-08-27 11:37:30,SUCCESS,11,4320.0
TXN004377,ACC0856,M005,FitFuel,Health,983,NetBanking,2026-09-01 11:37:30,SUCCESS,11,
TXN004378,ACC0856,M004,HomeNest,Furniture,6727,UPI,2026-09-10 11:37:30,SUCCESS,11,12960.0
TXN004379,ACC0856,M002,StyleHub,Fashion,2141,Wallet,2026-09-15 11:37:30,SUCCESS,11,7200.0
TXN004380,ACC0856,M002,StyleHub,Fashion,1305,NetBanking,2026-10-04 11:37:30,SUCCESS,11,27360.0
TXN004381,ACC0856,M001,TechKart,Electronics,3364,Card,2026-09-29 11:37:30,SUCCESS,11,-7200.0
TXN004382,ACC0856,M001,TechKart,Electronics,4606,Wallet,2026-10-21 11:37:30,SUCCESS,11,31680.0
TXN004383,ACC0856,M003,FreshMart,Grocery,549,UPI,2026-09-13 11:37:30,SUCCESS,11,-54720.0
TXN004384,ACC0856,M001,TechKart,Electronics,1795,UPI,2026-10-27 11:37:30,SUCCESS,11,63360.0
TXN004385,ACC0857,M001,TechKart,Electronics,2836,Wallet,2026-06-21 11:37:30,SUCCESS,11,
TXN004386,ACC0857,M002,StyleHub,Fashion,2342,UPI,2026-07-01 11:37:30,SUCCESS,11,14400.0
TXN004387,ACC0857,M003,FreshMart,Grocery,865,UPI,2026-07-15 11:37:30,SUCCESS,11,20160.0
TXN004388,ACC0858,M005,FitFuel,Health,541,Card,2026-07-11 11:37:30,SUCCESS,11,
TXN004389,ACC0858,M005,FitFuel,Health,713,NetBanking,2026-07-18 11:37:30,SUCCESS,11,10080.0
TXN004390,ACC0858,M001,TechKart,Electronics,1149,UPI,2026-08-06 11:37:30,SUCCESS,11,27360.0
TXN004391,ACC0858,M002,StyleHub,Fashion,1626,UPI,2026-07-17 11:37:30,SUCCESS,11,-28800.0
TXN004392,ACC0858,M002,StyleHub,Fashion,2040,UPI,2026-08-16 11:37:30,SUCCESS,11,43200.0
TXN004393,ACC0858,M005,FitFuel,Health,2332,UPI,2026-08-15 11:37:30,SUCCESS,11,-1440.0
TXN004394,ACC0858,M004,HomeNest,Furniture,3145,Wallet,2026-10-03 11:37:30,SUCCESS,11,70560.0
TXN004395,ACC0859,M003,FreshMart,Grocery,1193,Card,2026-08-07 11:37:30,SUCCESS,11,
TXN004396,ACC0859,M005,FitFuel,Health,1304,UPI,2026-08-15 11:37:30,SUCCESS,11,11520.0
TXN004397,ACC0860,M001,TechKart,Electronics,3535,UPI,2026-06-16 11:37:30,SUCCESS,11,
TXN004398,ACC0860,M004,HomeNest,Furniture,2740,UPI,2026-07-01 11:37:30,SUCCESS,11,21600.0
TXN004399,ACC0860,M004,HomeNest,Furniture,7453,UPI,2026-06-28 11:37:30,SUCCESS,11,-4320.0
TXN004400,ACC0861,M004,HomeNest,Furniture,8720,UPI,2026-07-23 11:37:30,SUCCESS,11,
TXN004401,ACC0861,M004,HomeNest,Furniture,6653,UPI,2026-08-03 11:37:30,SUCCESS,11,15840.0
TXN004402,ACC0861,M001,TechKart,Electronics,1629,UPI,2026-08-06 11:37:30,SUCCESS,11,4320.0
TXN004403,ACC0861,M004,HomeNest,Furniture,9835,Card,2026-08-07 11:37:30,SUCCESS,11,1440.0
TXN004404,ACC0861,M002,StyleHub,Fashion,2481,Wallet,2026-07-31 11:37:30,SUCCESS,11,-10080.0
TXN004405,ACC0861,M004,HomeNest,Furniture,3488,UPI,2026-09-06 11:37:30,SUCCESS,11,53280.0
TXN004406,ACC0861,M002,StyleHub,Fashion,2127,Wallet,2026-10-21 11:37:30,SUCCESS,11,64800.0
TXN004407,ACC0862,M001,TechKart,Electronics,3610,Wallet,2026-07-17 11:37:30,SUCCESS,11,
TXN004408,ACC0862,M002,StyleHub,Fashion,736,UPI,2026-07-23 11:37:30,SUCCESS,11,8640.0
TXN004409,ACC0862,M003,FreshMart,Grocery,290,NetBanking,2026-07-29 11:37:30,SUCCESS,11,8640.0
TXN004410,ACC0862,M004,HomeNest,Furniture,2627,UPI,2026-08-22 11:37:30,SUCCESS,11,34560.0
TXN004411,ACC0862,M005,FitFuel,Health,2191,Wallet,2026-07-29 11:37:30,SUCCESS,11,-34560.0
TXN004412,ACC0862,M002,StyleHub,Fashion,1771,UPI,2026-08-21 11:37:30,SUCCESS,11,33120.0
TXN004413,ACC0862,M003,FreshMart,Grocery,988,NetBanking,2026-10-15 11:37:30,SUCCESS,11,79200.0
TXN004414,ACC0863,M001,TechKart,Electronics,2347,Card,2026-07-18 11:37:30,SUCCESS,11,
TXN004415,ACC0863,M001,TechKart,Electronics,1908,UPI,2026-07-28 11:37:30,SUCCESS,11,14400.0
TXN004416,ACC0864,M002,StyleHub,Fashion,2393,UPI,2026-09-02 11:37:30,SUCCESS,11,
TXN004417,ACC0864,M002,StyleHub,Fashion,2485,NetBanking,2026-09-10 11:37:30,SUCCESS,11,11520.0
TXN004418,ACC0864,M003,FreshMart,Grocery,704,UPI,2026-09-14 11:37:30,SUCCESS,11,5760.0
TXN004419,ACC0865,M005,FitFuel,Health,1598,Card,2026-06-21 11:37:30,SUCCESS,11,
TXN004420,ACC0865,M005,FitFuel,Health,1986,Card,2026-06-23 11:37:30,SUCCESS,11,2880.0
TXN004421,ACC0865,M004,HomeNest,Furniture,6057,UPI,2026-06-25 11:37:30,SUCCESS,11,2880.0
TXN004422,ACC0865,M005,FitFuel,Health,314,Card,2026-07-30 11:37:30,SUCCESS,11,50400.0
TXN004423,ACC0865,M005,FitFuel,Health,2497,Card,2026-07-07 11:37:30,SUCCESS,11,-33120.0
TXN004424,ACC0865,M005,FitFuel,Health,2385,UPI,2026-07-21 11:37:30,SUCCESS,11,20160.0
TXN004425,ACC0866,M003,FreshMart,Grocery,379,NetBanking,2026-07-25 11:37:30,SUCCESS,11,
TXN004426,ACC0866,M003,FreshMart,Grocery,1251,Card,2026-07-30 11:37:30,SUCCESS,11,7200.0
TXN004427,ACC0866,M002,StyleHub,Fashion,2410,UPI,2026-08-12 11:37:30,SUCCESS,11,18720.0
TXN004428,ACC0866,M002,StyleHub,Fashion,487,Card,2026-08-12 11:37:30,SUCCESS,11,0.0
TXN004429,ACC0867,M001,TechKart,Electronics,1665,Card,2026-06-25 11:37:30,SUCCESS,11,
TXN004430,ACC0867,M003,FreshMart,Grocery,221,UPI,2026-07-10 11:37:30,SUCCESS,11,21600.0
TXN004431,ACC0867,M005,FitFuel,Health,2363,Card,2026-07-05 11:37:30,SUCCESS,11,-7200.0
TXN004432,ACC0867,M005,FitFuel,Health,2321,UPI,2026-07-04 11:37:30,SUCCESS,11,-1440.0
TXN004433,ACC0867,M004,HomeNest,Furniture,7340,Card,2026-07-31 11:37:30,SUCCESS,11,38880.0
TXN004434,ACC0868,M002,StyleHub,Fashion,1278,UPI,2026-08-06 11:37:30,SUCCESS,11,
TXN004435,ACC0868,M004,HomeNest,Furniture,5682,UPI,2026-08-20 11:37:30,SUCCESS,11,20160.0
TXN004436,ACC0868,M001,TechKart,Electronics,2705,Card,2026-08-18 11:37:30,SUCCESS,11,-2880.0
TXN004437,ACC0868,M001,TechKart,Electronics,1723,Wallet,2026-09-08 11:37:30,SUCCESS,11,30240.0
TXN004438,ACC0868,M002,StyleHub,Fashion,2499,NetBanking,2026-09-03 11:37:30,SUCCESS,11,-7200.0
TXN004439,ACC0868,M004,HomeNest,Furniture,9940,UPI,2026-10-20 11:37:30,SUCCESS,11,67680.0
TXN004440,ACC0869,M002,StyleHub,Fashion,1828,UPI,2026-08-18 11:37:30,SUCCESS,11,
TXN004441,ACC0869,M001,TechKart,Electronics,2946,UPI,2026-08-22 11:37:30,SUCCESS,11,5760.0
TXN004442,ACC0869,M002,StyleHub,Fashion,1352,NetBanking,2026-09-17 11:37:30,SUCCESS,11,37440.0
TXN004443,ACC0869,M001,TechKart,Electronics,3717,UPI,2026-09-20 11:37:30,SUCCESS,11,4320.0
TXN004444,ACC0869,M001,TechKart,Electronics,2999,Card,2026-09-03 11:37:30,SUCCESS,11,-24480.0
TXN004445,ACC0869,M001,TechKart,Electronics,1263,Card,2026-09-02 11:37:30,SUCCESS,11,-1440.0
TXN004446,ACC0870,M003,FreshMart,Grocery,354,Card,2026-06-07 11:37:30,SUCCESS,11,
TXN004447,ACC0870,M003,FreshMart,Grocery,910,Wallet,2026-06-11 11:37:30,SUCCESS,11,5760.0
TXN004448,ACC0870,M005,FitFuel,Health,608,UPI,2026-06-17 11:37:30,SUCCESS,11,8640.0
TXN004449,ACC0870,M005,FitFuel,Health,1567,UPI,2026-07-04 11:37:30,SUCCESS,11,24480.0
TXN004450,ACC0870,M002,StyleHub,Fashion,990,Card,2026-07-25 11:37:30,SUCCESS,11,30240.0
TXN004451,ACC0871,M005,FitFuel,Health,2244,UPI,2026-07-06 11:37:30,SUCCESS,11,
TXN004452,ACC0871,M003,FreshMart,Grocery,1326,UPI,2026-07-14 11:37:30,SUCCESS,11,11520.0
TXN004453,ACC0871,M002,StyleHub,Fashion,1928,UPI,2026-07-14 11:37:30,SUCCESS,11,0.0
TXN004454,ACC0871,M003,FreshMart,Grocery,445,UPI,2026-08-02 11:37:30,SUCCESS,11,27360.0
TXN004455,ACC0871,M003,FreshMart,Grocery,1472,Card,2026-07-14 11:37:30,SUCCESS,11,-27360.0
TXN004456,ACC0871,M004,HomeNest,Furniture,2816,UPI,2026-07-26 11:37:30,SUCCESS,11,17280.0
TXN004457,ACC0872,M001,TechKart,Electronics,2376,UPI,2026-06-16 11:37:30,SUCCESS,11,
TXN004458,ACC0872,M004,HomeNest,Furniture,2812,Card,2026-06-26 11:37:30,SUCCESS,11,14400.0
TXN004459,ACC0872,M001,TechKart,Electronics,4690,UPI,2026-06-26 11:37:30,SUCCESS,11,0.0
TXN004460,ACC0872,M004,HomeNest,Furniture,5675,Card,2026-07-16 11:37:30,SUCCESS,11,28800.0
TXN004461,ACC0872,M001,TechKart,Electronics,2040,Card,2026-07-02 11:37:30,SUCCESS,11,-20160.0
TXN004462,ACC0872,M005,FitFuel,Health,1673,Card,2026-06-26 11:37:30,SUCCESS,11,-8640.0
TXN004463,ACC0872,M004,HomeNest,Furniture,9317,NetBanking,2026-07-16 11:37:30,SUCCESS,11,28800.0
TXN004464,ACC0872,M002,StyleHub,Fashion,687,Card,2026-09-15 11:37:30,SUCCESS,11,87840.0
TXN004465,ACC0873,M005,FitFuel,Health,427,UPI,2026-07-13 11:37:30,SUCCESS,11,
TXN004466,ACC0873,M004,HomeNest,Furniture,6955,UPI,2026-07-22 11:37:30,SUCCESS,11,12960.0
TXN004467,ACC0873,M001,TechKart,Electronics,4854,UPI,2026-07-17 11:37:30,SUCCESS,11,-7200.0
TXN004468,ACC0874,M001,TechKart,Electronics,4579,UPI,2026-06-23 11:37:30,SUCCESS,11,
TXN004469,ACC0874,M001,TechKart,Electronics,2352,Card,2026-07-02 11:37:30,SUCCESS,11,12960.0
TXN004470,ACC0874,M004,HomeNest,Furniture,3406,UPI,2026-06-27 11:37:30,SUCCESS,11,-7200.0
TXN004471,ACC0874,M002,StyleHub,Fashion,1959,Card,2026-07-02 11:37:30,SUCCESS,11,7200.0
TXN004472,ACC0875,M001,TechKart,Electronics,3993,UPI,2026-06-30 11:37:30,SUCCESS,11,
TXN004473,ACC0875,M001,TechKart,Electronics,1004,NetBanking,2026-07-04 11:37:30,SUCCESS,11,5760.0
TXN004474,ACC0875,M003,FreshMart,Grocery,722,Card,2026-07-12 11:37:30,SUCCESS,11,11520.0
TXN004475,ACC0875,M001,TechKart,Electronics,4863,UPI,2026-08-11 11:37:30,SUCCESS,11,43200.0
TXN004476,ACC0875,M005,FitFuel,Health,580,UPI,2026-07-16 11:37:30,SUCCESS,11,-37440.0
TXN004477,ACC0875,M004,HomeNest,Furniture,4103,UPI,2026-07-10 11:37:30,SUCCESS,11,-8640.0
TXN004478,ACC0875,M001,TechKart,Electronics,1985,NetBanking,2026-08-17 11:37:30,SUCCESS,11,54720.0
TXN004479,ACC0876,M002,StyleHub,Fashion,1152,UPI,2026-07-27 11:37:30,SUCCESS,11,
TXN004480,ACC0876,M004,HomeNest,Furniture,2126,UPI,2026-07-30 11:37:30,SUCCESS,11,4320.0
TXN004481,ACC0876,M002,StyleHub,Fashion,1505,Card,2026-08-04 11:37:30,SUCCESS,11,7200.0
TXN004482,ACC0876,M001,TechKart,Electronics,3024,UPI,2026-08-08 11:37:30,SUCCESS,11,5760.0
TXN004483,ACC0876,M004,HomeNest,Furniture,8535,NetBanking,2026-09-25 11:37:30,SUCCESS,11,69120.0
TXN004484,ACC0876,M004,HomeNest,Furniture,7054,UPI,2026-08-16 11:37:30,SUCCESS,11,-57600.0
TXN004485,ACC0876,M002,StyleHub,Fashion,2123,Card,2026-10-07 11:37:30,SUCCESS,11,74880.0
TXN004486,ACC0876,M003,FreshMart,Grocery,343,UPI,2026-09-14 11:37:30,SUCCESS,11,-33120.0
TXN004487,ACC0877,M001,TechKart,Electronics,4614,Card,2026-07-05 11:37:30,SUCCESS,11,
TXN004488,ACC0877,M005,FitFuel,Health,398,Wallet,2026-07-11 11:37:30,SUCCESS,11,8640.0
TXN004489,ACC0877,M002,StyleHub,Fashion,1507,Wallet,2026-07-29 11:37:30,SUCCESS,11,25920.0
TXN004490,ACC0878,M005,FitFuel,Health,1736,UPI,2026-06-07 11:37:30,SUCCESS,11,
TXN004491,ACC0878,M002,StyleHub,Fashion,833,UPI,2026-06-09 11:37:30,SUCCESS,11,2880.0
TXN004492,ACC0878,M001,TechKart,Electronics,3418,Wallet,2026-07-01 11:37:30,SUCCESS,11,31680.0
TXN004493,ACC0878,M005,FitFuel,Health,672,UPI,2026-07-07 11:37:30,SUCCESS,11,8640.0
TXN004494,ACC0878,M005,FitFuel,Health,1957,Wallet,2026-07-09 11:37:30,SUCCESS,11,2880.0
TXN004495,ACC0878,M003,FreshMart,Grocery,1392,NetBanking,2026-08-11 11:37:30,SUCCESS,11,47520.0
TXN004496,ACC0878,M003,FreshMart,Grocery,1130,Card,2026-07-25 11:37:30,SUCCESS,11,-24480.0
TXN004497,ACC0878,M005,FitFuel,Health,2025,UPI,2026-09-13 11:37:30,SUCCESS,11,72000.0
TXN004498,ACC0879,M001,TechKart,Electronics,4897,UPI,2026-07-17 11:37:30,SUCCESS,11,
TXN004499,ACC0879,M004,HomeNest,Furniture,4120,UPI,2026-07-23 11:37:30,SUCCESS,11,8640.0
TXN004500,ACC0879,M002,StyleHub,Fashion,2195,NetBanking,2026-08-12 11:37:30,SUCCESS,11,28800.0
TXN004501,ACC0879,M001,TechKart,Electronics,1697,Card,2026-08-16 11:37:30,SUCCESS,11,5760.0
TXN004502,ACC0879,M003,FreshMart,Grocery,1419,NetBanking,2026-08-22 11:37:30,SUCCESS,11,8640.0
TXN004503,ACC0880,M003,FreshMart,Grocery,239,UPI,2026-08-24 11:37:30,SUCCESS,11,
TXN004504,ACC0880,M005,FitFuel,Health,1125,UPI,2026-09-04 11:37:30,SUCCESS,11,15840.0
TXN004505,ACC0880,M002,StyleHub,Fashion,1208,Card,2026-09-19 11:37:30,SUCCESS,11,21600.0
TXN004506,ACC0881,M003,FreshMart,Grocery,1194,UPI,2026-07-30 11:37:30,SUCCESS,11,
TXN004507,ACC0881,M001,TechKart,Electronics,4930,UPI,2026-08-08 11:37:30,SUCCESS,11,12960.0
TXN004508,ACC0881,M005,FitFuel,Health,2461,UPI,2026-08-09 11:37:30,SUCCESS,11,1440.0
TXN004509,ACC0882,M002,StyleHub,Fashion,439,UPI,2026-07-10 11:37:30,SUCCESS,11,
TXN004510,ACC0882,M002,StyleHub,Fashion,2413,Card,2026-07-14 11:37:30,SUCCESS,11,5760.0
TXN004511,ACC0882,M002,StyleHub,Fashion,459,UPI,2026-08-05 11:37:30,SUCCESS,11,31680.0
TXN004512,ACC0882,M001,TechKart,Electronics,2505,Card,2026-07-31 11:37:30,SUCCESS,11,-7200.0
TXN004513,ACC0883,M001,TechKart,Electronics,3887,UPI,2026-08-27 11:37:30,SUCCESS,11,
TXN004514,ACC0883,M004,HomeNest,Furniture,5714,UPI,2026-09-02 11:37:30,SUCCESS,11,8640.0
TXN004515,ACC0884,M001,TechKart,Electronics,1537,UPI,2026-06-17 11:37:30,SUCCESS,11,
TXN004516,ACC0884,M004,HomeNest,Furniture,8539,UPI,2026-06-20 11:37:30,SUCCESS,11,4320.0
TXN004517,ACC0885,M005,FitFuel,Health,923,NetBanking,2026-08-23 11:37:30,SUCCESS,11,
TXN004518,ACC0885,M004,HomeNest,Furniture,3651,Wallet,2026-08-27 11:37:30,SUCCESS,11,5760.0
TXN004519,ACC0885,M005,FitFuel,Health,2478,Wallet,2026-09-18 11:37:30,SUCCESS,11,31680.0
TXN004520,ACC0885,M004,HomeNest,Furniture,8062,Card,2026-09-25 11:37:30,SUCCESS,11,10080.0
TXN004521,ACC0885,M004,HomeNest,Furniture,2072,UPI,2026-08-31 11:37:30,SUCCESS,11,-36000.0
TXN004522,ACC0885,M003,FreshMart,Grocery,764,UPI,2026-10-27 11:37:30,SUCCESS,11,82080.0
TXN004523,ACC0886,M005,FitFuel,Health,2041,UPI,2026-08-24 11:37:30,SUCCESS,11,
TXN004524,ACC0886,M004,HomeNest,Furniture,4006,UPI,2026-08-30 11:37:30,SUCCESS,11,8640.0
TXN004525,ACC0886,M005,FitFuel,Health,2409,UPI,2026-08-28 11:37:30,SUCCESS,11,-2880.0
TXN004526,ACC0886,M002,StyleHub,Fashion,2179,UPI,2026-09-08 11:37:30,SUCCESS,11,15840.0
TXN004527,ACC0886,M002,StyleHub,Fashion,2225,UPI,2026-09-05 11:37:30,SUCCESS,11,-4320.0
TXN004528,ACC0886,M005,FitFuel,Health,648,UPI,2026-09-08 11:37:30,SUCCESS,11,4320.0
TXN004529,ACC0886,M005,FitFuel,Health,1812,Card,2026-11-04 11:37:30,SUCCESS,11,82080.0
TXN004530,ACC0886,M005,FitFuel,Health,879,Card,2026-10-12 11:37:30,SUCCESS,11,-33120.0
TXN004531,ACC0887,M001,TechKart,Electronics,2349,Card,2026-07-26 11:37:30,SUCCESS,11,
TXN004532,ACC0887,M001,TechKart,Electronics,1360,UPI,2026-08-09 11:37:30,SUCCESS,11,20160.0
TXN004533,ACC0887,M002,StyleHub,Fashion,1537,UPI,2026-08-09 11:37:30,SUCCESS,11,0.0
TXN004534,ACC0887,M004,HomeNest,Furniture,4634,UPI,2026-08-01 11:37:30,SUCCESS,11,-11520.0
TXN004535,ACC0887,M005,FitFuel,Health,1325,UPI,2026-09-08 11:37:30,SUCCESS,11,54720.0
TXN004536,ACC0887,M003,FreshMart,Grocery,978,UPI,2026-09-29 11:37:30,SUCCESS,11,30240.0
TXN004537,ACC0887,M001,TechKart,Electronics,1582,UPI,2026-08-19 11:37:30,SUCCESS,11,-59040.0
TXN004538,ACC0887,M003,FreshMart,Grocery,1468,Card,2026-08-23 11:37:30,SUCCESS,11,5760.0
TXN004539,ACC0888,M005,FitFuel,Health,675,Card,2026-08-17 11:37:30,SUCCESS,11,
TXN004540,ACC0888,M002,StyleHub,Fashion,1311,UPI,2026-08-21 11:37:30,SUCCESS,11,5760.0
TXN004541,ACC0888,M003,FreshMart,Grocery,152,UPI,2026-09-08 11:37:30,SUCCESS,11,25920.0
TXN004542,ACC0888,M002,StyleHub,Fashion,537,UPI,2026-09-10 11:37:30,SUCCESS,11,2880.0
TXN004543,ACC0888,M001,TechKart,Electronics,4870,UPI,2026-09-26 11:37:30,SUCCESS,11,23040.0
TXN004544,ACC0888,M002,StyleHub,Fashion,2315,UPI,2026-09-21 11:37:30,SUCCESS,11,-7200.0
TXN004545,ACC0888,M002,StyleHub,Fashion,2085,UPI,2026-09-28 11:37:30,SUCCESS,11,10080.0
TXN004546,ACC0888,M003,FreshMart,Grocery,1080,UPI,2026-09-21 11:37:30,SUCCESS,11,-10080.0
TXN004547,ACC0889,M005,FitFuel,Health,687,Wallet,2026-08-23 11:37:30,SUCCESS,11,
TXN004548,ACC0889,M002,StyleHub,Fashion,1759,UPI,2026-09-02 11:37:30,SUCCESS,11,14400.0
TXN004549,ACC0889,M004,HomeNest,Furniture,9686,UPI,2026-08-29 11:37:30,SUCCESS,11,-5760.0
TXN004550,ACC0889,M003,FreshMart,Grocery,858,Card,2026-09-04 11:37:30,SUCCESS,11,8640.0
TXN004551,ACC0890,M004,HomeNest,Furniture,2937,NetBanking,2026-06-10 11:37:30,SUCCESS,11,
TXN004552,ACC0890,M004,HomeNest,Furniture,6928,UPI,2026-06-12 11:37:30,SUCCESS,11,2880.0
TXN004553,ACC0890,M003,FreshMart,Grocery,1023,UPI,2026-06-14 11:37:30,SUCCESS,11,2880.0
TXN004554,ACC0890,M001,TechKart,Electronics,1846,Card,2026-06-16 11:37:30,SUCCESS,11,2880.0
TXN004555,ACC0891,M001,TechKart,Electronics,1042,UPI,2026-08-16 11:37:30,SUCCESS,11,
TXN004556,ACC0891,M002,StyleHub,Fashion,1221,Wallet,2026-08-29 11:37:30,SUCCESS,11,18720.0
TXN004557,ACC0891,M005,FitFuel,Health,2049,UPI,2026-08-24 11:37:30,SUCCESS,11,-7200.0
TXN004558,ACC0891,M002,StyleHub,Fashion,520,Card,2026-08-25 11:37:30,SUCCESS,11,1440.0
TXN004559,ACC0891,M005,FitFuel,Health,1832,UPI,2026-09-09 11:37:30,SUCCESS,11,21600.0
TXN004560,ACC0891,M004,HomeNest,Furniture,5565,Card,2026-10-20 11:37:30,SUCCESS,11,59040.0
TXN004561,ACC0892,M004,HomeNest,Furniture,7942,UPI,2026-08-01 11:37:30,SUCCESS,11,
TXN004562,ACC0892,M002,StyleHub,Fashion,991,Wallet,2026-08-07 11:37:30,SUCCESS,11,8640.0
TXN004563,ACC0892,M002,StyleHub,Fashion,1628,UPI,2026-08-17 11:37:30,SUCCESS,11,14400.0
TXN004564,ACC0893,M001,TechKart,Electronics,3527,UPI,2026-08-21 11:37:30,SUCCESS,11,
TXN004565,ACC0893,M004,HomeNest,Furniture,7891,Card,2026-08-28 11:37:30,SUCCESS,11,10080.0
TXN004566,ACC0894,M003,FreshMart,Grocery,1157,NetBanking,2026-08-08 11:37:30,SUCCESS,11,
TXN004567,ACC0894,M002,StyleHub,Fashion,1832,Card,2026-08-14 11:37:30,SUCCESS,11,8640.0
TXN004568,ACC0894,M001,TechKart,Electronics,4823,Wallet,2026-08-24 11:37:30,SUCCESS,11,14400.0
TXN004569,ACC0894,M002,StyleHub,Fashion,1068,Wallet,2026-09-07 11:37:30,SUCCESS,11,20160.0
TXN004570,ACC0894,M001,TechKart,Electronics,1833,NetBanking,2026-10-03 11:37:30,SUCCESS,11,37440.0
TXN004571,ACC0894,M002,StyleHub,Fashion,2014,UPI,2026-10-07 11:37:30,SUCCESS,11,5760.0
TXN004572,ACC0894,M005,FitFuel,Health,1905,NetBanking,2026-08-20 11:37:30,SUCCESS,11,-69120.0
TXN004573,ACC0895,M004,HomeNest,Furniture,9804,UPI,2026-07-16 11:37:30,SUCCESS,11,
TXN004574,ACC0895,M003,FreshMart,Grocery,306,Wallet,2026-07-20 11:37:30,SUCCESS,11,5760.0
TXN004575,ACC0895,M004,HomeNest,Furniture,9240,Wallet,2026-08-07 11:37:30,SUCCESS,11,25920.0
TXN004576,ACC0895,M005,FitFuel,Health,2110,UPI,2026-08-30 11:37:30,SUCCESS,11,33120.0
TXN004577,ACC0895,M003,FreshMart,Grocery,1427,UPI,2026-09-14 11:37:30,SUCCESS,11,21600.0
TXN004578,ACC0895,M001,TechKart,Electronics,2107,Card,2026-08-30 11:37:30,SUCCESS,11,-21600.0
TXN004579,ACC0895,M002,StyleHub,Fashion,1881,UPI,2026-09-26 11:37:30,SUCCESS,11,38880.0
TXN004580,ACC0896,M005,FitFuel,Health,1542,UPI,2026-08-21 11:37:30,SUCCESS,11,
TXN004581,ACC0896,M003,FreshMart,Grocery,448,UPI,2026-08-30 11:37:30,SUCCESS,11,12960.0
TXN004582,ACC0896,M003,FreshMart,Grocery,579,UPI,2026-09-04 11:37:30,SUCCESS,11,7200.0
TXN004583,ACC0896,M004,HomeNest,Furniture,9198,Card,2026-09-08 11:37:30,SUCCESS,11,5760.0
TXN004584,ACC0896,M005,FitFuel,Health,924,Wallet,2026-09-22 11:37:30,SUCCESS,11,20160.0
TXN004585,ACC0897,M004,HomeNest,Furniture,8909,UPI,2026-08-23 11:37:30,SUCCESS,11,
TXN004586,ACC0897,M003,FreshMart,Grocery,485,UPI,2026-09-05 11:37:30,SUCCESS,11,18720.0
TXN004587,ACC0897,M002,StyleHub,Fashion,470,Wallet,2026-09-14 11:37:30,SUCCESS,11,12960.0
TXN004588,ACC0898,M003,FreshMart,Grocery,1466,NetBanking,2026-06-07 11:37:30,SUCCESS,11,
TXN004589,ACC0898,M001,TechKart,Electronics,1628,Card,2026-06-21 11:37:30,SUCCESS,11,20160.0
TXN004590,ACC0898,M004,HomeNest,Furniture,8341,UPI,2026-06-29 11:37:30,SUCCESS,11,11520.0
TXN004591,ACC0898,M001,TechKart,Electronics,2002,UPI,2026-07-07 11:37:30,SUCCESS,11,11520.0
TXN004592,ACC0898,M004,HomeNest,Furniture,3912,UPI,2026-06-15 11:37:30,SUCCESS,11,-31680.0
TXN004593,ACC0898,M005,FitFuel,Health,1477,UPI,2026-07-12 11:37:30,SUCCESS,11,38880.0
TXN004594,ACC0898,M005,FitFuel,Health,1032,Card,2026-09-05 11:37:30,SUCCESS,11,79200.0
TXN004595,ACC0899,M005,FitFuel,Health,2019,UPI,2026-06-29 11:37:30,SUCCESS,11,
TXN004596,ACC0899,M004,HomeNest,Furniture,4127,NetBanking,2026-07-07 11:37:30,SUCCESS,11,11520.0
TXN004597,ACC0899,M003,FreshMart,Grocery,351,NetBanking,2026-07-03 11:37:30,SUCCESS,11,-5760.0
TXN004598,ACC0899,M002,StyleHub,Fashion,773,UPI,2026-07-05 11:37:30,SUCCESS,11,2880.0
TXN004599,ACC0899,M003,FreshMart,Grocery,551,Card,2026-07-27 11:37:30,SUCCESS,11,31680.0
TXN004600,ACC0899,M001,TechKart,Electronics,2327,UPI,2026-07-29 11:37:30,SUCCESS,11,2880.0
TXN004601,ACC0900,M004,HomeNest,Furniture,2417,UPI,2026-08-19 11:37:30,SUCCESS,11,
TXN004602,ACC0900,M005,FitFuel,Health,2036,UPI,2026-09-01 11:37:30,SUCCESS,11,18720.0
TXN004603,ACC0901,M001,TechKart,Electronics,4938,UPI,2026-07-02 11:37:30,SUCCESS,11,
TXN004604,ACC0901,M002,StyleHub,Fashion,1068,UPI,2026-07-04 11:37:30,SUCCESS,11,2880.0
TXN004605,ACC0901,M002,StyleHub,Fashion,830,Card,2026-07-28 11:37:30,SUCCESS,11,34560.0
TXN004606,ACC0902,M005,FitFuel,Health,502,UPI,2026-06-20 11:37:30,SUCCESS,11,
TXN004607,ACC0902,M003,FreshMart,Grocery,216,Wallet,2026-07-04 11:37:30,SUCCESS,11,20160.0
TXN004608,ACC0902,M003,FreshMart,Grocery,1122,NetBanking,2026-06-30 11:37:30,SUCCESS,11,-5760.0
TXN004609,ACC0902,M001,TechKart,Electronics,4866,Card,2026-07-05 11:37:30,SUCCESS,11,7200.0
TXN004610,ACC0902,M004,HomeNest,Furniture,8241,Card,2026-08-03 11:37:30,SUCCESS,11,41760.0
TXN004611,ACC0902,M001,TechKart,Electronics,1659,NetBanking,2026-07-30 11:37:30,SUCCESS,11,-5760.0
TXN004612,ACC0903,M003,FreshMart,Grocery,1413,Wallet,2026-07-16 11:37:30,SUCCESS,11,
TXN004613,ACC0903,M005,FitFuel,Health,1358,UPI,2026-07-18 11:37:30,SUCCESS,11,2880.0
TXN004614,ACC0903,M003,FreshMart,Grocery,1452,UPI,2026-08-09 11:37:30,SUCCESS,11,31680.0
TXN004615,ACC0903,M003,FreshMart,Grocery,896,Wallet,2026-08-15 11:37:30,SUCCESS,11,8640.0
TXN004616,ACC0903,M001,TechKart,Electronics,1431,UPI,2026-09-02 11:37:30,SUCCESS,11,25920.0
TXN004617,ACC0903,M003,FreshMart,Grocery,607,UPI,2026-08-30 11:37:30,SUCCESS,11,-4320.0
TXN004618,ACC0903,M001,TechKart,Electronics,985,UPI,2026-08-09 11:37:30,SUCCESS,11,-30240.0
TXN004619,ACC0903,M005,FitFuel,Health,2464,Card,2026-08-13 11:37:30,SUCCESS,11,5760.0
TXN004620,ACC0904,M001,TechKart,Electronics,4663,UPI,2026-07-09 11:37:30,SUCCESS,11,
TXN004621,ACC0904,M005,FitFuel,Health,530,Card,2026-07-18 11:37:30,SUCCESS,11,12960.0
TXN004622,ACC0904,M001,TechKart,Electronics,4203,UPI,2026-07-27 11:37:30,SUCCESS,11,12960.0
TXN004623,ACC0904,M005,FitFuel,Health,2397,UPI,2026-07-15 11:37:30,SUCCESS,11,-17280.0
TXN004624,ACC0904,M004,HomeNest,Furniture,9994,NetBanking,2026-08-22 11:37:30,SUCCESS,11,54720.0
TXN004625,ACC0904,M002,StyleHub,Fashion,1973,UPI,2026-07-29 11:37:30,SUCCESS,11,-34560.0
TXN004626,ACC0904,M001,TechKart,Electronics,2421,UPI,2026-09-01 11:37:30,SUCCESS,11,48960.0
TXN004627,ACC0904,M002,StyleHub,Fashion,565,UPI,2026-10-22 11:37:30,SUCCESS,11,73440.0
TXN004628,ACC0905,M001,TechKart,Electronics,857,UPI,2026-06-24 11:37:30,SUCCESS,11,
TXN004629,ACC0905,M005,FitFuel,Health,361,Card,2026-06-30 11:37:30,SUCCESS,11,8640.0
TXN004630,ACC0905,M005,FitFuel,Health,1800,Card,2026-07-20 11:37:30,SUCCESS,11,28800.0
TXN004631,ACC0905,M005,FitFuel,Health,428,UPI,2026-07-21 11:37:30,SUCCESS,11,1440.0
TXN004632,ACC0905,M003,FreshMart,Grocery,750,UPI,2026-08-11 11:37:30,SUCCESS,11,30240.0
TXN004633,ACC0906,M004,HomeNest,Furniture,9897,UPI,2026-08-17 11:37:30,SUCCESS,11,
TXN004634,ACC0906,M001,TechKart,Electronics,4000,Card,2026-09-01 11:37:30,SUCCESS,11,21600.0
TXN004635,ACC0906,M004,HomeNest,Furniture,6935,Card,2026-09-14 11:37:30,SUCCESS,11,18720.0
TXN004636,ACC0906,M005,FitFuel,Health,1743,NetBanking,2026-09-10 11:37:30,SUCCESS,11,-5760.0
TXN004637,ACC0906,M004,HomeNest,Furniture,7458,UPI,2026-09-10 11:37:30,SUCCESS,11,0.0
TXN004638,ACC0906,M004,HomeNest,Furniture,7588,Card,2026-09-26 11:37:30,SUCCESS,11,23040.0
TXN004639,ACC0906,M004,HomeNest,Furniture,7076,Card,2026-09-04 11:37:30,SUCCESS,11,-31680.0
TXN004640,ACC0906,M005,FitFuel,Health,1793,Card,2026-09-21 11:37:30,SUCCESS,11,24480.0
TXN004641,ACC0907,M001,TechKart,Electronics,1745,NetBanking,2026-08-23 11:37:30,SUCCESS,11,
TXN004642,ACC0907,M002,StyleHub,Fashion,1990,UPI,2026-08-29 11:37:30,SUCCESS,11,8640.0
TXN004643,ACC0907,M001,TechKart,Electronics,2582,UPI,2026-09-10 11:37:30,SUCCESS,11,17280.0
TXN004644,ACC0908,M003,FreshMart,Grocery,470,UPI,2026-06-12 11:37:30,SUCCESS,11,
TXN004645,ACC0908,M001,TechKart,Electronics,2619,Card,2026-06-17 11:37:30,SUCCESS,11,7200.0
TXN004646,ACC0909,M003,FreshMart,Grocery,1180,UPI,2026-06-26 11:37:30,SUCCESS,11,
TXN004647,ACC0909,M001,TechKart,Electronics,3269,Wallet,2026-06-28 11:37:30,SUCCESS,11,2880.0
TXN004648,ACC0909,M004,HomeNest,Furniture,6920,NetBanking,2026-07-22 11:37:30,SUCCESS,11,34560.0
TXN004649,ACC0909,M001,TechKart,Electronics,3391,NetBanking,2026-07-05 11:37:30,SUCCESS,11,-24480.0
TXN004650,ACC0910,M003,FreshMart,Grocery,295,UPI,2026-08-16 11:37:30,SUCCESS,11,
TXN004651,ACC0910,M003,FreshMart,Grocery,1276,Wallet,2026-08-29 11:37:30,SUCCESS,11,18720.0
TXN004652,ACC0911,M002,StyleHub,Fashion,1346,Card,2026-07-28 11:37:30,SUCCESS,11,
TXN004653,ACC0911,M003,FreshMart,Grocery,626,UPI,2026-08-08 11:37:30,SUCCESS,11,15840.0
TXN004654,ACC0911,M001,TechKart,Electronics,825,UPI,2026-08-03 11:37:30,SUCCESS,11,-7200.0
TXN004655,ACC0911,M001,TechKart,Electronics,3062,Wallet,2026-09-11 11:37:30,SUCCESS,11,56160.0
TXN004656,ACC0911,M003,FreshMart,Grocery,468,UPI,2026-08-29 11:37:30,SUCCESS,11,-18720.0
TXN004657,ACC0911,M005,FitFuel,Health,2038,NetBanking,2026-10-11 11:37:30,SUCCESS,11,61920.0
TXN004658,ACC0911,M003,FreshMart,Grocery,1117,UPI,2026-08-15 11:37:30,SUCCESS,11,-82080.0
TXN004659,ACC0912,M001,TechKart,Electronics,1920,UPI,2026-07-24 11:37:30,SUCCESS,11,
TXN004660,ACC0912,M004,HomeNest,Furniture,9435,UPI,2026-07-27 11:37:30,SUCCESS,11,4320.0
TXN004661,ACC0912,M001,TechKart,Electronics,1897,UPI,2026-08-21 11:37:30,SUCCESS,11,36000.0
TXN004662,ACC0912,M005,FitFuel,Health,2338,UPI,2026-08-14 11:37:30,SUCCESS,11,-10080.0
TXN004663,ACC0913,M002,StyleHub,Fashion,1941,NetBanking,2026-07-19 11:37:30,SUCCESS,11,
TXN004664,ACC0913,M001,TechKart,Electronics,4583,UPI,2026-07-31 11:37:30,SUCCESS,11,17280.0
TXN004665,ACC0913,M004,HomeNest,Furniture,2154,UPI,2026-08-14 11:37:30,SUCCESS,11,20160.0
TXN004666,ACC0913,M003,FreshMart,Grocery,1041,Card,2026-08-30 11:37:30,SUCCESS,11,23040.0
TXN004667,ACC0914,M003,FreshMart,Grocery,1015,Card,2026-07-18 11:37:30,SUCCESS,11,
TXN004668,ACC0914,M002,StyleHub,Fashion,550,UPI,2026-07-27 11:37:30,SUCCESS,11,12960.0
TXN004669,ACC0914,M001,TechKart,Electronics,1023,UPI,2026-08-05 11:37:30,SUCCESS,11,12960.0
TXN004670,ACC0914,M005,FitFuel,Health,2199,UPI,2026-07-24 11:37:30,SUCCESS,11,-17280.0
TXN004671,ACC0914,M003,FreshMart,Grocery,1485,UPI,2026-08-19 11:37:30,SUCCESS,11,37440.0
TXN004672,ACC0914,M002,StyleHub,Fashion,2370,Card,2026-09-16 11:37:30,SUCCESS,11,40320.0
TXN004673,ACC0914,M002,StyleHub,Fashion,800,UPI,2026-07-30 11:37:30,SUCCESS,11,-69120.0
TXN004674,ACC0914,M002,StyleHub,Fashion,465,Card,2026-08-29 11:37:30,SUCCESS,11,43200.0
TXN004675,ACC0915,M001,TechKart,Electronics,3271,UPI,2026-07-28 11:37:30,SUCCESS,11,
TXN004676,ACC0915,M004,HomeNest,Furniture,7502,UPI,2026-08-04 11:37:30,SUCCESS,11,10080.0
TXN004677,ACC0915,M002,StyleHub,Fashion,1107,UPI,2026-08-01 11:37:30,SUCCESS,11,-4320.0
TXN004678,ACC0915,M004,HomeNest,Furniture,7613,UPI,2026-09-08 11:37:30,SUCCESS,11,54720.0
TXN004679,ACC0915,M004,HomeNest,Furniture,3523,Card,2026-08-13 11:37:30,SUCCESS,11,-37440.0
TXN004680,ACC0916,M004,HomeNest,Furniture,5412,UPI,2026-07-27 11:37:30,SUCCESS,11,
TXN004681,ACC0916,M001,TechKart,Electronics,4448,Card,2026-07-31 11:37:30,SUCCESS,11,5760.0
TXN004682,ACC0916,M002,StyleHub,Fashion,989,UPI,2026-08-12 11:37:30,SUCCESS,11,17280.0
TXN004683,ACC0916,M002,StyleHub,Fashion,1785,UPI,2026-08-05 11:37:30,SUCCESS,11,-10080.0
TXN004684,ACC0916,M004,HomeNest,Furniture,5898,UPI,2026-09-05 11:37:30,SUCCESS,11,44640.0
TXN004685,ACC0916,M003,FreshMart,Grocery,1386,UPI,2026-08-16 11:37:30,SUCCESS,11,-28800.0
TXN004686,ACC0916,M004,HomeNest,Furniture,7914,UPI,2026-09-25 11:37:30,SUCCESS,11,57600.0
TXN004687,ACC0916,M005,FitFuel,Health,513,UPI,2026-09-28 11:37:30,SUCCESS,11,4320.0
TXN004688,ACC0917,M003,FreshMart,Grocery,1208,Wallet,2026-06-07 11:37:30,SUCCESS,11,
TXN004689,ACC0917,M004,HomeNest,Furniture,6844,Card,2026-06-17 11:37:30,SUCCESS,11,14400.0
TXN004690,ACC0917,M001,TechKart,Electronics,3541,Card,2026-06-15 11:37:30,SUCCESS,11,-2880.0
TXN004691,ACC0917,M002,StyleHub,Fashion,1463,UPI,2026-07-19 11:37:30,SUCCESS,11,48960.0
TXN004692,ACC0917,M001,TechKart,Electronics,1986,UPI,2026-08-02 11:37:30,SUCCESS,11,20160.0
TXN004693,ACC0917,M004,HomeNest,Furniture,8080,UPI,2026-08-01 11:37:30,SUCCESS,11,-1440.0
TXN004694,ACC0917,M005,FitFuel,Health,2140,UPI,2026-07-19 11:37:30,SUCCESS,11,-18720.0
TXN004695,ACC0918,M002,StyleHub,Fashion,1717,UPI,2026-09-02 11:37:30,SUCCESS,11,
TXN004696,ACC0918,M004,HomeNest,Furniture,6097,Card,2026-09-04 11:37:30,SUCCESS,11,2880.0
TXN004697,ACC0918,M004,HomeNest,Furniture,7821,UPI,2026-09-20 11:37:30,SUCCESS,11,23040.0
TXN004698,ACC0918,M002,StyleHub,Fashion,2187,NetBanking,2026-09-20 11:37:30,SUCCESS,11,0.0
TXN004699,ACC0919,M005,FitFuel,Health,1363,UPI,2026-08-31 11:37:30,SUCCESS,11,
TXN004700,ACC0919,M004,HomeNest,Furniture,3720,NetBanking,2026-09-04 11:37:30,SUCCESS,11,5760.0
TXN004701,ACC0919,M002,StyleHub,Fashion,2265,Card,2026-09-26 11:37:30,SUCCESS,11,31680.0
TXN004702,ACC0919,M001,TechKart,Electronics,2242,UPI,2026-09-12 11:37:30,SUCCESS,11,-20160.0
TXN004703,ACC0919,M002,StyleHub,Fashion,2374,UPI,2026-10-18 11:37:30,SUCCESS,11,51840.0
TXN004704,ACC0919,M001,TechKart,Electronics,4607,NetBanking,2026-11-09 11:37:30,SUCCESS,11,31680.0
TXN004705,ACC0920,M005,FitFuel,Health,794,Wallet,2026-07-03 11:37:30,SUCCESS,11,
TXN004706,ACC0920,M004,HomeNest,Furniture,3346,UPI,2026-07-06 11:37:30,SUCCESS,11,4320.0
TXN004707,ACC0920,M002,StyleHub,Fashion,1923,UPI,2026-07-15 11:37:30,SUCCESS,11,12960.0
TXN004708,ACC0920,M005,FitFuel,Health,1955,Card,2026-07-21 11:37:30,SUCCESS,11,8640.0
TXN004709,ACC0920,M001,TechKart,Electronics,3870,UPI,2026-07-23 11:37:30,SUCCESS,11,2880.0
TXN004710,ACC0920,M004,HomeNest,Furniture,9826,Card,2026-07-18 11:37:30,SUCCESS,11,-7200.0
TXN004711,ACC0920,M005,FitFuel,Health,1033,UPI,2026-08-02 11:37:30,SUCCESS,11,21600.0
TXN004712,ACC0921,M005,FitFuel,Health,356,UPI,2026-07-13 11:37:30,SUCCESS,11,
TXN004713,ACC0921,M002,StyleHub,Fashion,2028,UPI,2026-07-19 11:37:30,SUCCESS,11,8640.0
TXN004714,ACC0921,M001,TechKart,Electronics,1296,UPI,2026-08-12 11:37:30,SUCCESS,11,34560.0
TXN004715,ACC0922,M004,HomeNest,Furniture,9237,NetBanking,2026-08-25 11:37:30,SUCCESS,11,
TXN004716,ACC0922,M002,StyleHub,Fashion,729,UPI,2026-08-27 11:37:30,SUCCESS,11,2880.0
TXN004717,ACC0923,M001,TechKart,Electronics,3605,Card,2026-07-08 11:37:30,SUCCESS,11,
TXN004718,ACC0923,M003,FreshMart,Grocery,1344,UPI,2026-07-10 11:37:30,SUCCESS,11,2880.0
TXN004719,ACC0923,M004,HomeNest,Furniture,8841,UPI,2026-07-16 11:37:30,SUCCESS,11,8640.0
TXN004720,ACC0924,M005,FitFuel,Health,1216,NetBanking,2026-07-30 11:37:30,SUCCESS,11,
TXN004721,ACC0924,M004,HomeNest,Furniture,3309,Card,2026-08-14 11:37:30,SUCCESS,11,21600.0
TXN004722,ACC0924,M004,HomeNest,Furniture,5549,Wallet,2026-08-27 11:37:30,SUCCESS,11,18720.0
TXN004723,ACC0924,M001,TechKart,Electronics,2621,Wallet,2026-08-29 11:37:30,SUCCESS,11,2880.0
TXN004724,ACC0925,M003,FreshMart,Grocery,682,UPI,2026-07-15 11:37:30,SUCCESS,11,
TXN004725,ACC0925,M005,FitFuel,Health,1631,UPI,2026-07-22 11:37:30,SUCCESS,11,10080.0
TXN004726,ACC0926,M005,FitFuel,Health,1221,UPI,2026-08-06 11:37:30,SUCCESS,11,
TXN004727,ACC0926,M002,StyleHub,Fashion,2420,UPI,2026-08-19 11:37:30,SUCCESS,11,18720.0
TXN004728,ACC0926,M001,TechKart,Electronics,2111,NetBanking,2026-09-05 11:37:30,SUCCESS,11,24480.0
TXN004729,ACC0926,M004,HomeNest,Furniture,3820,UPI,2026-08-15 11:37:30,SUCCESS,11,-30240.0
TXN004730,ACC0926,M003,FreshMart,Grocery,1303,NetBanking,2026-08-14 11:37:30,SUCCESS,11,-1440.0
TXN004731,ACC0926,M002,StyleHub,Fashion,2163,Card,2026-08-16 11:37:30,SUCCESS,11,2880.0
TXN004732,ACC0927,M003,FreshMart,Grocery,501,UPI,2026-07-15 11:37:30,SUCCESS,11,
TXN004733,ACC0927,M005,FitFuel,Health,1544,UPI,2026-07-19 11:37:30,SUCCESS,11,5760.0
TXN004734,ACC0927,M005,FitFuel,Health,2303,UPI,2026-07-25 11:37:30,SUCCESS,11,8640.0
TXN004735,ACC0927,M005,FitFuel,Health,1830,UPI,2026-08-23 11:37:30,SUCCESS,11,41760.0
TXN004736,ACC0927,M001,TechKart,Electronics,4942,NetBanking,2026-09-05 11:37:30,SUCCESS,11,18720.0
TXN004737,ACC0928,M001,TechKart,Electronics,4229,Card,2026-07-27 11:37:30,SUCCESS,11,
TXN004738,ACC0928,M004,HomeNest,Furniture,8934,NetBanking,2026-08-03 11:37:30,SUCCESS,11,10080.0
TXN004739,ACC0928,M001,TechKart,Electronics,883,Card,2026-08-04 11:37:30,SUCCESS,11,1440.0
TXN004740,ACC0928,M005,FitFuel,Health,1003,Card,2026-08-05 11:37:30,SUCCESS,11,1440.0
TXN004741,ACC0928,M002,StyleHub,Fashion,718,Wallet,2026-08-12 11:37:30,SUCCESS,11,10080.0
TXN004742,ACC0929,M002,StyleHub,Fashion,533,UPI,2026-07-27 11:37:30,SUCCESS,11,
TXN004743,ACC0929,M005,FitFuel,Health,441,Card,2026-08-06 11:37:30,SUCCESS,11,14400.0
TXN004744,ACC0929,M002,StyleHub,Fashion,1827,Wallet,2026-08-04 11:37:30,SUCCESS,11,-2880.0
TXN004745,ACC0929,M002,StyleHub,Fashion,1109,UPI,2026-08-11 11:37:30,SUCCESS,11,10080.0
TXN004746,ACC0929,M002,StyleHub,Fashion,1864,UPI,2026-08-12 11:37:30,SUCCESS,11,1440.0
TXN004747,ACC0929,M003,FreshMart,Grocery,1485,NetBanking,2026-08-16 11:37:30,SUCCESS,11,5760.0
TXN004748,ACC0929,M001,TechKart,Electronics,1729,Card,2026-09-07 11:37:30,SUCCESS,11,31680.0
TXN004749,ACC0929,M002,StyleHub,Fashion,1782,UPI,2026-10-26 11:37:30,SUCCESS,11,70560.0
TXN004750,ACC0930,M002,StyleHub,Fashion,2058,Card,2026-06-08 11:37:30,SUCCESS,11,
TXN004751,ACC0930,M005,FitFuel,Health,1466,Card,2026-06-23 11:37:30,SUCCESS,11,21600.0
TXN004752,ACC0930,M005,FitFuel,Health,1093,Card,2026-06-18 11:37:30,SUCCESS,11,-7200.0
TXN004753,ACC0930,M002,StyleHub,Fashion,1064,UPI,2026-06-23 11:37:30,SUCCESS,11,7200.0
TXN004754,ACC0930,M004,HomeNest,Furniture,9529,UPI,2026-06-28 11:37:30,SUCCESS,11,7200.0
TXN004755,ACC0930,M002,StyleHub,Fashion,429,NetBanking,2026-07-18 11:37:30,SUCCESS,11,28800.0
TXN004756,ACC0930,M003,FreshMart,Grocery,1305,Card,2026-06-20 11:37:30,SUCCESS,11,-40320.0
TXN004757,ACC0930,M002,StyleHub,Fashion,901,UPI,2026-08-17 11:37:30,SUCCESS,11,83520.0
TXN004758,ACC0931,M003,FreshMart,Grocery,335,UPI,2026-07-31 11:37:30,SUCCESS,11,
TXN004759,ACC0931,M001,TechKart,Electronics,4439,Card,2026-08-11 11:37:30,SUCCESS,11,15840.0
TXN004760,ACC0931,M005,FitFuel,Health,1908,UPI,2026-08-28 11:37:30,SUCCESS,11,24480.0
TXN004761,ACC0931,M005,FitFuel,Health,848,Wallet,2026-09-14 11:37:30,SUCCESS,11,24480.0
TXN004762,ACC0931,M002,StyleHub,Fashion,1394,Wallet,2026-08-12 11:37:30,SUCCESS,11,-47520.0
TXN004763,ACC0931,M002,StyleHub,Fashion,708,UPI,2026-09-09 11:37:30,SUCCESS,11,40320.0
TXN004764,ACC0931,M005,FitFuel,Health,1822,UPI,2026-09-05 11:37:30,SUCCESS,11,-5760.0
TXN004765,ACC0931,M001,TechKart,Electronics,3945,UPI,2026-08-21 11:37:30,SUCCESS,11,-21600.0
TXN004766,ACC0932,M001,TechKart,Electronics,2464,Wallet,2026-07-31 11:37:30,SUCCESS,11,
TXN004767,ACC0932,M005,FitFuel,Health,700,Card,2026-08-07 11:37:30,SUCCESS,11,10080.0
TXN004768,ACC0932,M004,HomeNest,Furniture,5656,UPI,2026-08-08 11:37:30,SUCCESS,11,1440.0
TXN004769,ACC0932,M001,TechKart,Electronics,4745,UPI,2026-08-15 11:37:30,SUCCESS,11,10080.0
TXN004770,ACC0932,M004,HomeNest,Furniture,3049,Wallet,2026-09-21 11:37:30,SUCCESS,11,53280.0
TXN004771,ACC0932,M003,FreshMart,Grocery,1119,UPI,2026-10-14 11:37:30,SUCCESS,11,33120.0
TXN004772,ACC0932,M005,FitFuel,Health,1932,UPI,2026-10-11 11:37:30,SUCCESS,11,-4320.0
TXN004773,ACC0932,M002,StyleHub,Fashion,504,NetBanking,2026-08-21 11:37:30,SUCCESS,11,-73440.0
TXN004774,ACC0933,M002,StyleHub,Fashion,508,UPI,2026-08-19 11:37:30,SUCCESS,11,
TXN004775,ACC0933,M002,StyleHub,Fashion,1500,UPI,2026-08-30 11:37:30,SUCCESS,11,15840.0
TXN004776,ACC0933,M003,FreshMart,Grocery,275,UPI,2026-08-27 11:37:30,SUCCESS,11,-4320.0
TXN004777,ACC0933,M001,TechKart,Electronics,1314,UPI,2026-09-27 11:37:30,SUCCESS,11,44640.0
TXN004778,ACC0933,M003,FreshMart,Grocery,876,UPI,2026-09-08 11:37:30,SUCCESS,11,-27360.0
TXN004779,ACC0934,M002,StyleHub,Fashion,811,Card,2026-07-31 11:37:30,SUCCESS,11,
TXN004780,ACC0934,M003,FreshMart,Grocery,636,Card,2026-08-03 11:37:30,SUCCESS,11,4320.0
TXN004781,ACC0935,M004,HomeNest,Furniture,5974,Wallet,2026-06-29 11:37:30,SUCCESS,11,
TXN004782,ACC0935,M002,StyleHub,Fashion,1468,UPI,2026-07-08 11:37:30,SUCCESS,11,12960.0
TXN004783,ACC0936,M003,FreshMart,Grocery,418,UPI,2026-07-18 11:37:30,SUCCESS,11,
TXN004784,ACC0936,M005,FitFuel,Health,1267,Card,2026-07-21 11:37:30,SUCCESS,11,4320.0
TXN004785,ACC0936,M003,FreshMart,Grocery,1255,Card,2026-07-30 11:37:30,SUCCESS,11,12960.0
TXN004786,ACC0937,M001,TechKart,Electronics,3278,Card,2026-08-11 11:37:30,SUCCESS,11,
TXN004787,ACC0937,M004,HomeNest,Furniture,2339,UPI,2026-08-20 11:37:30,SUCCESS,11,12960.0
TXN004788,ACC0937,M004,HomeNest,Furniture,8795,Card,2026-09-04 11:37:30,SUCCESS,11,21600.0
TXN004789,ACC0937,M002,StyleHub,Fashion,1096,Card,2026-08-26 11:37:30,SUCCESS,11,-12960.0
TXN004790,ACC0937,M004,HomeNest,Furniture,4902,UPI,2026-09-20 11:37:30,SUCCESS,11,36000.0
TXN004791,ACC0937,M005,FitFuel,Health,534,UPI,2026-10-25 11:37:30,SUCCESS,11,50400.0
TXN004792,ACC0938,M003,FreshMart,Grocery,1037,UPI,2026-06-26 11:37:30,SUCCESS,11,
TXN004793,ACC0938,M003,FreshMart,Grocery,1453,UPI,2026-07-06 11:37:30,SUCCESS,11,14400.0
TXN004794,ACC0938,M003,FreshMart,Grocery,1229,UPI,2026-07-24 11:37:30,SUCCESS,11,25920.0
TXN004795,ACC0938,M005,FitFuel,Health,1003,Wallet,2026-08-10 11:37:30,SUCCESS,11,24480.0
TXN004796,ACC0938,M004,HomeNest,Furniture,7821,Card,2026-07-24 11:37:30,SUCCESS,11,-24480.0
TXN004797,ACC0939,M002,StyleHub,Fashion,473,Card,2026-07-14 11:37:30,SUCCESS,11,
TXN004798,ACC0939,M004,HomeNest,Furniture,5950,UPI,2026-07-20 11:37:30,SUCCESS,11,8640.0
TXN004799,ACC0939,M002,StyleHub,Fashion,1884,UPI,2026-08-05 11:37:30,SUCCESS,11,23040.0
TXN004800,ACC0940,M003,FreshMart,Grocery,914,UPI,2026-06-14 11:37:30,SUCCESS,11,
TXN004801,ACC0940,M004,HomeNest,Furniture,3382,Card,2026-06-25 11:37:30,SUCCESS,11,15840.0
TXN004802,ACC0940,M002,StyleHub,Fashion,1835,UPI,2026-06-22 11:37:30,SUCCESS,11,-4320.0
TXN004803,ACC0941,M003,FreshMart,Grocery,1451,UPI,2026-06-27 11:37:30,SUCCESS,11,
TXN004804,ACC0941,M003,FreshMart,Grocery,1065,UPI,2026-07-11 11:37:30,SUCCESS,11,20160.0
TXN004805,ACC0942,M003,FreshMart,Grocery,519,Card,2026-08-10 11:37:30,SUCCESS,11,
TXN004806,ACC0942,M002,StyleHub,Fashion,1065,UPI,2026-08-13 11:37:30,SUCCESS,11,4320.0
TXN004807,ACC0942,M001,TechKart,Electronics,3154,Card,2026-08-22 11:37:30,SUCCESS,11,12960.0
TXN004808,ACC0942,M005,FitFuel,Health,346,Card,2026-08-22 11:37:30,SUCCESS,11,0.0
TXN004809,ACC0942,M004,HomeNest,Furniture,5231,UPI,2026-09-23 11:37:30,SUCCESS,11,46080.0
TXN004810,ACC0943,M002,StyleHub,Fashion,2078,UPI,2026-07-09 11:37:30,SUCCESS,11,
TXN004811,ACC0943,M003,FreshMart,Grocery,257,Wallet,2026-07-15 11:37:30,SUCCESS,11,8640.0
TXN004812,ACC0943,M004,HomeNest,Furniture,3590,UPI,2026-07-23 11:37:30,SUCCESS,11,11520.0
TXN004813,ACC0943,M003,FreshMart,Grocery,1475,UPI,2026-08-05 11:37:30,SUCCESS,11,18720.0
TXN004814,ACC0943,M002,StyleHub,Fashion,706,UPI,2026-08-30 11:37:30,SUCCESS,11,36000.0
TXN004815,ACC0943,M001,TechKart,Electronics,2599,UPI,2026-09-17 11:37:30,SUCCESS,11,25920.0
TXN004816,ACC0943,M002,StyleHub,Fashion,1127,UPI,2026-10-01 11:37:30,SUCCESS,11,20160.0
TXN004817,ACC0944,M001,TechKart,Electronics,2620,UPI,2026-07-06 11:37:30,SUCCESS,11,
TXN004818,ACC0944,M001,TechKart,Electronics,4239,Wallet,2026-07-08 11:37:30,SUCCESS,11,2880.0
TXN004819,ACC0944,M002,StyleHub,Fashion,2289,UPI,2026-07-26 11:37:30,SUCCESS,11,25920.0
TXN004820,ACC0944,M003,FreshMart,Grocery,969,UPI,2026-07-12 11:37:30,SUCCESS,11,-20160.0
TXN004821,ACC0945,M004,HomeNest,Furniture,8807,NetBanking,2026-06-08 11:37:30,SUCCESS,11,
TXN004822,ACC0945,M004,HomeNest,Furniture,9129,UPI,2026-06-17 11:37:30,SUCCESS,11,12960.0
TXN004823,ACC0946,M005,FitFuel,Health,1749,UPI,2026-08-07 11:37:30,SUCCESS,11,
TXN004824,ACC0946,M003,FreshMart,Grocery,617,UPI,2026-08-18 11:37:30,SUCCESS,11,15840.0
TXN004825,ACC0946,M003,FreshMart,Grocery,1017,UPI,2026-08-17 11:37:30,SUCCESS,11,-1440.0
TXN004826,ACC0946,M004,HomeNest,Furniture,7398,UPI,2026-09-21 11:37:30,SUCCESS,11,50400.0
TXN004827,ACC0947,M002,StyleHub,Fashion,1211,Card,2026-06-09 11:37:30,SUCCESS,11,
TXN004828,ACC0947,M001,TechKart,Electronics,2921,UPI,2026-06-12 11:37:30,SUCCESS,11,4320.0
TXN004829,ACC0947,M004,HomeNest,Furniture,4454,UPI,2026-06-15 11:37:30,SUCCESS,11,4320.0
TXN004830,ACC0948,M003,FreshMart,Grocery,715,NetBanking,2026-08-22 11:37:30,SUCCESS,11,
TXN004831,ACC0948,M001,TechKart,Electronics,2410,UPI,2026-08-28 11:37:30,SUCCESS,11,8640.0
TXN004832,ACC0948,M004,HomeNest,Furniture,7394,NetBanking,2026-09-09 11:37:30,SUCCESS,11,17280.0
TXN004833,ACC0949,M004,HomeNest,Furniture,9326,Wallet,2026-07-19 11:37:30,SUCCESS,11,
TXN004834,ACC0949,M004,HomeNest,Furniture,9034,Card,2026-07-21 11:37:30,SUCCESS,11,2880.0
TXN004835,ACC0949,M003,FreshMart,Grocery,1387,UPI,2026-08-16 11:37:30,SUCCESS,11,37440.0
TXN004836,ACC0949,M001,TechKart,Electronics,3072,NetBanking,2026-08-21 11:37:30,SUCCESS,11,7200.0
TXN004837,ACC0949,M001,TechKart,Electronics,4677,UPI,2026-09-13 11:37:30,SUCCESS,11,33120.0
TXN004838,ACC0949,M001,TechKart,Electronics,4991,Card,2026-08-23 11:37:30,SUCCESS,11,-30240.0
TXN004839,ACC0950,M004,HomeNest,Furniture,7076,Card,2026-08-23 11:37:30,SUCCESS,11,
TXN004840,ACC0950,M002,StyleHub,Fashion,1627,Card,2026-08-28 11:37:30,SUCCESS,11,7200.0
TXN004841,ACC0951,M005,FitFuel,Health,1197,UPI,2026-08-13 11:37:30,SUCCESS,11,
TXN004842,ACC0951,M003,FreshMart,Grocery,309,Card,2026-08-19 11:37:30,SUCCESS,11,8640.0
TXN004843,ACC0952,M003,FreshMart,Grocery,1027,Card,2026-08-06 11:37:30,SUCCESS,11,
TXN004844,ACC0952,M002,StyleHub,Fashion,2452,NetBanking,2026-08-20 11:37:30,SUCCESS,11,20160.0
TXN004845,ACC0952,M003,FreshMart,Grocery,1068,Card,2026-08-28 11:37:30,SUCCESS,11,11520.0
TXN004846,ACC0953,M003,FreshMart,Grocery,1247,UPI,2026-08-13 11:37:30,SUCCESS,11,
TXN004847,ACC0953,M004,HomeNest,Furniture,8898,Card,2026-08-18 11:37:30,SUCCESS,11,7200.0
TXN004848,ACC0954,M001,TechKart,Electronics,3100,Card,2026-06-24 11:37:30,SUCCESS,11,
TXN004849,ACC0954,M002,StyleHub,Fashion,2177,Card,2026-06-28 11:37:30,SUCCESS,11,5760.0
TXN004850,ACC0954,M001,TechKart,Electronics,899,Wallet,2026-07-06 11:37:30,SUCCESS,11,11520.0
TXN004851,ACC0954,M005,FitFuel,Health,1688,UPI,2026-06-30 11:37:30,SUCCESS,11,-8640.0
TXN004852,ACC0954,M003,FreshMart,Grocery,1431,NetBanking,2026-08-23 11:37:30,SUCCESS,11,77760.0
TXN004853,ACC0955,M001,TechKart,Electronics,4001,Card,2026-07-31 11:37:30,SUCCESS,11,
TXN004854,ACC0955,M003,FreshMart,Grocery,1358,Card,2026-08-05 11:37:30,SUCCESS,11,7200.0
TXN004855,ACC0955,M001,TechKart,Electronics,2605,UPI,2026-08-30 11:37:30,SUCCESS,11,36000.0
TXN004856,ACC0955,M003,FreshMart,Grocery,1025,UPI,2026-08-09 11:37:30,SUCCESS,11,-30240.0
TXN004857,ACC0955,M004,HomeNest,Furniture,8037,UPI,2026-09-05 11:37:30,SUCCESS,11,38880.0
TXN004858,ACC0956,M005,FitFuel,Health,1372,UPI,2026-07-07 11:37:30,SUCCESS,11,
TXN004859,ACC0956,M001,TechKart,Electronics,4045,Card,2026-07-16 11:37:30,SUCCESS,11,12960.0
TXN004860,ACC0956,M005,FitFuel,Health,2148,NetBanking,2026-07-13 11:37:30,SUCCESS,11,-4320.0
TXN004861,ACC0957,M003,FreshMart,Grocery,998,NetBanking,2026-07-21 11:37:30,SUCCESS,11,
TXN004862,ACC0957,M004,HomeNest,Furniture,8185,UPI,2026-07-25 11:37:30,SUCCESS,11,5760.0
TXN004863,ACC0957,M001,TechKart,Electronics,3812,Card,2026-08-10 11:37:30,SUCCESS,11,23040.0
TXN004864,ACC0957,M001,TechKart,Electronics,3853,NetBanking,2026-08-29 11:37:30,SUCCESS,11,27360.0
TXN004865,ACC0957,M005,FitFuel,Health,437,Wallet,2026-09-11 11:37:30,SUCCESS,11,18720.0
TXN004866,ACC0957,M004,HomeNest,Furniture,5894,Wallet,2026-08-10 11:37:30,SUCCESS,11,-46080.0
TXN004867,ACC0957,M005,FitFuel,Health,750,UPI,2026-08-14 11:37:30,SUCCESS,11,5760.0
TXN004868,ACC0957,M003,FreshMart,Grocery,835,UPI,2026-09-29 11:37:30,SUCCESS,11,66240.0
TXN004869,ACC0958,M005,FitFuel,Health,1877,UPI,2026-06-12 11:37:30,SUCCESS,11,
TXN004870,ACC0958,M003,FreshMart,Grocery,993,Card,2026-06-17 11:37:30,SUCCESS,11,7200.0
TXN004871,ACC0958,M001,TechKart,Electronics,3564,NetBanking,2026-06-28 11:37:30,SUCCESS,11,15840.0
TXN004872,ACC0958,M002,StyleHub,Fashion,2219,UPI,2026-06-27 11:37:30,SUCCESS,11,-1440.0
TXN004873,ACC0958,M005,FitFuel,Health,2385,UPI,2026-07-14 11:37:30,SUCCESS,11,24480.0
TXN004874,ACC0959,M004,HomeNest,Furniture,7454,UPI,2026-07-15 11:37:30,SUCCESS,11,
TXN004875,ACC0959,M004,HomeNest,Furniture,5858,Card,2026-07-30 11:37:30,SUCCESS,11,21600.0
TXN004876,ACC0960,M002,StyleHub,Fashion,1151,UPI,2026-06-25 11:37:30,SUCCESS,11,
TXN004877,ACC0960,M004,HomeNest,Furniture,9464,Card,2026-07-10 11:37:30,SUCCESS,11,21600.0
TXN004878,ACC0961,M001,TechKart,Electronics,4993,UPI,2026-08-24 11:37:30,SUCCESS,11,
TXN004879,ACC0961,M005,FitFuel,Health,2064,UPI,2026-09-05 11:37:30,SUCCESS,11,17280.0
TXN004880,ACC0961,M003,FreshMart,Grocery,1374,NetBanking,2026-09-13 11:37:30,SUCCESS,11,11520.0
TXN004881,ACC0961,M004,HomeNest,Furniture,5856,Card,2026-08-30 11:37:30,SUCCESS,11,-20160.0
TXN004882,ACC0962,M003,FreshMart,Grocery,496,Card,2026-07-12 11:37:30,SUCCESS,11,
TXN004883,ACC0962,M005,FitFuel,Health,2363,Card,2026-07-25 11:37:30,SUCCESS,11,18720.0
TXN004884,ACC0962,M001,TechKart,Electronics,3379,Card,2026-07-28 11:37:30,SUCCESS,11,4320.0
TXN004885,ACC0962,M003,FreshMart,Grocery,194,NetBanking,2026-08-17 11:37:30,SUCCESS,11,28800.0
TXN004886,ACC0962,M003,FreshMart,Grocery,1319,UPI,2026-08-29 11:37:30,SUCCESS,11,17280.0
TXN004887,ACC0962,M001,TechKart,Electronics,4530,UPI,2026-09-25 11:37:30,SUCCESS,11,38880.0
TXN004888,ACC0963,M001,TechKart,Electronics,4088,Card,2026-06-24 11:37:30,SUCCESS,11,
TXN004889,ACC0963,M001,TechKart,Electronics,4135,UPI,2026-07-03 11:37:30,SUCCESS,11,12960.0
TXN004890,ACC0963,M001,TechKart,Electronics,1371,UPI,2026-07-02 11:37:30,SUCCESS,11,-1440.0
TXN004891,ACC0963,M005,FitFuel,Health,360,UPI,2026-07-06 11:37:30,SUCCESS,11,5760.0
TXN004892,ACC0963,M005,FitFuel,Health,1026,Card,2026-08-19 11:37:30,SUCCESS,11,63360.0
TXN004893,ACC0963,M005,FitFuel,Health,628,Card,2026-08-13 11:37:30,SUCCESS,11,-8640.0
TXN004894,ACC0963,M005,FitFuel,Health,954,UPI,2026-08-29 11:37:30,SUCCESS,11,23040.0
TXN004895,ACC0964,M003,FreshMart,Grocery,567,Card,2026-08-15 11:37:30,SUCCESS,11,
TXN004896,ACC0964,M004,HomeNest,Furniture,2740,UPI,2026-08-20 11:37:30,SUCCESS,11,7200.0
TXN004897,ACC0964,M005,FitFuel,Health,2032,NetBanking,2026-08-19 11:37:30,SUCCESS,11,-1440.0
TXN004898,ACC0964,M005,FitFuel,Health,1374,UPI,2026-09-02 11:37:30,SUCCESS,11,20160.0
TXN004899,ACC0964,M003,FreshMart,Grocery,473,UPI,2026-09-28 11:37:30,SUCCESS,11,37440.0
TXN004900,ACC0964,M005,FitFuel,Health,2493,Card,2026-10-19 11:37:30,SUCCESS,11,30240.0
TXN004901,ACC0965,M002,StyleHub,Fashion,1738,UPI,2026-08-04 11:37:30,SUCCESS,11,
TXN004902,ACC0965,M005,FitFuel,Health,378,UPI,2026-08-16 11:37:30,SUCCESS,11,17280.0
TXN004903,ACC0965,M005,FitFuel,Health,2014,UPI,2026-08-18 11:37:30,SUCCESS,11,2880.0
TXN004904,ACC0965,M005,FitFuel,Health,1035,UPI,2026-08-28 11:37:30,SUCCESS,11,14400.0
TXN004905,ACC0965,M005,FitFuel,Health,2098,UPI,2026-09-01 11:37:30,SUCCESS,11,5760.0
TXN004906,ACC0965,M003,FreshMart,Grocery,1393,UPI,2026-09-08 11:37:30,SUCCESS,11,10080.0
TXN004907,ACC0965,M002,StyleHub,Fashion,2499,Card,2026-09-09 11:37:30,SUCCESS,11,1440.0
TXN004908,ACC0966,M002,StyleHub,Fashion,622,Card,2026-06-11 11:37:30,SUCCESS,11,
TXN004909,ACC0966,M001,TechKart,Electronics,4616,Card,2026-06-25 11:37:30,SUCCESS,11,20160.0
TXN004910,ACC0966,M004,HomeNest,Furniture,5862,UPI,2026-06-17 11:37:30,SUCCESS,11,-11520.0
TXN004911,ACC0966,M004,HomeNest,Furniture,7193,UPI,2026-06-17 11:37:30,SUCCESS,11,0.0
TXN004912,ACC0967,M002,StyleHub,Fashion,866,UPI,2026-07-31 11:37:30,SUCCESS,11,
TXN004913,ACC0967,M005,FitFuel,Health,512,UPI,2026-08-12 11:37:30,SUCCESS,11,17280.0
TXN004914,ACC0967,M003,FreshMart,Grocery,1339,Wallet,2026-08-24 11:37:30,SUCCESS,11,17280.0
TXN004915,ACC0967,M002,StyleHub,Fashion,2493,UPI,2026-09-05 11:37:30,SUCCESS,11,17280.0
TXN004916,ACC0967,M002,StyleHub,Fashion,2238,Card,2026-08-08 11:37:30,SUCCESS,11,-40320.0
TXN004917,ACC0967,M004,HomeNest,Furniture,2445,Wallet,2026-08-15 11:37:30,SUCCESS,11,10080.0
TXN004918,ACC0967,M004,HomeNest,Furniture,7167,UPI,2026-08-24 11:37:30,SUCCESS,11,12960.0
TXN004919,ACC0968,M001,TechKart,Electronics,1057,UPI,2026-08-28 11:37:30,SUCCESS,11,
TXN004920,ACC0968,M001,TechKart,Electronics,4521,UPI,2026-09-12 11:37:30,SUCCESS,11,21600.0
TXN004921,ACC0968,M005,FitFuel,Health,978,Card,2026-09-05 11:37:30,SUCCESS,11,-10080.0
TXN004922,ACC0968,M005,FitFuel,Health,1012,Card,2026-09-21 11:37:30,SUCCESS,11,23040.0
TXN004923,ACC0968,M003,FreshMart,Grocery,762,NetBanking,2026-10-23 11:37:30,SUCCESS,11,46080.0
TXN004924,ACC0969,M001,TechKart,Electronics,4549,UPI,2026-08-31 11:37:30,SUCCESS,11,
TXN004925,ACC0969,M005,FitFuel,Health,1688,Wallet,2026-09-10 11:37:30,SUCCESS,11,14400.0
TXN004926,ACC0969,M004,HomeNest,Furniture,7171,UPI,2026-09-08 11:37:30,SUCCESS,11,-2880.0
TXN004927,ACC0969,M004,HomeNest,Furniture,6422,UPI,2026-09-09 11:37:30,SUCCESS,11,1440.0
TXN004928,ACC0970,M005,FitFuel,Health,1876,NetBanking,2026-06-08 11:37:30,SUCCESS,11,
TXN004929,ACC0970,M004,HomeNest,Furniture,5327,UPI,2026-06-12 11:37:30,SUCCESS,11,5760.0
TXN004930,ACC0970,M005,FitFuel,Health,435,UPI,2026-06-12 11:37:30,SUCCESS,11,0.0
TXN004931,ACC0970,M001,TechKart,Electronics,2766,Card,2026-07-23 11:37:30,SUCCESS,11,59040.0
TXN004932,ACC0970,M001,TechKart,Electronics,2235,Wallet,2026-07-14 11:37:30,SUCCESS,11,-12960.0
TXN004933,ACC0970,M002,StyleHub,Fashion,1483,UPI,2026-07-18 11:37:30,SUCCESS,11,5760.0
TXN004934,ACC0971,M005,FitFuel,Health,1862,Card,2026-07-24 11:37:30,SUCCESS,11,
TXN004935,ACC0971,M003,FreshMart,Grocery,834,Wallet,2026-07-28 11:37:30,SUCCESS,11,5760.0
TXN004936,ACC0971,M004,HomeNest,Furniture,9372,UPI,2026-08-17 11:37:30,SUCCESS,11,28800.0
TXN004937,ACC0972,M003,FreshMart,Grocery,1497,UPI,2026-09-02 11:37:30,SUCCESS,11,
TXN004938,ACC0972,M003,FreshMart,Grocery,590,UPI,2026-09-06 11:37:30,SUCCESS,11,5760.0
TXN004939,ACC0972,M005,FitFuel,Health,668,Wallet,2026-09-06 11:37:30,SUCCESS,11,0.0
TXN004940,ACC0973,M003,FreshMart,Grocery,659,UPI,2026-08-06 11:37:30,SUCCESS,11,
TXN004941,ACC0973,M003,FreshMart,Grocery,1317,UPI,2026-08-16 11:37:30,SUCCESS,11,14400.0
TXN004942,ACC0973,M001,TechKart,Electronics,2847,Card,2026-09-05 11:37:30,SUCCESS,11,28800.0
TXN004943,ACC0974,M002,StyleHub,Fashion,1602,UPI,2026-07-08 11:37:30,SUCCESS,11,
TXN004944,ACC0974,M002,StyleHub,Fashion,1662,UPI,2026-07-15 11:37:30,SUCCESS,11,10080.0
TXN004945,ACC0974,M002,StyleHub,Fashion,2140,UPI,2026-07-22 11:37:30,SUCCESS,11,10080.0
TXN004946,ACC0974,M001,TechKart,Electronics,4401,Card,2026-08-19 11:37:30,SUCCESS,11,40320.0
TXN004947,ACC0974,M003,FreshMart,Grocery,183,Wallet,2026-09-02 11:37:30,SUCCESS,11,20160.0
TXN004948,ACC0974,M004,HomeNest,Furniture,8775,Card,2026-09-21 11:37:30,SUCCESS,11,27360.0
TXN004949,ACC0974,M005,FitFuel,Health,901,UPI,2026-10-06 11:37:30,SUCCESS,11,21600.0
TXN004950,ACC0975,M004,HomeNest,Furniture,4037,UPI,2026-06-23 11:37:30,SUCCESS,11,
TXN004951,ACC0975,M004,HomeNest,Furniture,5367,UPI,2026-06-29 11:37:30,SUCCESS,11,8640.0
TXN004952,ACC0975,M002,StyleHub,Fashion,1345,UPI,2026-07-03 11:37:30,SUCCESS,11,5760.0
TXN004953,ACC0975,M004,HomeNest,Furniture,8609,UPI,2026-07-17 11:37:30,SUCCESS,11,20160.0
TXN004954,ACC0975,M005,FitFuel,Health,2466,UPI,2026-08-18 11:37:30,SUCCESS,11,46080.0
TXN004955,ACC0975,M001,TechKart,Electronics,1859,UPI,2026-08-17 11:37:30,SUCCESS,11,-1440.0
TXN004956,ACC0975,M005,FitFuel,Health,2284,Wallet,2026-07-29 11:37:30,SUCCESS,11,-27360.0
TXN004957,ACC0975,M002,StyleHub,Fashion,952,Card,2026-10-06 11:37:30,SUCCESS,11,99360.0
TXN004958,ACC0976,M005,FitFuel,Health,1884,UPI,2026-08-11 11:37:30,SUCCESS,11,
TXN004959,ACC0976,M005,FitFuel,Health,827,UPI,2026-08-19 11:37:30,SUCCESS,11,11520.0
TXN004960,ACC0976,M004,HomeNest,Furniture,2595,Wallet,2026-08-27 11:37:30,SUCCESS,11,11520.0
TXN004961,ACC0976,M005,FitFuel,Health,1971,UPI,2026-09-13 11:37:30,SUCCESS,11,24480.0
TXN004962,ACC0977,M005,FitFuel,Health,932,Card,2026-07-17 11:37:30,SUCCESS,11,
TXN004963,ACC0977,M005,FitFuel,Health,1315,UPI,2026-07-30 11:37:30,SUCCESS,11,18720.0
TXN004964,ACC0977,M005,FitFuel,Health,2255,NetBanking,2026-08-14 11:37:30,SUCCESS,11,21600.0
TXN004965,ACC0977,M005,FitFuel,Health,2408,UPI,2026-08-10 11:37:30,SUCCESS,11,-5760.0
TXN004966,ACC0978,M002,StyleHub,Fashion,1924,Wallet,2026-07-08 11:37:30,SUCCESS,11,
TXN004967,ACC0978,M001,TechKart,Electronics,3266,UPI,2026-07-16 11:37:30,SUCCESS,11,11520.0
TXN004968,ACC0978,M005,FitFuel,Health,1007,UPI,2026-07-20 11:37:30,SUCCESS,11,5760.0
TXN004969,ACC0978,M003,FreshMart,Grocery,1395,NetBanking,2026-08-22 11:37:30,SUCCESS,11,47520.0
TXN004970,ACC0978,M003,FreshMart,Grocery,559,Card,2026-07-20 11:37:30,SUCCESS,11,-47520.0
TXN004971,ACC0979,M005,FitFuel,Health,646,UPI,2026-08-10 11:37:30,SUCCESS,11,
TXN004972,ACC0979,M004,HomeNest,Furniture,2080,UPI,2026-08-14 11:37:30,SUCCESS,11,5760.0
TXN004973,ACC0979,M003,FreshMart,Grocery,759,UPI,2026-08-16 11:37:30,SUCCESS,11,2880.0
TXN004974,ACC0979,M004,HomeNest,Furniture,9618,UPI,2026-09-15 11:37:30,SUCCESS,11,43200.0
TXN004975,ACC0979,M005,FitFuel,Health,575,Wallet,2026-10-09 11:37:30,SUCCESS,11,34560.0
TXN004976,ACC0979,M002,StyleHub,Fashion,538,NetBanking,2026-09-09 11:37:30,SUCCESS,11,-43200.0
TXN004977,ACC0979,M005,FitFuel,Health,589,UPI,2026-10-27 11:37:30,SUCCESS,11,69120.0
TXN004978,ACC0980,M005,FitFuel,Health,2330,UPI,2026-09-01 11:37:30,SUCCESS,11,
TXN004979,ACC0980,M005,FitFuel,Health,2225,UPI,2026-09-13 11:37:30,SUCCESS,11,17280.0
TXN004980,ACC0981,M004,HomeNest,Furniture,7279,UPI,2026-06-17 11:37:30,SUCCESS,11,
TXN004981,ACC0981,M004,HomeNest,Furniture,4434,UPI,2026-06-29 11:37:30,SUCCESS,11,17280.0
TXN004982,ACC0981,M002,StyleHub,Fashion,1615,Wallet,2026-07-15 11:37:30,SUCCESS,11,23040.0
TXN004983,ACC0981,M005,FitFuel,Health,919,UPI,2026-07-08 11:37:30,SUCCESS,11,-10080.0
TXN004984,ACC0981,M002,StyleHub,Fashion,1779,NetBanking,2026-07-03 11:37:30,SUCCESS,11,-7200.0
TXN004985,ACC0981,M005,FitFuel,Health,2284,Wallet,2026-06-27 11:37:30,SUCCESS,11,-8640.0
TXN004986,ACC0982,M001,TechKart,Electronics,2938,Card,2026-06-18 11:37:30,SUCCESS,11,
TXN004987,ACC0982,M004,HomeNest,Furniture,3024,Wallet,2026-06-29 11:37:30,SUCCESS,11,15840.0
TXN004988,ACC0982,M005,FitFuel,Health,439,Card,2026-07-10 11:37:30,SUCCESS,11,15840.0
TXN004989,ACC0982,M003,FreshMart,Grocery,973,UPI,2026-08-02 11:37:30,SUCCESS,11,33120.0
TXN004990,ACC0982,M001,TechKart,Electronics,4681,Card,2026-06-26 11:37:30,SUCCESS,11,-53280.0
TXN004991,ACC0983,M004,HomeNest,Furniture,7043,UPI,2026-06-15 11:37:30,SUCCESS,11,
TXN004992,ACC0983,M005,FitFuel,Health,2063,Card,2026-06-18 11:37:30,SUCCESS,11,4320.0
TXN004993,ACC0983,M002,StyleHub,Fashion,1589,NetBanking,2026-07-03 11:37:30,SUCCESS,11,21600.0
TXN004994,ACC0984,M003,FreshMart,Grocery,1155,UPI,2026-07-26 11:37:30,SUCCESS,11,
TXN004995,ACC0984,M002,StyleHub,Fashion,1702,UPI,2026-08-08 11:37:30,SUCCESS,11,18720.0
TXN004996,ACC0985,M004,HomeNest,Furniture,7410,Card,2026-06-11 11:37:30,SUCCESS,11,
TXN004997,ACC0985,M004,HomeNest,Furniture,2794,UPI,2026-06-26 11:37:30,SUCCESS,11,21600.0
TXN004998,ACC0986,M002,StyleHub,Fashion,1094,UPI,2026-07-03 11:37:30,SUCCESS,11,
TXN004999,ACC0986,M001,TechKart,Electronics,2649,UPI,2026-07-10 11:37:30,SUCCESS,11,10080.0
TXN005000,ACC0986,M005,FitFuel,Health,1034,Wallet,2026-07-31 11:37:30,SUCCESS,11,30240.0
TXN005001,ACC0986,M003,FreshMart,Grocery,1423,Card,2026-07-15 11:37:30,SUCCESS,11,-23040.0
TXN005002,ACC0986,M005,FitFuel,Health,590,Card,2026-08-16 11:37:30,SUCCESS,11,46080.0
TXN005003,ACC0987,M002,StyleHub,Fashion,2282,UPI,2026-07-04 11:37:30,SUCCESS,11,
TXN005004,ACC0987,M002,StyleHub,Fashion,1603,NetBanking,2026-07-10 11:37:30,SUCCESS,11,8640.0
TXN005005,ACC0987,M003,FreshMart,Grocery,1068,UPI,2026-07-16 11:37:30,SUCCESS,11,8640.0
TXN005006,ACC0987,M001,TechKart,Electronics,3019,UPI,2026-08-06 11:37:30,SUCCESS,11,30240.0
TXN005007,ACC0987,M004,HomeNest,Furniture,8142,Wallet,2026-07-12 11:37:30,SUCCESS,11,-36000.0
TXN005008,ACC0987,M002,StyleHub,Fashion,1323,UPI,2026-08-13 11:37:30,SUCCESS,11,46080.0
TXN005009,ACC0988,M004,HomeNest,Furniture,5387,UPI,2026-09-03 11:37:30,SUCCESS,11,
TXN005010,ACC0988,M005,FitFuel,Health,592,Card,2026-09-17 11:37:30,SUCCESS,11,20160.0
TXN005011,ACC0989,M005,FitFuel,Health,1763,UPI,2026-08-30 11:37:30,SUCCESS,11,
TXN005012,ACC0989,M002,StyleHub,Fashion,1081,NetBanking,2026-09-12 11:37:30,SUCCESS,11,18720.0
TXN005013,ACC0989,M003,FreshMart,Grocery,310,UPI,2026-09-21 11:37:30,SUCCESS,11,12960.0
TXN005014,ACC0989,M002,StyleHub,Fashion,1447,UPI,2026-09-23 11:37:30,SUCCESS,11,2880.0
TXN005015,ACC0989,M001,TechKart,Electronics,3700,UPI,2026-10-29 11:37:30,SUCCESS,11,51840.0
TXN005016,ACC0989,M003,FreshMart,Grocery,1265,Card,2026-10-04 11:37:30,SUCCESS,11,-36000.0
TXN005017,ACC0989,M001,TechKart,Electronics,3429,NetBanking,2026-11-16 11:37:30,SUCCESS,11,61920.0
TXN005018,ACC0990,M005,FitFuel,Health,1907,Card,2026-08-01 11:37:30,SUCCESS,11,
TXN005019,ACC0990,M005,FitFuel,Health,779,Wallet,2026-08-06 11:37:30,SUCCESS,11,7200.0
TXN005020,ACC0990,M004,HomeNest,Furniture,8727,UPI,2026-08-05 11:37:30,SUCCESS,11,-1440.0
TXN005021,ACC0990,M003,FreshMart,Grocery,173,Card,2026-08-07 11:37:30,SUCCESS,11,2880.0
TXN005022,ACC0990,M001,TechKart,Electronics,3351,UPI,2026-09-30 11:37:30,SUCCESS,11,77760.0
TXN005023,ACC0991,M003,FreshMart,Grocery,187,Wallet,2026-08-19 11:37:30,SUCCESS,11,
TXN005024,ACC0991,M005,FitFuel,Health,912,UPI,2026-08-24 11:37:30,SUCCESS,11,7200.0
TXN005025,ACC0991,M005,FitFuel,Health,398,Card,2026-09-16 11:37:30,SUCCESS,11,33120.0
TXN005026,ACC0991,M004,HomeNest,Furniture,5224,Card,2026-09-21 11:37:30,SUCCESS,11,7200.0
TXN005027,ACC0992,M005,FitFuel,Health,1822,Wallet,2026-08-29 11:37:30,SUCCESS,11,
TXN005028,ACC0992,M005,FitFuel,Health,1935,Card,2026-09-08 11:37:30,SUCCESS,11,14400.0
TXN005029,ACC0992,M001,TechKart,Electronics,4443,UPI,2026-09-10 11:37:30,SUCCESS,11,2880.0
TXN005030,ACC0992,M002,StyleHub,Fashion,2004,UPI,2026-09-04 11:37:30,SUCCESS,11,-8640.0
TXN005031,ACC0992,M003,FreshMart,Grocery,335,Wallet,2026-10-12 11:37:30,SUCCESS,11,54720.0
TXN005032,ACC0992,M003,FreshMart,Grocery,1045,Card,2026-10-08 11:37:30,SUCCESS,11,-5760.0
TXN005033,ACC0992,M002,StyleHub,Fashion,1369,UPI,2026-09-28 11:37:30,SUCCESS,11,-14400.0
TXN005034,ACC0992,M002,StyleHub,Fashion,1219,UPI,2026-10-24 11:37:30,SUCCESS,11,37440.0
TXN005035,ACC0993,M003,FreshMart,Grocery,689,NetBanking,2026-06-18 11:37:30,SUCCESS,11,
TXN005036,ACC0993,M005,FitFuel,Health,518,Card,2026-06-28 11:37:30,SUCCESS,11,14400.0
TXN005037,ACC0993,M004,HomeNest,Furniture,5992,UPI,2026-07-18 11:37:30,SUCCESS,11,28800.0
TXN005038,ACC0994,M004,HomeNest,Furniture,9936,UPI,2026-06-18 11:37:30,SUCCESS,11,
TXN005039,ACC0994,M001,TechKart,Electronics,1762,Card,2026-06-22 11:37:30,SUCCESS,11,5760.0
TXN005040,ACC0994,M001,TechKart,Electronics,3111,NetBanking,2026-07-10 11:37:30,SUCCESS,11,25920.0
TXN005041,ACC0994,M001,TechKart,Electronics,2435,Card,2026-06-27 11:37:30,SUCCESS,11,-18720.0
TXN005042,ACC0994,M004,HomeNest,Furniture,5101,UPI,2026-07-04 11:37:30,SUCCESS,11,10080.0
TXN005043,ACC0994,M005,FitFuel,Health,1429,Card,2026-07-23 11:37:30,SUCCESS,11,27360.0
TXN005044,ACC0994,M001,TechKart,Electronics,3609,UPI,2026-08-17 11:37:30,SUCCESS,11,36000.0
TXN005045,ACC0995,M001,TechKart,Electronics,1712,Card,2026-08-04 11:37:30,SUCCESS,11,
TXN005046,ACC0995,M001,TechKart,Electronics,3218,Wallet,2026-08-12 11:37:30,SUCCESS,11,11520.0
TXN005047,ACC0995,M002,StyleHub,Fashion,1001,UPI,2026-09-01 11:37:30,SUCCESS,11,28800.0
TXN005048,ACC0995,M005,FitFuel,Health,2226,Card,2026-08-19 11:37:30,SUCCESS,11,-18720.0
TXN005049,ACC0995,M004,HomeNest,Furniture,9798,UPI,2026-09-09 11:37:30,SUCCESS,11,30240.0
TXN005050,ACC0996,M004,HomeNest,Furniture,7950,Card,2026-07-30 11:37:30,SUCCESS,11,
TXN005051,ACC0996,M001,TechKart,Electronics,1927,Wallet,2026-08-13 11:37:30,SUCCESS,11,20160.0
TXN005052,ACC0996,M001,TechKart,Electronics,4435,Card,2026-08-09 11:37:30,SUCCESS,11,-5760.0
TXN005053,ACC0996,M004,HomeNest,Furniture,8110,UPI,2026-08-17 11:37:30,SUCCESS,11,11520.0
TXN005054,ACC0996,M005,FitFuel,Health,1688,Card,2026-09-12 11:37:30,SUCCESS,11,37440.0
TXN005055,ACC0996,M003,FreshMart,Grocery,1012,NetBanking,2026-09-23 11:37:30,SUCCESS,11,15840.0
TXN005056,ACC0996,M004,HomeNest,Furniture,5343,UPI,2026-09-22 11:37:30,SUCCESS,11,-1440.0
TXN005057,ACC0997,M003,FreshMart,Grocery,1330,UPI,2026-08-11 11:37:30,SUCCESS,11,
TXN005058,ACC0997,M003,FreshMart,Grocery,625,Wallet,2026-08-13 11:37:30,SUCCESS,11,2880.0
TXN005059,ACC0997,M004,HomeNest,Furniture,2603,Card,2026-08-19 11:37:30,SUCCESS,11,8640.0
TXN005060,ACC0997,M001,TechKart,Electronics,1862,UPI,2026-08-29 11:37:30,SUCCESS,11,14400.0
TXN005061,ACC0997,M005,FitFuel,Health,2136,UPI,2026-10-10 11:37:30,SUCCESS,11,60480.0
TXN005062,ACC0998,M001,TechKart,Electronics,3508,Wallet,2026-06-29 11:37:30,SUCCESS,11,
TXN005063,ACC0998,M004,HomeNest,Furniture,3937,UPI,2026-07-01 11:37:30,SUCCESS,11,2880.0
TXN005064,ACC0998,M002,StyleHub,Fashion,2177,NetBanking,2026-07-15 11:37:30,SUCCESS,11,20160.0
TXN005065,ACC0998,M001,TechKart,Electronics,1858,Card,2026-07-20 11:37:30,SUCCESS,11,7200.0
TXN005066,ACC0998,M001,TechKart,Electronics,4313,UPI,2026-08-16 11:37:30,SUCCESS,11,38880.0
TXN005067,ACC0999,M005,FitFuel,Health,794,UPI,2026-06-16 11:37:30,SUCCESS,11,
TXN005068,ACC0999,M005,FitFuel,Health,479,Card,2026-06-21 11:37:30,SUCCESS,11,7200.0
TXN005069,ACC1000,M002,StyleHub,Fashion,518,UPI,2026-08-27 11:37:30,SUCCESS,11,
TXN005070,ACC1000,M001,TechKart,Electronics,2948,UPI,2026-08-31 11:37:30,SUCCESS,11,5760.0
TXN005071,ACC1000,M002,StyleHub,Fashion,2284,Card,2026-09-22 11:37:30,SUCCESS,11,31680.0
